504403158281345432
1369094286754678403
1297036692707516821
1297036692707674028
576460752347478737
1369094286740551878
864691128474181472
1297036692704633199
576460752357020130
1224979098687223600
576460752324359505
576460752318858314
504403158293833965
1297036692699992609
1008806316551184118
1369094286751389348
576460752324427699
504403158285321341
1008806316552507498
1224979098660304283
648518346356088725
864691128481879972
504403158294034644
1224979098661979258
1224979098681236559
648518346357871551
864691128476875292
1297036692701921091
648518346357851282
1297036692721927582
648518346386383337
576460752365537044
504403158299700301
1224979098660019415
1369094286737161373
1369094286739015664
504403158283883522
504403158287499539
864691128478188189
1224979098660295908
864691128497981993
576460752343775167
1008806316547495759
648518346361713373
504403158281229046
1008806316547512416
1008806316580779549
576460752324439303
1224979098664718055
504403158282570343
504403158281345432
1369094286754678403
1297036692707516821
1297036692707674028
576460752347478737
1369094286740551878
864691128474181472
1297036692704633199
576460752357020130
1224979098687223600
576460752324359505
576460752318858314
504403158293833965
1297036692699992609
1008806316551184118
1369094286751389348
576460752324427699
504403158285321341
1008806316552507498
1224979098660304283
648518346356088725
864691128481879972
504403158294034644
1224979098661979258
1224979098681236559
648518346357871551
864691128476875292
1297036692701921091
648518346357851282
1297036692721927582
648518346386383337
576460752365537044
504403158299700301
1224979098660019415
1369094286737161373
1369094286739015664
504403158283883522
504403158287499539
864691128478188189
1224979098660295908
864691128497981993
576460752343775167
1008806316547495759
648518346361713373
504403158281229046
1008806316547512416
1008806316580779549
576460752324439303
1224979098664718055
504403158282570343
504403158285309776
1369094286739685235
1224979098660633511
504403158285010752
504403158284624429
504403158281520982
648518346378898621
504403158281233037
864691128473563211
576460752354770266
648518346356820184
1369094286737066919
1369094286750895647
648518346354068916
504403158286723639
576460752347121836
1297036692700178824
576460752318309719
576460752319601074
648518346355497223
1369094286737300068
1297036692700779188
1297036692699947464
1224979098664799052
504403158281341625
504403158283135033
576460752355467719
576460752343748025
504403158286655206
504403158297635446
504403158284586769
864691128481830520
864691128504721185
504403158281237127
1008806316553746115
576460752341013543
1008806316547715187
1369094286741717819
1224979098661466215
1297036692714740695
576460752324732264
1369094286742975575
648518346375709928
576460752320400074
1224979098681546420
1297036692706148974
864691128498129631
576460752347156967
504403158281715475
1224979098660124415
1224979098687482075
864691128497921507
1008806316562555238
648518346354629979
504403158297845208
864691128479838226
1224979098670435991
1369094286754870805
504403158281345432
648518346378898621
576460752324732264
1224979098661950789
504403158281323233
1008806316551265194
1008806316551183005
1224979098665916470
504403158286739846
1224979098687717681
576460752347546915
648518346375600265
504403158300624331
1369094286737157542
1224979098678472930
1369094286737169167
864691128500871306
576460752317913208
648518346361616051
576460752317374211
576460752324425046
648518346355992960
1008806316562671939
504403158281237004
1008806316553863852
648518346373481739
1008806316557188624
1297036692704687899
1008806316570013254
1008806316570055735
1297036692707662591
648518346354066207
1224979098666038119
1008806316562312792
864691128478049139
1297036692709661993
1224979098667224363
1008806316552456679
504403158281235767
648518346373597824
1008806316573231236
504403158297621783
1008806316570477548
864691128476025330
1224979098660014435
576460752324384544
1224979098667224329
1297036692707636217
1297036692709489059
1297036692701385990
504403158281701146
1369094286739819394
648518346354608410
648518346361618844
1008806316551183005
1008806316553863852
648518346368605161
1369094286740533421
1008806316548878195
1008806316555564514
1224979098660024085
648518346354607746
864691128512052462
1224979098660020226
576460752334305685
864691128472669620
576460752321549182
1297036692721793011
1224979098667226044
1297036692699954004
576460752324377976
1369094286738454567
576460752328058934
1297036692701388180
648518346357791187
576460752321559724
648518346354065946
504403158282057520
1369094286765443404
1224979098661464504
1369094286759954631
1369094286737290045
1369094286737297437
1297036692707627820
864691128479906763
1008806316553771501
504403158281701066
576460752326372653
1224979098661975915
504403158300463902
648518346356894237
1224979098660976478
1224979098660962339
1369094286751413280
1369094286754678403
864691128478049139
648518346354607746
504403158281331540
1297036692701942685
864691128474166417
1369094286746825398
576460752317899272
648518346369266969
648518346373655145
504403158281233191
648518346386976872
1297036692701318710
648518346364007508
1297036692699954414
648518346354611838
576460752328327167
648518346354069088
576460752319507141
576460752322809719
576460752321550863
504403158293812487
864691128498000727
1369094286737064872
1224979098660962824
576460752340997064
1369094286751485771
864691128472669680
1008806316547713220
864691128473614703
648518346356081382
1297036692700188300
1297036692709731777
1297036692700782296
1297036692699985460
1369094286754782783
648518346369274864
576460752354957650
648518346360171348
576460752318910624
1008806316562281388
1369094286743107329
864691128498020061
648518346354990009
504403158306524007
1369094286737307524
1369094286751541052
648518346386320778
1369094286737674538
1224979098662830462
1369094286737080697
1224979098686805126
504403158290098543
864691128474153619
504403158283115716
1369094286744495288
1224979098660634221
648518346355495682
1369094286744411171
648518346358843285
576460752322747050
648518346354113218
648518346356101138
648518346363585547
864691128474150496
1297036692699946969
1224979098661193414
504403158290312799
504403158283139462
1008806316570010461
648518346354632467
1297036692724476543
576460752321657266
1297036692700186223
864691128489482345
1369094286739690213
648518346368935732
1224979098681660082
1224979098666006653
504403158294145546
1369094286756653409
576460752328115738
648518346354066122
1369094286738450445
648518346354318493
1297036692700174353
1297036692716758881
1224979098661954842
1369094286744420181
576460752328208532
1224979098678367723
504403158282569439
1297036692704549648
864691128500879783
1224979098664816241
504403158290197520
648518346373559999
1297036692702621743
504403158296305671
648518346368770801
1369094286756472373
1297036692699947089
504403158281323233
1224979098678472930
648518346368605161
648518346386320778
648518346357915751
504403158289641131
504403158281262864
504403158281518895
1224979098676472011
504403158285410019
1008806316548867233
1008806316547947719
504403158281323577
504403158296367846
648518346354069432
1008806316547466993
864691128479692401
504403158281237180
1297036692721928896
1224979098676469955
1224979098664978159
1224979098687405323
1297036692702688194
1008806316580381195
1297036692714727551
576460752334310670
1224979098665919497
1224979098660117188
1369094286740544712
1224979098680947450
504403158296251675
1369094286739029283
1369094286737074009
1369094286759625130
1297036692731581044
504403158281333848
648518346357903398
576460752322788680
648518346358833002
1297036692731309616
1224979098660415839
1224979098660635274
864691128476932307
1008806316562455785
1008806316548869046
504403158283154814
864691128490173202
1369094286742975575
1369094286751485771
504403158290102003
504403158283115716
1369094286739819806
1297036692699978285
504403158296260250
1008806316548318587
504403158306944442
1224979098674658423
864691128482014526
1008806316552390172
1369094286766041256
1369094286739028400
1224979098686934913
648518346360280562
576460752365752007
1297036692699985318
864691128504459186
1224979098667242681
648518346375550713
1224979098661957828
1008806316555653661
504403158300554136
1369094286737076908
576460752317585315
504403158287453628
1224979098667344392
1369094286746820825
1224979098660027257
504403158296286033
1224979098660014496
648518346375559893
1297036692703665188
1297036692707586146
504403158297732362
504403158283762655
1224979098660119137
504403158281232981
1297036692719893245
1008806316548354565
648518346378718015
504403158282557077
576460752328311141
504403158283118582
1369094286754968835
864691128501078749
864691128500842735
1224979098687510120
576460752344016018
864691128483940327
648518346354065401
1224979098660117917
864691128479838226
576460752343795937
864691128481830520
1224979098665916470
576460752317913208
1008806316570013254
504403158281713588
1224979098687061518
504403158296367846
1008806316547944236
1224979098662685037
1297036692709951806
648518346364027306
1008806316568135748
504403158287468610
864691128476983106
504403158286646623
648518346354310164
1224979098678262384
1297036692701394406
1297036692699950809
1297036692703606871
1369094286746604881
648518346355506083
504403158283900977
1224979098660021043
1008806316548335958
648518346356805066
1224979098663636523
1224979098687708878
864691128475146796
1008806316548910293
1008806316549425900
504403158281443859
1369094286739814268
504403158293964389
504403158281236434
1224979098660296971
576460752320480321
1369094286743071567
648518346355468629
1297036692724737621
1008806316570036619
504403158284605343
648518346357839253
1008806316551208432
1369094286737069699
864691128473161685
1297036692719742736
576460752347648832
1369094286751413280
576460752317373581
1008806316567928500
1297036692714727551
1369094286741694951
504403158300355195
1369094286768850650
504403158281451275
1297036692700769986
1369094286746779904
1008806316555580721
576460752322894203
504403158297640200
504403158297643039
576460752317582487
864691128500750114
1008806316580735983
1224979098661951412
504403158281245056
576460752318316238
504403158282567674
1224979098660120944
648518346354316107
1297036692719738965
1224979098660620543
576460752317588397
1369094286760296029
1297036692700167437
1369094286737167035
504403158282554167
1224979098681902946
1008806316553726430
1369094286746890549
864691128474158985
1224979098660300250
864691128473549247
864691128475747896
576460752320397656
1369094286756608496
1224979098684946586
504403158297849623
1008806316548363572
576460752355028339
576460752341304174
1369094286754170511
1008806316548340924
504403158285445474
648518346354112341
504403158296269423
648518346361705186
504403158296240128
1224979098678323833
1297036692707516821
1369094286741694951
1224979098676357255
504403158307041845
1008806316570097962
864691128474978647
1369094286765547624
864691128524994309
576460752334142429
1224979098666019980
1369094286744418889
864691128478205427
1008806316555653661
864691128474172192
1369094286737067211
648518346358754973
1297036692700403574
1369094286737300946
1224979098660023273
1369094286737068583
1008806316567887483
1369094286765448477
1224979098686971776
576460752317374256
504403158281449513
648518346354070691
1224979098664712977
1297036692703692169
504403158281703039
1297036692700174021
1369094286737662501
1369094286737066818
504403158293833965
576460752328257028
1369094286754973304
576460752328100767
1008806316567973102
576460752318252762
1008806316549373659
1224979098660306211
576460752359151664
1224979098662837317
864691128483977763
648518346356110137
648518346356891757
1008806316548898269
1008806316552411021
576460752359087228
1008806316547945984
1008806316562355077
864691128490173202
1224979098661080282
576460752319577773
1297036692719812406
1369094286740423996
1369094286766010360
504403158281333832
576460752343945157
504403158281701146
576460752334051721
648518346360159655
1369094286739819394
1224979098674329925
1369094286739674577
1369094286737069276
648518346354970740
864691128501017376
1297036692707674028
576460752347478737
864691128474181472
864691128504721185
1369094286741717819
1297036692714740695
576460752320400074
1224979098660124415
864691128474909917
576460752333596557
1369094286754791365
648518346375600265
1369094286737169167
648518346373597824
504403158281713588
1369094286737187800
1369094286737658120
648518346363875488
1369094286740533421
1369094286765443404
1224979098661464504
648518346356894237
576460752365552400
504403158281233191
576460752322809719
576460752318910624
576460752344051306
648518346363585547
1369094286744431930
1008806316555542083
864691128490173202
1369094286737069276
864691128476923259
504403158297598906
1369094286737291060
1224979098669687153
1224979098674791442
504403158282143930
504403158281233037
648518346375709928
576460752320400074
1008806316548878195
1008806316555564514
1224979098660024085
648518346357791187
648518346357915751
504403158289641131
504403158281237180
504403158293964389
864691128524994309
576460752334142429
1224979098666019980
504403158281703039
864691128483977763
1297036692709815011
1224979098660013981
1369094286744465911
648518346358729408
1224979098678480067
1224979098687334905
1224979098661462048
1369094286737955461
864691128479880886
1008806316547965903
1297036692709366939
504403158287405509
1008806316555591267
1369094286760295067
504403158296251629
1369094286739683543
504403158281230021
1297036692724911344
1008806316547502753
1224979098660022227
1224979098664714561
864691128475738863
1224979098660014450
576460752317852830
1369094286737945083
576460752322723501
1369094286739014544
1224979098669729127
1008806316570477548
1297036692702699407
1297036692701385990
1008806316547945984
1224979098661080282
648518346360159655
1369094286739674577
504403158297598906
1369094286737952475
1224979098678477321
1008806316567928500
1224979098670435991
1369094286746490769
1369094286754870805
504403158286722920
1297036692703609311
864691128473550138
864691128501017376
576460752347478737
1369094286740551878
1297036692704633199
504403158281233037
504403158286739846
648518346361616051
1008806316562671939
1008806316579953229
648518346363875488
648518346354607746
576460752326372653
1008806316547711357
1369094286751375720
1008806316570098226
576460752326413397
1297036692701942685
1369094286754782783
1369094286743107329
504403158287424174
648518346356101138
504403158285410019
1224979098665919497
1297036692703606871
576460752343667708
1008806316570097962
1369094286744418889
1369094286756732868
1297036692709499299
576460752328189980
1224979098682308697
504403158281519555
1224979098667240838
1297036692707684670
504403158286650861
648518346354068647
1008806316570136447
648518346358833002
1369094286744508411
1369094286737302545
576460752326375808
1369094286737666559
1008806316553811098
1224979098670677212
504403158285307396
576460752319507396
648518346375740796
1224979098660622006
504403158286656625
504403158281245056
1224979098660614402
1369094286743124862
1224979098660015793
576460752320388738
1369094286738447398
1369094286737684481
648518346354066288
576460752326296330
1008806316547510798
648518346354065780
1369094286750795362
1297036692699980729
1369094286738451658
1369094286740492231
1297036692721828029
1008806316547961934
648518346356073579
1008806316580681972
504403158282551524
1297036692719839557
576460752326246337
648518346361725774
1369094286744431497
864691128476969713
648518346363711417
504403158282138285
1369094286740536627
1224979098660614296
1224979098661979748
1008806316547472952
864691128479878965
1369094286743072097
1369094286738438197
864691128476948366
504403158297845208
648518346360148563
576460752324482418
1008806316553663508
1224979098660109837
1297036692721782384
648518346375600265
648518346373597824
576460752354957650
864691128479692401
1297036692700415572
576460752326283397
1369094286751392946
864691128483970464
576460752317374826
1297036692721762101
1224979098686900838
1224979098661953492
576460752347740866
576460752321611299
864691128489475199
1297036692731630995
504403158307433833
648518346386493727
648518346358833560
648518346355465269
1008806316548349188
648518346360155255
864691128489543098
576460752347886737
1224979098667361621
576460752343985571
1224979098661470816
648518346379366513
648518346386344940
1369094286754865942
576460752318343277
1224979098674963592
1297036692706203729
576460752317577138
1008806316547711265
1369094286737175725
1297036692724610082
1008806316562458091
504403158281813401
1008806316552406291
648518346363829401
1369094286744511488
1297036692731309616
576460752324376039
504403158281704768
864691128501022393
1224979098660415839
576460752317568771
648518346378866391
1008806316548346836
648518346355498235
648518346363715347
864691128481827863
648518346378748942
648518346354065325
504403158281345356
504403158290732273
1297036692700770797
504403158282049386
1008806316568124490
1369094286737161564
504403158299714157
576460752326200894
1369094286737067392
1369094286754665336
504403158289708149
1224979098660947402
648518346379003047
1297036692699948034
1008806316550038189
864691128473161197
1224979098661195227
504403158286764522
1224979098660104996
504403158285010752
1297036692701385990
1297036692699947089
648518346360159655
1369094286739674577
1224979098660109837
504403158286722920
648518346354635353
648518346354608650
648518346355487761
648518346354970740
648518346356218950
1297036692703609311
1369094286737672138
1369094286740551878
864691128474181472
1297036692704633199
576460752357020130
1224979098687223600
576460752324359505
864691128473563211
576460752354770266
1297036692700178824
1297036692700779188
1369094286737157542
864691128500871306
1224979098666038119
504403158284590335
864691128481824417
1224979098667226044
504403158282057520
1224979098661946409
504403158292707708
504403158281331540
648518346373655145
648518346364007508
1369094286737064872
576460752340997064
504403158306795599
576460752365899390
1224979098687405323
1369094286739029283
864691128475146796
864691128478205427
1008806316555653661
864691128474172192
1369094286737067211
1369094286737300946
648518346354070691
504403158281336295
648518346355515085
504403158296305671
504403158283123372
864691128473550138
1297036692721782384
504403158284611056
864691128501017376
648518346354608410
648518346355997295
576460752341107976
576460752318858314
648518346356820184
504403158297621783
1369094286737658120
864691128512052462
1224979098661975915
648518346356100152
1224979098676469955
648518346358754973
1008806316549373659
1224979098670215338
1369094286737084496
576460752317376094
1008806316553758868
576460752317898304
1224979098660013981
504403158285473510
1369094286740547790
1297036692731581044
1224979098665910244
504403158296251629
1369094286739683543
1008806316573051194
576460752317907968
504403158281242250
1297036692701322214
864691128472667670
1297036692724445025
648518346356887068
1008806316548351387
1297036692731630995
1008806316568118297
648518346363699015
1008806316562617184
1369094286759938352
1224979098660014922
1224979098660108425
864691128473169054
1297036692702681607
504403158281525119
576460752343783001
648518346354998160
576460752328311889
1224979098674791442
504403158282143930
504403158281233037
504403158286723639
576460752347546915
504403158294125323
576460752317899272
1297036692699985460
504403158281262864
576460752318931901
1297036692700403574
1369094286737300946
504403158281236593
504403158281331938
864691128473613973
576460752328189980
1224979098660123154
1369094286740547790
1369094286738462374
504403158287409502
576460752317901055
504403158281813547
1224979098678461889
648518346373492030
648518346368775243
648518346360203484
1008806316580003468
576460752317578955
504403158287405509
1369094286739683543
1008806316549499503
1224979098660013996
1297036692707638928
504403158282561861
576460752321677188
576460752334141988
504403158297599175
576460752347242043
1224979098660303191
864691128472667580
1224979098660961535
1369094286742979282
1369094286751392946
864691128483970464
576460752317374826
576460752347740866
504403158283793015
504403158284611056
504403158299833876
1224979098660020226
576460752334305685
1008806316547947719
1224979098680947450
1369094286746604924
1369094286737080073
504403158287453628
576460752319576521
576460752317574503
648518346356100486
1224979098674963592
576460752317577138
1297036692731309616
1297036692702723899
1224979098660628619
1008806316548910875
1008806316580314722
1297036692714478193
1297036692706218742
648518346378704715
504403158283908591
1297036692719813644
864691128504521034
864691128498246792
504403158282549126
1008806316547953944
504403158281450964
648518346357906654
1369094286738455346
504403158281229406
648518346368645090
864691128524974156
576460752317373551
504403158285446143
1224979098665905449
864691128476930668
504403158294034644
1008806316573139258
576460752334317722
648518346369089342
864691128513052186
1297036692700186223
1297036692701924857
1297036692724732897
504403158283762655
504403158281229271
1008806316568048483
504403158283143207
648518346378919299
648518346361618844
576460752318858314
576460752321550863
504403158307041845
1369094286737076908
1224979098660291064
576460752324376039
648518346378866391
864691128472669560
648518346360162776
1224979098681329373
576460752326416752
1369094286737174972
648518346357842164
864691128504429679
864691128490079863
504403158285421295
1297036692703611650
1369094286737073906
576460752319527697
1297036692700768404
1008806316547466198
648518346373559952
1369094286737065947
1008806316549376270
1224979098660110866
864691128480174555
504403158283764892
864691128490140358
1297036692706195165
864691128481996742
504403158281519405
576460752318857640
1008806316555408808
1224979098681963964
504403158281336690
1224979098663641578
1369094286737679340
576460752319491940
648518346354621925
1224979098660119137
1008806316557065016
864691128497988652
648518346368759366
1224979098661477612
576460752318356593
1224979098676493423
1369094286759437748
864691128473626103
576460752347648832
504403158281520982
504403158281697403
504403158286655206
504403158284586769
1369094286754974490
1224979098660023273
1369094286737068583
648518346369078040
504403158283139462
1297036692724732897
504403158281717697
504403158306799630
648518346354612421
1224979098660111101
576460752318261044
1297036692701939561
1297036692699950931
504403158304553654
504403158299896846
504403158281236772
864691128504997782
648518346357788198
1369094286741774681
1369094286754733335
1224979098661086064
864691128501033490
1297036692701385511
1008806316562328689
1369094286754739521
1369094286740535239
1008806316573024996
504403158287465415
1297036692700419528
504403158282550584
576460752317374121
1008806316547942555
576460752321637611
504403158287477030
864691128489536551
1008806316570166466
504403158282123438
1224979098661962872
1297036692700868418
1369094286740490808
1008806316550228377
1297036692700783977
576460752347584628
648518346361708221
504403158281514380
1369094286740423996
576460752347723695
1224979098660306211
576460752343829245
864691128513093527
1224979098660016651
504403158281698797
1297036692699953039
1297036692703670959
864691128479676712
1224979098670319079
1224979098674624552
576460752328078132
1224979098676503166
1008806316557208215
864691128513075766
576460752343999584
864691128481892174
576460752330944011
1008806316552407115
1224979098660030631
576460752317373716
1224979098660020653
1224979098661968031
1369094286751224783
1008806316551204069
504403158287818312
864691128504698956
576460752322808818
648518346355498235
864691128512093331
1369094286741604562
1008806316573079968
648518346354316285
1369094286746487230
648518346379012092
864691128472669485
1297036692719940238
1369094286737651985
864691128500989460
648518346363550847
864691128524113896
1224979098666012920
1369094286738445018
1297036692702591489
576460752317373791
1369094286746797180
648518346386591106
576460752317376364
1224979098660765926
864691128476032983
864691128473169618
1297036692719742736
576460752333596557
1008806316552456679
1297036692709951806
1008806316567887483
864691128473154284
1297036692724760132
504403158281230021
576460752326229013
1008806316547700658
648518346358833560
648518346379366513
648518346363699015
1297036692700177959
504403158297617515
1369094286765796332
1297036692699953039
648518346378833600
864691128475853586
504403158286714758
1369094286739737205
1369094286739695457
504403158281232981
1297036692719893245
576460752321624827
1369094286737667040
1008806316547465328
1369094286740423087
864691128477029653
1369094286744452456
1224979098660116887
1297036692701880972
504403158289938373
504403158281713448
1224979098660015074
1297036692706226136
864691128472669050
1008806316550157223
1297036692702605841
1008806316548343834
576460752318344201
864691128504698956
1297036692706206856
1297036692709870925
648518346363689970
648518346355994818
864691128481954374
1008806316553839219
1369094286759940301
1008806316552528653
576460752347304302
648518346354629979
504403158282143930
1369094286739077701
576460752326427545
1369094286737066919
576460752319601074
1008806316553771501
504403158300463902
504403158296260250
504403158281443859
504403158281236434
1369094286765448477
1369094286751680066
864691128500791291
1369094286738462374
504403158281813547
1297036692724911344
1008806316547502753
504403158297781576
864691128481890299
864691128472669050
1369094286738733966
1008806316572963310
1369094286759617131
1297036692721699696
1008806316547960984
1297036692721757955
504403158281229586
648518346357837068
1008806316551209421
576460752317374016
1297036692700780495
1008806316551281673
864691128472670355
864691128474160548
576460752322921392
504403158300382937
576460752321681578
648518346356069727
1369094286743129567
864691128475108657
1008806316570179357
1008806316570206080
1224979098661979258
1224979098661479247
1297036692699947509
648518346355502351
504403158296269423
1369094286739685235
1008806316547945984
1369094286739819394
648518346378898621
504403158281233037
864691128473563211
576460752354770266
648518346356820184
1369094286737066919
1297036692714740695
1224979098667224363
1008806316570097962
1297036692709815011
864691128472882072
1224979098660123154
1008806316580003468
1297036692703665188
648518346358833002
576460752365918511
1297036692706247898
1008806316557017164
504403158293801504
1008806316549497244
864691128483834446
864691128476902214
1224979098667247293
1297036692702705259
1369094286737076007
1008806316573024996
648518346355499947
1224979098674908391
504403158285472597
864691128483993814
1008806316555580721
576460752322894203
1224979098681236559
648518346357871551
1008806316555408882
504403158289917563
1297036692700419528
1008806316551197747
1369094286738455037
1369094286740521201
864691128500825601
864691128481848118
504403158284589420
1224979098681629723
1297036692701391023
864691128481944603
648518346378898621
1369094286750895647
648518346354068916
504403158286723639
576460752347121836
1297036692700178824
1224979098660308754
1224979098675759862
1224979098676466854
864691128473167978
504403158283787810
1224979098661483851
504403158296271339
1297036692714703785
1369094286751137941
504403158282571728
1008806316551197747
1369094286737949781
576460752317339526
504403158290225750
504403158297700992
1008806316547959901
864691128475136249
1008806316547466513
1369094286737078019
576460752326407463
504403158281228476
1008806316547505558
1224979098664793872
648518346357842698
1369094286739010200
1369094286737295478
504403158281329047
1297036692700786371
1008806316555550646
504403158289638788
648518346369168741
1224979098670399349
864691128473538274
864691128473549706
1008806316547502383
504403158283146798
1297036692721660371
1369094286737164982
1008806316570014541
1224979098681522162
1297036692700877427
1369094286746736547
1297036692699952911
1008806316551184321
576460752318309719
864691128525059601
1224979098661455221
1297036692702682550
1369094286737066704
1224979098670545006
504403158281708047
864691128475933308
576460752321655153
648518346361731059
1369094286737065029
1297036692700185808
576460752319601074
648518346355497223
1008806316553918531
576460752318252250
1297036692714532152
504403158289829540
1224979098661481054
576460752326241007
1369094286739809005
1224979098661468707
1008806316549421112
648518346378507601
1369094286754872691
1369094286743079998
504403158285010752
576460752317373581
504403158281520982
1369094286750895647
1369094286737300068
1297036692700779188
1297036692699947464
1224979098664799052
504403158281341625
504403158283135033
576460752355467719
576460752343748025
504403158286655206
1224979098662685037
648518346356075332
1297036692707510382
1369094286750901729
504403158297829459
1224979098669600403
1224979098660964228
504403158285440096
1369094286737157121
1224979098664714561
864691128475738863
1224979098660014450
504403158297746093
576460752326210455
1369094286756607359
1369094286744520163
576460752355082299
1369094286737073300
504403158283908591
1297036692700186223
1297036692699950931
1224979098670319079
1369094286737076007
1224979098667201192
1224979098687076545
1297036692704592317
1369094286751137941
864691128483993814
1369094286738455037
1369094286740521201
504403158281699419
1297036692731901634
504403158281517927
1369094286737663530
504403158284589049
576460752317583986
864691128489373755
1369094286765927501
1224979098676466854
504403158285315721
576460752340999066
1224979098661943131
504403158297695724
1224979098660961615
504403158287417112
1224979098682059632
1369094286738465022
1297036692704573647
648518346373573792
864691128483840034
1224979098675149507
1224979098664819772
864691128475760184
1008806316549366922
1224979098660617613
1369094286746528756
1224979098660615859
1008806316570060273
504403158294060266
1297036692702606073
504403158285401781
1369094286737658061
1369094286737311510
864691128483845195
1297036692704573647
576460752324528380
1008806316555613484
504403158296269423
576460752317405257
1008806316555542083
1297036692707636217
1224979098674905563
648518346354068916
504403158297635446
504403158284586769
864691128481830520
864691128504721185
504403158281237127
1008806316553746115
576460752347546915
648518346354113218
504403158281702109
1297036692701303828
504403158287467335
1297036692732584903
1369094286740547790
648518346375811640
576460752317852830
1008806316550168897
648518346363755666
1297036692703665188
1369094286737071975
1369094286737158108
576460752319491940
576460752321624827
1008806316570176766
1224979098661967336
1369094286737304040
1297036692719951096
504403158284509538
576460752321560442
504403158282571728
864691128500825601
864691128481848118
504403158284589420
1297036692700184593
1224979098661967835
1297036692709802108
1224979098660614719
1224979098660311942
504403158284508456
1224979098660622006
1224979098670652117
1008806316547942555
1008806316547959901
864691128475136249
864691128473167978
1224979098687076545
1224979098664792870
1297036692714553315
864691128512380532
1224979098665911760
576460752334316274
1224979098660956605
576460752317375809
648518346356749931
1297036692699948259
1297036692724884880
1369094286743084790
648518346356790363
576460752317401221
1224979098681521775
1008806316547498666
504403158283787810
504403158281723060
1224979098661086158
1297036692709671436
1224979098661943208
648518346355007964
504403158281813260
576460752355412955
1224979098660620263
1224979098660014435
576460752341013543
504403158297621783
1008806316568135748
648518346355500712
864691128473170097
1224979098660308754
864691128475706585
1297036692701924857
1224979098661483851
1224979098661967336
504403158284591334
1297036692704592317
1224979098661976709
1369094286765641215
1008806316551201419
864691128483993814
1224979098681629723
1369094286737666559
1224979098675157423
504403158297640200
864691128476941987
864691128478054845
576460752365153707
1008806316573268400
1224979098662702210
648518346361615954
1008806316547959901
1297036692700790880
576460752343784013
1369094286754857012
864691128473623124
1297036692709952823
1224979098660299963
1297036692719836491
576460752333842789
648518346354114304
864691128489536551
1008806316548333047
504403158285314727
1008806316547467923
648518346375867531
504403158281516881
576460752344017707
1297036692707736216
576460752317578212
1297036692701940210
1369094286751477290
864691128478051369
504403158286737203
864691128498173984
1297036692719816511
1297036692709376025
648518346360333991
504403158281703428
1008806316547492493
504403158287397546
864691128512109915
1297036692721782293
576460752334123642
1224979098663629741
1224979098660627284
504403158283794444
576460752318877117
1008806316547715187
1369094286741717819
864691128472667580
1297036692699952979
504403158297718919
1297036692701912799
1224979098681941498
1297036692732670587
648518346373597857
1224979098660033068
1224979098660109449
576460752324378965
1369094286754872691
1369094286739685235
648518346368770801
1224979098661466215
1297036692714740695
1369094286737297437
1008806316547944236
576460752328257028
504403158296172607
576460752333940802
648518346357895323
1224979098675081892
1008806316547961072
1297036692714478193
864691128481879972
576460752334098200
504403158293946996
1297036692714703785
1369094286751137941
576460752333902445
1297036692704721157
1297036692700177976
504403158285472597
1369094286738449095
648518346378476068
576460752326422732
1008806316547950280
1297036692701391023
576460752341038710
1369094286746819194
1369094286744410325
1369094286740543449
504403158297819727
1297036692706199958
1008806316549431690
1224979098662695984
504403158297700992
1008806316573298942
576460752347109294
1224979098670516419
576460752319495364
864691128475099972
576460752347711494
1297036692703656780
1369094286739690233
1224979098661077033
1224979098660310303
1297036692714691251
648518346361700003
504403158300430515
576460752324439955
1369094286754959218
1224979098660296457
504403158296271339
576460752317339526
1224979098678323833
576460752324732264
1369094286742975575
648518346375709928
576460752334310670
1224979098661966782
504403158285473068
504403158301222387
1369094286737170366
864691128483836177
1369094286743123635
504403158299924468
1224979098660292897
1297036692719813644
1297036692704721157
864691128504661170
504403158281228656
1224979098660291168
648518346360316231
504403158282571728
576460752326375808
864691128481944603
1224979098660296900
1224979098660311465
576460752317846906
1224979098660312342
576460752317845999
576460752365153707
1008806316547712963
1008806316573319284
576460752341131178
504403158281709033
864691128474190189
1369094286737064639
504403158296396137
648518346358726200
1224979098660032918
504403158282540845
1224979098664820933
1224979098678185207
864691128498142046
864691128500842735
1224979098664806848
1369094286739019079
576460752317566507
1369094286738465423
864691128475749591
864691128473159195
1008806316552440616
504403158285326883
576460752320400074
1224979098681546420
1297036692706148974
864691128498129631
576460752347156967
504403158281715475
1224979098660124415
1369094286746819516
648518346360156148
864691128504521034
576460752324379580
1369094286746758876
576460752317339526
864691128475136249
1297036692706162494
504403158282046093
864691128481931870
576460752365642304
1008806316547467803
1297036692699947689
1224979098676354213
1008806316547499207
576460752319434338
648518346357896982
576460752334231397
576460752318310114
1297036692709370150
1297036692701880233
1369094286759646016
648518346379035599
1224979098660632678
648518346354745233
504403158286768089
648518346354635015
1224979098670676128
648518346386603286
576460752326250281
1369094286739085281
1297036692701892744
504403158287390937
504403158283887690
504403158282048160
1297036692700175974
504403158281697684
1008806316551168878
576460752324429277
1224979098660626754
648518346354619517
1224979098664827089
864691128473155352
1224979098660633511
504403158284624429
1008806316547506280
1369094286744410624
1008806316551167471
1224979098660116431
1369094286737677592
864691128476884663
504403158287404378
1369094286746918976
648518346354997002
864691128504827031
1224979098665911088
1369094286737687357
504403158284584071
864691128504472418
1369094286746768141
1297036692712562149
1369094286737302088
1008806316552522957
864691128473164106
576460752355156573
648518346368924226
1369094286737945083
864691128498149248
648518346356099775
1224979098660113450
1224979098662840631
504403158283791784
1008806316548765127
1297036692700180112
1224979098660308754
1369094286759938352
648518346369099528
1008806316570176766
1297036692704721157
1369094286743003079
1008806316547465898
1008806316573848899
504403158284580497
1369094286744493054
504403158282047042
1297036692724614564
1297036692709377505
1297036692704579442
504403158281699419
1369094286737666559
1224979098660953969
1369094286765797886
1224979098676498345
1224979098667235080
864691128474809114
1224979098670677212
1224979098660614041
1297036692700790005
1224979098660946570
1297036692709952823
648518346354066383
576460752318252250
1224979098660116431
1369094286739010200
504403158281329047
504403158293881438
504403158289953288
1008806316555652371
1369094286740532346
1297036692707512408
504403158289638788
648518346369168741
1224979098670399349
864691128473538274
864691128473549706
504403158283760933
1297036692702699215
648518346356058906
1297036692721840517
504403158306959536
1369094286740488211
1224979098663627580
504403158284578504
1224979098674355559
864691128497887994
864691128524308104
1008806316555553283
1297036692703636686
1297036692719810833
1297036692706184492
1224979098660020725
504403158284592109
1224979098676508703
504403158285309776
576460752326349100
576460752343795937
504403158286723639
576460752347121836
1297036692700178824
1297036692699953054
864691128474909917
576460752333596557
1369094286754791365
1008806316547501735
1224979098667357213
576460752322747050
576460752317376319
1369094286741741068
504403158287465415
1008806316579797104
1008806316551197747
576460752341038710
1008806316548354565
1008806316548889508
504403158290225750
504403158297700992
648518346355000267
1008806316547466513
1008806316550224242
1224979098660311385
1369094286737295478
504403158281329047
1297036692700786371
1008806316555550646
576460752324388180
1297036692700877427
1369094286746736547
576460752321632726
1369094286741610798
1297036692699985186
1369094286738450445
648518346354997037
648518346356807990
648518346354318493
1369094286751531565
864691128475947308
1224979098660967382
504403158281229976
648518346354311015
1008806316556620558
576460752318933177
504403158283795581
1224979098662842716
576460752354730263
504403158285315721
504403158306907379
1008806316570141995
1297036692699989863
1008806316551274115
1008806316548903642
576460752326402339
1369094286756437059
1224979098670534124
576460752321590719
1297036692699988207
1297036692699984418
648518346375622046
576460752317584809
576460752328062928
648518346361711788
1369094286756611083
1224979098675213967
1369094286741744390
1369094286737667926
1369094286754748789
648518346354112341
648518346361705186
504403158296240128
504403158297845208
648518346378898621
504403158286723639
504403158281323233
1008806316551265194
1008806316551183005
1224979098665916470
504403158286739846
648518346375600265
576460752318910624
504403158296367846
504403158281236593
1008806316553758868
1297036692732584903
1297036692700417300
1369094286738462374
648518346373492030
576460752317848674
1008806316551184118
1224979098678461729
1369094286756647906
1297036692707676654
504403158297599175
1369094286751392946
648518346355465269
648518346363910452
1224979098676372624
864691128473563913
1008806316550222535
1008806316579884404
648518346373499262
1008806316547500949
1297036692707662022
864691128476909704
1008806316567910616
504403158297781576
1297036692721693773
504403158306444763
576460752324533674
576460752321657266
648518346378704715
1224979098681329373
1224979098686971509
1224979098661477612
576460752318356593
1297036692721697703
648518346356797312
1297036692702704433
504403158284624429
1297036692700180112
648518346373577034
648518346355998973
1008806316570141995
1224979098667236198
1369094286740544414
1369094286737958964
504403158296172347
504403158281237298
504403158281235514
1008806316570108589
864691128497930228
1008806316551182986
1297036692701892744
864691128474990768
1369094286737082055
1008806316553977790
1224979098678356664
504403158281329942
1297036692700176607
1008806316550034702
576460752320439914
1008806316547698825
1224979098661943208
1369094286765927501
648518346373573792
504403158286739846
1224979098687717681
576460752347546915
648518346375600265
504403158297621783
504403158283787810
1297036692699979138
1224979098667251070
1297036692700402560
864691128478039800
1369094286737078261
648518346358849936
1369094286740490808
504403158297572137
864691128475727881
504403158282551524
1297036692707618656
1369094286742995438
1224979098681555313
504403158306693632
504403158286737772
1369094286738447320
1224979098686988931
504403158281336174
1224979098670554894
1297036692724474357
1297036692699946804
576460752317374001
1008806316555391958
864691128512049830
1224979098663527269
1369094286737577590
1369094286737656318
648518346360278231
1008806316547466018
1008806316570175062
504403158281326366
1008806316557096380
1297036692701309101
1297036692700061438
504403158283114805
1008806316547960455
1369094286746529193
1008806316549342656
1369094286760271771
648518346386746206
576460752365125752
576460752317375944
1369094286737292159
864691128472882453
576460752347121836
648518346378808405
576460752326298596
1297036692700417961
648518346354162910
504403158286712006
1369094286737299293
648518346375575570
1369094286765981482
1297036692710032619
648518346354326333
648518346354065277
576460752328228354
864691128478175190
1008806316568099922
504403158283122636
1224979098660311148
1224979098681932888
1224979098682101458
1224979098676339888
864691128497921507
1008806316562555238
1224979098661080282
504403158281345432
1224979098687717681
504403158300624331
1369094286737157542
1224979098678472930
1369094286737169167
864691128500871306
576460752317913208
648518346361616051
576460752317374211
576460752324425046
648518346355992960
1008806316562671939
504403158281237004
1008806316553863852
648518346373481739
1008806316557188624
864691128478049139
1297036692721793011
504403158287468610
1224979098664835153
504403158281514862
1008806316548322861
576460752317901055
864691128497892066
576460752318350347
1224979098660965109
1224979098678177087
576460752319576521
576460752317577138
1297036692724610082
1297036692699980681
1369094286737078617
648518346355998788
1008806316548869046
1224979098669714214
1297036692704579442
504403158306718942
1224979098663527952
648518346375820320
504403158281353028
1224979098660014402
1297036692721854201
1297036692719732553
1369094286738465423
576460752322908790
864691128479838226
1008806316547964608
648518346354624298
504403158281229286
576460752318360568
504403158281245760
1008806316547466933
1297036692699947314
504403158281446315
504403158287482377
1297036692731306320
504403158296251597
648518346354321177
1008806316547465988
1297036692699992422
1224979098665938827
504403158297617602
1369094286737172842
1369094286751130943
864691128479742972
1297036692704687899
1369094286739020637
864691128476886415
1224979098661948544
1369094286744436557
648518346363585828
1008806316556963754
504403158294359327
864691128473561338
1297036692699948439
1369094286760548910
1297036692733136045
1224979098660021592
1297036692701946001
648518346378821040
1224979098664815202
648518346354999810
1297036692706218197
1369094286756378320
1369094286756738757
1297036692731862694
648518346373453116
1224979098660964649
1297036692707490407
1224979098669729127
1369094286737674538
576460752328085428
1224979098661473392
1224979098678477321
1224979098670435991
864691128473563211
1008806316570013254
1008806316570055735
1297036692707662591
648518346354066207
1224979098666038119
1008806316562312792
864691128478049139
1297036692709661993
1224979098667224363
1008806316552456679
504403158297621783
1008806316555564514
648518346354069432
1224979098686971776
1369094286737666520
1369094286740547790
1224979098661080136
1297036692707686050
504403158287499690
1008806316547501881
1369094286759612205
1224979098663637720
648518346361612287
648518346363755666
576460752321611299
1008806316562458091
864691128501022393
1369094286744508411
1224979098660315165
1297036692701951733
648518346354070479
504403158283120327
648518346354633084
864691128472669965
504403158297757344
864691128472669560
1224979098675081892
1369094286737302545
504403158283899144
504403158286641282
576460752365918511
504403158284610206
504403158281512309
1224979098687507518
1008806316551265194
576460752347546915
504403158281235767
648518346373597824
1008806316573231236
504403158297621783
1369094286737936002
1224979098667361152
504403158301222387
1369094286737163329
864691128474955664
648518346356100486
864691128498136555
504403158285327020
1369094286737076633
864691128498246792
504403158282549126
1224979098661944930
504403158306822083
1224979098660311385
1297036692721854201
1297036692719816511
648518346386739516
1297036692709854947
1297036692721810146
504403158297572137
576460752322730377
504403158297750334
1224979098678170478
576460752326243231
1297036692701410750
504403158293165501
1224979098660632982
648518346361669344
1297036692707487910
1224979098681555313
504403158306693632
504403158306525153
1008806316573018110
504403158283154461
864691128475940866
1297036692700420400
1224979098660115897
1008806316557049852
1297036692719940238
1008806316568069515
1008806316556948434
504403158283916495
1297036692731387275
504403158299710795
576460752328124014
648518346378990097
1297036692699946789
1224979098687718961
1224979098660025607
1224979098687482075
864691128479878965
864691128476032983
864691128473169618
1224979098660122147
576460752319577773
1369094286737169167
1008806316547467038
576460752317854286
1008806316547465388
1008806316568135748
1369094286739814268
504403158281704768
864691128501022393
504403158281244946
504403158281229091
1297036692699990922
1369094286740496798
576460752324499271
1369094286741774681
864691128476908798
1224979098661967336
504403158297718919
1008806316547465898
1369094286743190405
1224979098686988594
504403158306718942
1369094286765646560
1008806316548899268
1224979098660307882
1297036692719824995
648518346368967354
864691128478054845
1224979098667214252
1224979098681660082
1224979098664721591
648518346356818076
1224979098660946570
1224979098660299963
1297036692719836491
576460752333842789
648518346354114304
864691128489536551
1008806316548333047
504403158285314727
1008806316547467923
648518346375867531
504403158281516881
576460752344017707
1297036692707736216
576460752317913208
1224979098661488150
1369094286744511488
1297036692700396731
648518346378982183
864691128476932701
504403158297742598
1224979098661473588
1369094286740490808
576460752316907890
504403158287453817
1369094286742995438
1008806316547711456
576460752334123426
1224979098661964644
1297036692700776173
864691128475741446
648518346378899820
1297036692701403294
1369094286737951838
504403158281513723
1224979098660970727
1369094286737160658
504403158297552292
864691128477080688
504403158281229211
1224979098660307132
864691128473168020
1008806316547956008
504403158286724123
1297036692731583025
504403158290248982
648518346357912718
1297036692699946924
504403158299685433
1369094286751565570
1297036692700891685
1297036692722233194
864691128512769976
1297036692701879918
1008806316573246290
1224979098660617100
1369094286741741636
576460752317406152
576460752326246337
1224979098676340076
1297036692699952964
504403158289980041
1008806316550138871
1008806316547947949
648518346354066024
504403158281239432
576460752320476334
1224979098678438187
1297036692714865261
1297036692731631843
1008806316580681972
1297036692703634779
1369094286765480178
648518346355498544
1369094286744464290
576460752324442432
648518346378746808
504403158281326876
504403158287410070
1008806316550238565
648518346369028336
1008806316555628096
864691128478075373
1224979098660616369
1369094286756583527
576460752334295497
1224979098678461604
1297036692704628880
1224979098661491905
648518346356895371
1369094286746426062
1008806316547965765
1224979098663616281
576460752322724512
1369094286756665963
576460752324563536
864691128481880536
1224979098678578793
1297036692699947719
864691128504575547
864691128473170752
576460752317899786
1369094286740547216
1369094286746830998
1369094286754874756
576460752328186823
1224979098660116638
864691128512592338
1297036692707512423
1224979098687371168
864691128504540891
1369094286740423996
864691128473563211
576460752318309719
504403158297621783
1008806316547466993
576460752334310670
1369094286746604924
504403158282151875
1297036692719789734
1369094286740494490
1008806316555591267
1224979098660619623
1369094286739737769
648518346375721392
576460752318912588
1297036692707639670
1297036692724718426
1224979098676493423
648518346378833600
1224979098660116887
576460752322921392
1008806316551201419
648518346354608277
1297036692702717470
1008806316549331258
864691128489455002
504403158297685699
864691128479803790
504403158285314727
648518346356788125
648518346373453641
1297036692721657720
504403158307250016
864691128511894072
504403158281453118
1369094286737078261
648518346358849936
504403158282571026
576460752317375719
1369094286737951966
648518346373573925
504403158282046542
1297036692700419444
576460752321676628
1369094286737161727
1369094286750894482
576460752317570115
1008806316551183451
864691128500859285
504403158283908668
1369094286760271682
1297036692724619127
1369094286740425294
864691128498176699
864691128475704501
1369094286739726616
1369094286737578997
1369094286746502636
1224979098660627893
864691128476032195
1224979098661477249
648518346354180918
1297036692731502414
504403158282845507
1224979098660311576
648518346354065702
576460752317402495
1008806316547467323
504403158287394153
1369094286759634925
504403158281235598
648518346355482883
1008806316556887846
1224979098678274987
504403158296676383
1297036692709524889
864691128479825252
864691128500924378
648518346354629979
504403158281713588
504403158281244808
1008806316579953229
576460752354613412
648518346378764186
648518346378595871
504403158281450448
504403158282552050
1008806316570010461
504403158297757344
1369094286737176502
1008806316551181495
648518346368935732
1224979098666006653
576460752328115738
576460752326407463
1008806316551261082
1008806316547507600
648518346354066122
1369094286737064699
648518346354318493
864691128498110122
504403158282043440
1224979098660295238
576460752318315407
1224979098681322596
648518346356068921
1297036692704582216
1297036692700783977
864691128475727881
864691128475731450
1224979098674327447
576460752321505465
1008806316548897825
864691128475776051
1369094286760740976
1008806316547492493
648518346358866970
1224979098664832455
864691128500879783
1224979098664816241
504403158290197520
648518346373559999
1297036692702621743
864691128477023800
648518346373606161
1224979098674652174
648518346356089359
504403158293599756
648518346356820184
1224979098660020653
648518346378982183
1297036692707668323
864691128472879938
1369094286737157981
1008806316547495346
1224979098674553527
1224979098660124567
648518346361695874
504403158283782039
1224979098675152546
1297036692701315678
576460752334478637
504403158281516597
1369094286754848530
1297036692724474357
576460752347428008
504403158281346480
1008806316549498923
1297036692724555618
504403158299791449
504403158286749435
1297036692701316812
1224979098660035665
576460752354949345
1297036692714829461
504403158282129674
1224979098662081433
648518346354064647
504403158296219698
576460752320435518
1224979098678447306
1369094286737962338
1224979098665998784
1224979098665998371
648518346375739983
1297036692701309910
576460752317400852
504403158293163931
504403158281327366
1224979098670388101
576460752320466587
504403158282546483
504403158281340796
864691128475832181
1369094286738464782
1224979098664824809
1008806316568121146
576460752324732264
1008806316562671939
864691128500826697
504403158284590335
576460752326374954
1369094286737187800
1369094286737658120
648518346363875488
1369094286744411171
1224979098660020939
1297036692700396731
504403158285316745
648518346355496248
648518346386236655
648518346356797312
1369094286756723585
1224979098675531508
648518346356111172
648518346388869826
1297036692700419444
1224979098660109330
1369094286737971032
504403158281697033
504403158286762301
1369094286756506507
648518346357851542
1369094286737288590
648518346386748304
1008806316548355101
1369094286738449356
1297036692701915683
1369094286741745929
1369094286739698633
1369094286740528507
648518346354639505
504403158282863137
1369094286737301955
504403158297776472
648518346354114332
1224979098660125188
648518346357855316
504403158284609513
1297036692721821678
1008806316548315412
1008806316553665094
1369094286739086990
864691128476004452
1224979098664831607
1369094286737958964
1008806316573117676
1224979098661468707
576460752317373581
648518346375600265
864691128481824417
504403158294125323
1008806316549499503
576460752328068603
1224979098676502034
504403158287496985
1369094286737078571
1297036692731230429
864691128504521034
1369094286737679340
1224979098667251070
504403158281517304
1369094286737168461
1369094286751463202
864691128473164642
648518346378990580
1297036692700786968
1369094286737956381
1008806316567850453
1369094286754960530
1369094286743115889
864691128472669485
1224979098663625094
1297036692722233194
1369094286746811579
864691128473618258
648518346369167298
648518346355484704
864691128474164269
1297036692699952356
1297036692704557320
1369094286737161549
648518346361642636
864691128512214195
1008806316551273889
864691128504576674
1224979098662844788
648518346373487622
1008806316580273154
1008806316547503101
1224979098661464594
576460752326435965
648518346361702248
1224979098664824158
1224979098660303614
1369094286746815004
504403158281325849
576460752326264126
1008806316547467758
1369094286737065230
1008806316547504129
1008806316562531638
504403158282539991
504403158290735836
576460752319493348
648518346357848227
864691128474184593
1297036692700405865
504403158289945668
1224979098660121109
1369094286737945031
864691128475860498
504403158281240124
648518346369200081
1369094286751221281
1224979098687154224
1224979098665898314
1297036692719839557
1369094286765543675
1297036692731324659
1008806316549481118
1297036692701912596
504403158283144665
1224979098660300499
1297036692700768885
576460752317373656
504403158284582453
1297036692703667563
576460752322723501
504403158282136324
1297036692721693773
648518346361639569
864691128478060887
504403158286737772
1369094286739677061
1224979098678346329
1369094286743194450
864691128523932522
504403158307166302
1369094286746495775
1008806316580804104
1224979098664827972
576460752322733887
1369094286738433158
864691128483820839
1008806316548313736
1369094286746749390
576460752319504762
1297036692707674632
504403158281706901
504403158296298066
1297036692719774469
1224979098660037002
504403158297827251
1369094286756496604
864691128472669245
648518346373471904
864691128476877170
648518346373593942
1369094286737070274
648518346354637697
648518346355471518
1224979098660016176
648518346355469577
576460752326224433
576460752317571492
648518346354993323
1297036692703694193
504403158306917307
648518346354065202
864691128504483360
576460752334478637
1297036692699978874
1369094286737653546
648518346354114790
1369094286737169615
864691128472668675
576460752320467609
1008806316547709784
576460752318327696
504403158282567674
648518346354311015
504403158281707116
1297036692702765779
504403158283115983
1008806316548910007
1224979098667223199
1297036692699947569
1224979098660014131
648518346386639033
576460752326417689
1224979098660843335
648518346356091166
864691128478058999
864691128473161990
1224979098661979629
576460752347393111
504403158281248678
1224979098660036699
1369094286737077168
648518346361703615
1369094286741622908
648518346386700080
648518346354629120
504403158301987891
1224979098670667913
1008806316547955672
1369094286738446941
1297036692699983775
648518346386649434
1008806316550211220
504403158285440923
1369094286739080000
1008806316548315342
864691128483940327
1369094286743072097
1297036692702699407
576460752324384544
1224979098660117917
648518346360159655
504403158284586769
648518346373597824
648518346368605161
1369094286740533421
1008806316548878195
1008806316555564514
1224979098660024085
648518346354607746
864691128512052462
1224979098660020226
576460752334305685
576460752340997064
1008806316547947719
864691128474978647
1297036692703692169
504403158281703039
648518346355004325
1297036692699992609
864691128504616105
504403158282132033
576460752341065930
576460752317585315
1369094286737955461
576460752326229013
864691128483799708
1008806316547467893
864691128474200017
576460752333940802
576460752347242043
1224979098660110341
1224979098667240838
1369094286759392961
1297036692724619127
576460752318873807
1297036692702681607
1224979098678175849
864691128498246792
504403158282549126
1008806316547953944
1224979098681329373
1224979098660119137
1008806316557065016
1369094286737667040
504403158286646068
1297036692699950931
1224979098675157423
1369094286746819194
1297036692707577368
1224979098661967835
1369094286750937255
1369094286751008599
1297036692700776311
576460752318252250
576460752326267582
576460752355465676
1008806316556987180
1369094286741715527
576460752326348127
648518346386691604
648518346378629325
1224979098663607805
504403158297839975
1008806316556927445
504403158297776472
576460752320455744
576460752320390023
504403158294042472
1224979098667194226
504403158290189104
576460752322799618
648518346378919696
1008806316556954275
1369094286737068435
1008806316550026276
864691128476954986
1297036692700478095
1224979098676458061
1008806316562706731
1224979098660113234
576460752341092702
504403158281447230
1369094286738553898
648518346373623527
504403158282559573
576460752317925503
1224979098667254569
504403158296295646
1369094286740514260
1008806316573249350
576460752334142602
1224979098660620728
1297036692724590750
1008806316570117487
1224979098660017970
648518346375600265
576460752334310670
648518346356797312
1297036692721794760
1008806316549331258
1369094286737176502
1297036692721657720
504403158299771977
576460752326298596
576460752317568878
864691128504673948
648518346356062042
1008806316548910007
1008806316557158118
648518346386481019
1369094286756650226
1008806316573135768
1008806316547496433
864691128500716299
504403158297728415
864691128504845557
1224979098660121109
576460752321621584
1224979098660969328
1008806316548318602
864691128483973923
504403158283779955
1369094286737077168
576460752341181606
1224979098665987729
504403158284619946
504403158282558126
1369094286744501904
1008806316548329127
648518346358853171
504403158282548737
1297036692721661066
1297036692714832182
1297036692700779797
1297036692707495297
1369094286760687820
1008806316552402999
1297036692709489059
648518346354608410
864691128472669620
576460752321549182
1297036692721793011
1297036692724737621
1297036692724599289
504403158286650861
504403158282122531
576460752341012523
1224979098660953969
1008806316548340492
648518346354066383
1369094286737943484
1297036692700803098
1297036692700795941
1297036692709802332
864691128473611853
504403158282547361
1224979098678278257
1369094286743115889
1008806316547465478
864691128472669485
1369094286737078438
1224979098660961959
864691128476888160
1297036692700776173
1224979098660303760
1297036692700399907
1224979098664816241
864691128478098821
648518346373487622
864691128523932522
1008806316555623922
1297036692714723824
504403158297639121
864691128524630680
504403158282565854
576460752365877411
504403158282056752
864691128476029279
504403158282573104
864691128489542384
1008806316562621901
1008806316552443336
1369094286740424307
1369094286751405145
864691128498159549
1008806316556927445
864691128476977049
1224979098660014435
576460752328085428
1224979098678240098
504403158285010752
864691128479838226
864691128501017376
648518346354608410
1297036692707674028
576460752347121836
576460752319601074
1297036692700779188
576460752347546915
1008806316553863852
864691128472669620
576460752321549182
1224979098667226044
1297036692699954004
576460752324377976
1369094286738454567
576460752328058934
1297036692709951806
648518346364027306
1008806316568135748
1224979098678262384
1369094286765970022
1297036692715162600
504403158285384716
1297036692707676791
864691128473154284
1369094286755149674
864691128523953657
1297036692704565241
1008806316555591267
864691128489847921
1224979098681964577
1224979098660304283
1297036692701398289
576460752317374826
576460752347740866
1297036692706247898
864691128500867387
1008806316547945709
504403158281229091
1008806316557202327
648518346354317855
1297036692709936858
504403158282584807
864691128476932307
1224979098669714214
576460752326255584
504403158287468610
504403158285446143
648518346354329960
1008806316547709135
1008806316551264798
864691128512380411
504403158282562669
1224979098660616106
1008806316552510612
576460752334083690
1369094286746514245
1224979098678172268
1224979098664815184
1297036692724613296
1297036692715048440
576460752319592780
648518346368592300
648518346379361262
1224979098676348766
1224979098676482176
504403158286733725
1008806316557067859
504403158293769926
648518346378872505
1224979098667190650
576460752341059614
504403158282057479
1008806316551211159
1008806316555707649
864691128512324120
576460752318316385
576460752317582124
1369094286741766783
504403158285307246
1008806316549427731
648518346363909720
1008806316550206376
864691128473539962
648518346375604388
648518346378716963
1008806316547700166
504403158281712753
576460752334255716
1297036692704585333
648518346360282251
1369094286759536850
1297036692724463628
576460752347568563
648518346354310392
576460752334517040
1297036692704621231
1008806316555542083
1369094286739819394
1297036692700779188
504403158281237004
1224979098661483851
1224979098678370431
504403158287450348
1369094286737069093
1008806316553728660
1297036692700185912
504403158281703134
1369094286739111141
576460752321607733
504403158299798167
1008806316555634695
1297036692700485980
576460752318352736
504403158296161531
648518346368840262
576460752321601774
1297036692701885833
1224979098666009715
1297036692724547665
504403158297724172
1369094286740420766
864691128483952277
1369094286737074987
1297036692721655177
648518346363910810
504403158290251553
864691128473532574
648518346369113553
1369094286751666789
1224979098676382649
864691128474175074
1224979098660123016
1008806316547505896
504403158281452444
576460752317920266
1297036692719831352
576460752317572744
1369094286738553590
864691128498017145
504403158281707893
504403158281451791
576460752322898600
648518346375676724
504403158287418070
504403158282143323
1297036692701388180
648518346357791187
1297036692701942685
504403158281443859
576460752317901055
504403158283162156
576460752319491940
504403158282547361
648518346354312933
648518346354180918
1008806316556927445
864691128498035827
864691128478203214
504403158281235736
648518346368888702
504403158283123244
1369094286737065013
504403158284508986
1008806316580109892
864691128498158086
1297036692699946744
1224979098664727283
1224979098660298315
648518346354316667
1369094286737297740
576460752341226951
864691128500896694
864691128511922612
1224979098668184023
576460752321620382
1297036692719735236
576460752318880448
864691128475727296
648518346357863386
1224979098660968764
648518346375716805
1224979098661982781
576460752322926221
1224979098675198524
864691128476921185
1008806316568072001
1297036692702691524
1224979098670691422
1224979098660629298
1224979098667215419
504403158285398832
1224979098661958987
1224979098660298512
1224979098660295125
1224979098661481054
1008806316547491398
1008806316552528653
504403158285010752
1297036692701385990
504403158286722920
504403158299833876
1369094286737066919
1224979098662840631
1008806316551183005
648518346355992960
1008806316562671939
1008806316573231236
504403158297621783
576460752321559724
648518346354065946
504403158282057520
864691128474166417
864691128478205427
1008806316549420552
1224979098664835153
1008806316570118647
1369094286741755980
1369094286754980850
576460752317373926
648518346386344940
648518346363910452
504403158283899144
1008806316570183201
1297036692700177959
648518346369079341
648518346378704715
504403158281450964
504403158287955693
1297036692707492474
576460752333902445
576460752341012523
1224979098660953969
1008806316555392485
1297036692700184975
1008806316547494515
1224979098675531508
648518346356111172
1369094286737067377
1297036692700185114
1369094286751668468
504403158281228566
1224979098664721591
1008806316550170561
1297036692706156269
648518346354114304
1369094286746825398
1224979098676359399
576460752322888637
504403158287488724
1224979098676371304
648518346354321304
1224979098687005612
1224979098660967904
1369094286751711625
864691128473558502
1224979098682057020
648518346375586491
576460752328206679
504403158307050026
648518346360218633
1008806316557072896
1008806316568063492
504403158287429579
576460752322734357
1369094286754725889
648518346355494206
1297036692701913666
1008806316548894533
1224979098664717046
1224979098661463948
648518346354070925
1224979098660303687
504403158281244474
1297036692699990606
504403158281519596
1224979098688813358
1008806316550221397
1008806316552523459
576460752318310444
1297036692709489083
1008806316570121290
1224979098660120719
1224979098663607369
1369094286739086169
1008806316547945917
1369094286756622221
648518346375717885
1369094286737962655
864691128500791514
1369094286744410325
1297036692709801603
504403158297699691
1297036692700398532
504403158299802852
1008806316579906505
576460752365877411
1224979098675156205
864691128473623989
1297036692701875691
504403158307188022
864691128479931426
864691128524815594
648518346356801771
1224979098660302108
1224979098663613418
576460752347528533
648518346356892086
864691128504791404
1297036692703682213
648518346386246720
1297036692732666249
1297036692699984517
1008806316562565810
1224979098676496828
648518346386662248
648518346356815374
576460752328111409
864691128474976071
1224979098665927928
1224979098661955212
504403158283119857
1297036692700409484
648518346361700355
504403158283773280
1297036692707677203
648518346357896423
864691128476919303
1369094286759956810
1297036692731984489
504403158293905253
1369094286737064654
1369094286756477286
648518346373460768
1369094286751151177
1008806316547717239
576460752317566471
1297036692700777203
1008806316549481391
648518346355497223
864691128481892174
504403158289622633
1008806316547946121
1008806316548340492
576460752341089785
1008806316580100514
648518346358726200
1224979098660032918
504403158306517264
1224979098665998138
1369094286743115889
1224979098670426140
504403158300322743
864691128500735250
504403158297621942
504403158284511601
1008806316555623922
504403158281325198
1297036692703668003
648518346364153610
1224979098670692471
1008806316555596483
864691128504454823
1369094286756473549
1224979098660018366
576460752334231397
1297036692714722132
1369094286737953658
648518346361732768
1224979098670633079
1369094286737160878
1297036692703625253
504403158290206474
1224979098661469652
1369094286765486519
1224979098664568887
1369094286754744830
1369094286737070999
576460752324501153
864691128524642759
1297036692701382911
576460752328104637
1008806316557183284
1297036692700188179
1297036692709699371
504403158283117593
1369094286750921999
1008806316548334634
576460752343976437
1008806316570477548
1369094286765443404
1224979098661464504
504403158304553654
1008806316580011368
1297036692719793065
1297036692704571846
1224979098660014402
1369094286741625647
1008806316579800556
504403158306937982
576460752347717982
864691128484251560
1297036692721881439
504403158281518023
1369094286738434077
1224979098660035468
504403158281239002
1369094286765428135
1224979098661476641
1369094286765845283
504403158296167106
1369094286744466524
504403158307280242
1369094286741747791
1369094286737176789
504403158281237161
504403158281512253
864691128481884304
504403158281446723
504403158281243337
1297036692714987412
1369094286765453599
1297036692706317009
504403158283117680
504403158281327933
576460752318326475
504403158281251680
1008806316547467218
1297036692700478095
576460752317908690
504403158282047866
1297036692719798102
864691128504564408
504403158294405305
1369094286737160751
576460752318870164
1224979098667194858
1008806316552456435
648518346358741463
1297036692721793011
1369094286759954631
576460752317899272
1369094286737073560
1297036692719836491
504403158289965860
1297036692701921091
648518346356771665
864691128472667985
1008806316547700800
504403158281236541
1224979098660300948
1369094286737953658
1369094286737580984
1297036692702682345
576460752321630302
648518346386912638
648518346354322637
504403158294045696
1008806316551191795
1008806316547504776
864691128483999475
1008806316550238565
576460752322824423
576460752324483446
864691128524162473
576460752318920355
1008806316553840978
504403158284611173
504403158290224859
576460752317568013
1224979098670183885
1369094286743067584
864691128472668165
864691128504806655
1008806316570010219
864691128477079189
504403158284631378
864691128498170250
1224979098674323451
1369094286738466509
1224979098660016082
1369094286739678592
1369094286737948658
576460752343981251
1224979098661974258
1008806316567938916
1297036692701327030
1008806316547964918
1224979098681971420
1297036692703658595
1369094286754771349
864691128504540857
1297036692707636217
504403158281701146
648518346361618844
1369094286737290045
1369094286737297437
1297036692707627820
864691128479906763
1008806316553771501
504403158281701066
864691128476983106
504403158287409502
1297036692707676654
504403158281701306
504403158283139656
504403158296264852
1008806316557101861
1297036692719745407
1224979098676372624
1369094286739820346
1297036692707639670
1297036692719813644
576460752318356593
1297036692702705259
1008806316553918531
1224979098660291168
504403158284580497
1369094286746945362
1369094286754744918
504403158293775347
1008806316555392485
1224979098660023742
1297036692701921055
504403158282148145
1224979098681968207
648518346354065832
1297036692724620940
1369094286741608423
1297036692714690646
1297036692703691302
864691128473562657
1297036692714521094
1297036692700868346
1224979098687148269
504403158300346477
504403158282561323
1369094286754875712
576460752321630972
576460752347242043
504403158287485367
648518346386316422
1008806316548343725
648518346354316691
864691128512208613
1369094286743185421
504403158287444672
1224979098660958321
1224979098663645554
648518346356884791
648518346357841775
504403158286749584
648518346373631520
1369094286760307283
1297036692701875849
1224979098666006334
1369094286743012745
576460752326283328
1297036692702730217
1224979098676494667
1369094286744432580
576460752321670435
1297036692715137921
1369094286737068413
864691128472668570
1297036692700180942
504403158281331503
576460752334049250
1297036692701909812
1224979098678326674
648518346369150496
1224979098676340434
864691128479900187
648518346369150226
1008806316562676307
576460752317376049
1297036692714536528
576460752365826251
504403158281511801
504403158281240803
504403158281234111
1369094286744417635
504403158297751940
576460752322768175
648518346363881549
648518346357906873
1369094286738442491
1224979098674409388
576460752355072939
576460752326372653
1224979098661975915
504403158300463902
648518346356894237
1224979098660976478
1008806316547711357
1369094286751375720
1008806316570098226
576460752326413397
576460752347723695
1297036692700176868
648518346369266969
1369094286759625130
648518346363693883
648518346363902181
648518346360222891
1297036692707659108
864691128473228128
576460752321640792
576460752316907856
1369094286737077225
576460752318350347
1369094286756666180
648518346356887068
1008806316547501881
504403158306843102
1224979098660121309
504403158282555300
1369094286737944785
504403158287456639
1297036692714909017
576460752317373926
864691128474200017
648518346354976776
576460752317376319
648518346354068834
1224979098686815881
1224979098660024272
1008806316562455785
864691128504584751
504403158286709416
1297036692701924857
504403158281232981
864691128475108657
576460752341012523
1369094286739690213
1008806316548870676
1224979098667214252
864691128481942906
1224979098664814193
864691128473550138
1224979098660124415
504403158281235767
1224979098661946409
504403158286650861
1008806316570029342
1224979098660013951
1224979098686988594
1297036692709406284
1224979098678475988
504403158281709993
1297036692700777732
576460752319531544
504403158283114458
1297036692719839557
1369094286746804889
1369094286737934543
576460752317373611
1008806316553837525
576460752347172017
1224979098660108619
1224979098660022892
504403158286752807
504403158286637427
1369094286741594429
1297036692699953261
1008806316573261547
576460752341090933
1224979098670313732
504403158287393182
576460752317403411
864691128504687108
864691128473151745
864691128474172322
1008806316548351075
1369094286756595042
1224979098663638055
576460752320383669
1008806316550188396
1297036692700421321
1008806316556995056
864691128524965084
648518346354638065
1369094286739680375
1224979098661946388
1297036692703619277
1297036692709393284
504403158281339740
504403158306928300
504403158297724472
504403158285410019
648518346386644922
648518346356812799
504403158290446006
648518346354314246
1369094286751388798
576460752319500958
1297036692703668949
504403158296229575
1297036692700407890
576460752347177101
504403158281237298
1224979098665933308
1224979098660021102
1297036692700198415
1297036692731296797
1297036692719814373
504403158296231479
504403158296267712
504403158287414654
576460752320518296
504403158281702234
504403158281229076
648518346363722279
576460752321661138
1224979098670185430
1224979098676379810
1224979098660026710
1369094286737950513
1224979098668181954
504403158289918580
1224979098660978585
1369094286741761966
648518346375677597
576460752319575809
504403158286649715
504403158285400155
864691128524321956
1224979098660295745
648518346354982443
1369094286743191349
1369094286751417007
1369094286744645688
864691128481830520
864691128476025743
1224979098660128385
1008806316573051194
1224979098681964577
1008806316549367117
576460752317403430
864691128473547161
1008806316573848899
576460752328238616
1224979098674664771
504403158294110164
1008806316555653680
576460752322810620
648518346363920779
576460752322908790
1297036692700398910
504403158285422940
1008806316547957623
504403158281509205
1297036692700184466
648518346358832435
1008806316547492493
504403158281511437
1297036692700412898
864691128475950898
1369094286740424307
504403158294063904
1297036692724758057
576460752322763268
1369094286737684895
504403158281330065
1369094286737179827
1369094286740541964
864691128498237936
504403158296263574
1297036692709401223
1224979098678239918
1224979098660634065
1224979098664731464
1224979098660615859
1369094286754857180
1369094286754671253
504403158287397546
1297036692701880233
648518346356058906
1008806316551274115
648518346360298499
648518346354314274
864691128524562837
1297036692709489059
504403158296269075
648518346357858674
504403158292707708
864691128513058869
504403158297599175
864691128474953571
1369094286765480178
1297036692699946954
504403158285411941
504403158281528674
648518346354070150
1224979098667238548
1369094286737160707
1224979098676455610
1224979098663600685
1297036692724624963
1008806316548868868
864691128475995696
1369094286751481097
648518346355000558
1369094286740504374
504403158297717584
1369094286737084582
1369094286737157542
576460752365552400
1297036692703691619
648518346368756362
864691128523953657
1224979098667193874
1369094286740496855
1297036692714690646
504403158283111767
504403158296269390
1008806316548896188
576460752318933177
1008806316568126292
576460752324571713
1297036692700479566
1224979098660297291
1297036692719930969
504403158281228671
648518346358831822
576460752318915115
576460752334286148
1297036692719758862
1224979098678374142
864691128478206204
1297036692709596959
504403158294042472
1224979098660616106
864691128473151745
1008806316567933258
1224979098660110771
1224979098670389669
1369094286737290181
1369094286756576629
648518346386371261
1297036692699946744
648518346358755737
864691128504808034
504403158282571446
1369094286737656703
1297036692700791793
576460752334464928
1224979098661085743
1224979098670297496
864691128498228841
648518346369077950
864691128476035845
504403158286741833
648518346378714702
1297036692700168858
1297036692722426716
1369094286756647906
1369094286737074321
1224979098681626894
576460752355459191
1369094286746507182
504403158297695724
648518346358728141
1224979098670695644
1297036692731229234
1224979098660023240
1369094286737959558
1369094286741710133
864691128475031834
504403158282148922
504403158296262702
648518346361631111
1297036692704545422
576460752321505535
1224979098660618980
504403158282574662
1224979098663650541
1224979098660619623
864691128489847921
1297036692724563061
648518346354609357
1369094286737160224
576460752343873351
648518346354066383
1369094286737943484
1224979098660015059
1369094286744463923
1297036692721854201
1297036692700803098
504403158296162344
1297036692724460515
1224979098676498411
1369094286765524090
864691128472668285
1008806316547465478
1369094286756644541
1224979098687418720
864691128476888160
648518346364108255
1297036692699947239
504403158286760569
1297036692721792867
1297036692719844020
504403158293641957
504403158282056569
504403158296298262
1297036692731455803
1224979098664816241
864691128478098821
1224979098675092024
504403158282056752
864691128476029279
504403158282573104
864691128489542384
1008806316562621901
1008806316552443336
1008806316580097493
576460752326207918
1008806316573121608
1008806316555552659
1369094286737170298
648518346354611315
1297036692719808732
648518346354066337
648518346386747853
1369094286744511488
1369094286765480083
864691128472669275
1224979098674443137
1224979098664806848
864691128476886415
1224979098674653335
1369094286746931204
1297036692704605402
504403158287396124
576460752317909560
1008806316553668578
864691128478045859
1369094286737667441
648518346363751927
1369094286750903812
1008806316548326657
504403158283113675
576460752319528935
1008806316548346944
504403158284623159
1224979098660018909
576460752341248916
1369094286737158540
648518346354612750
864691128477085163
648518346356798345
1008806316547498980
1008806316547495623
1008806316553840045
576460752321658624
1297036692714651622
576460752320475029
864691128489871395
504403158283153111
504403158281334634
1369094286737171772
1224979098666031600
504403158289933031
648518346356805740
1224979098662826495
648518346355228374
1224979098660632587
864691128475761072
1224979098660293043
1297036692707519535
1224979098660029401
1008806316548345478
1369094286737068773
1224979098678323833
504403158285010752
504403158299833876
1297036692700779188
576460752324425046
504403158281244808
504403158281331540
1297036692700188300
1369094286754782783
576460752322766780
504403158287424174
504403158299827176
648518346360222891
504403158297829459
1008806316580003468
1369094286751389348
648518346356800437
1369094286737293708
504403158281229376
1297036692707684670
576460752317374826
576460752347740866
504403158307433833
648518346356114833
1369094286737159545
648518346369024467
864691128476932307
576460752326255584
1297036692724476543
1224979098660951235
504403158299924468
1297036692699948499
1008806316547466198
1224979098660110866
1224979098670319079
1369094286740423087
1369094286759617131
1297036692700780495
1008806316580011368
864691128500792774
1297036692724488627
504403158285388292
1297036692707577368
864691128504482988
648518346378982183
1369094286737176502
504403158299832041
1369094286765431559
1224979098660955082
1008806316549377893
648518346356099775
1369094286754872691
1224979098678323833
504403158297829459
576460752333940802
864691128472667580
1224979098660308754
1224979098675081892
1297036692706247898
1369094286737158108
1224979098660292897
1224979098670319079
864691128483993814
1224979098660614719
864691128481954374
1008806316549502512
1224979098662695984
576460752365153707
1224979098670516419
864691128473623124
1297036692709952823
504403158282573777
648518346355501089
1224979098660303536
1224979098660297772
1369094286765667021
1224979098660116431
864691128479918857
1297036692704700839
1369094286737168480
1224979098665998138
1297036692709801603
648518346357846045
1297036692724913610
1297036692709407272
1224979098687481696
504403158297621942
1369094286739834481
648518346375680648
576460752326347162
576460752334154237
1369094286746915790
504403158281236541
648518346355493966
1008806316548346609
1224979098678440336
504403158306506560
1297036692699995875
1224979098660120793
864691128476925001
1224979098676339888
504403158284624429
1008806316547945984
576460752317913208
1369094286744411171
1369094286739814268
1224979098686971776
1008806316570208630
1224979098660619098
648518346378595871
504403158287499690
1369094286739737769
648518346361612287
1008806316562458091
504403158281244946
1224979098660116887
576460752322921392
864691128504600355
648518346378982183
1008806316551181495
1297036692719824995
648518346368967354
864691128478054845
1224979098660311385
1008806316547507600
648518346386739516
504403158282584881
648518346358732657
1297036692721810146
504403158307015666
576460752322730377
1008806316551275665
1369094286751381361
1369094286739726223
1008806316570040228
1224979098670445690
576460752341060196
864691128515389594
1369094286737288590
1297036692702765779
648518346356770090
1369094286737066634
504403158281333628
1297036692706334345
648518346354642179
1297036692721780967
576460752319533310
1369094286740530481
576460752354767967
1369094286737953658
1369094286754771349
1224979098661468707
576460752328085428
504403158285010752
864691128479838226
1297036692700779188
648518346375600265
648518346355992960
1008806316562671939
1297036692701942685
864691128474166417
1369094286746825398
576460752317899272
648518346369266969
504403158285410019
576460752334310670
1224979098664835153
1224979098661080136
504403158287409502
864691128523953657
576460752326229013
1369094286756666180
504403158297730631
576460752317373926
864691128474955664
576460752347242043
1297036692701398289
1369094286759392961
1224979098669714214
864691128475108657
1008806316580011368
1297036692704563730
576460752341012523
1369094286739690213
504403158289622633
1297036692707577368
1224979098660022797
1224979098661477337
1369094286740496855
576460752343873351
1008806316547465808
1224979098667214252
864691128476976517
1224979098675531508
648518346356111172
1224979098681968207
576460752341074283
1369094286737943484
648518346386316422
648518346358753648
1224979098661947361
576460752326370727
1369094286743079998
504403158281520982
576460752334310670
648518346355506083
864691128512689878
1224979098660964228
1224979098687074348
576460752317583581
864691128489847921
1369094286756607359
1224979098660308754
1224979098674963592
1297036692724610082
1297036692731309616
1008806316553778384
1224979098660022171
1369094286737076007
1297036692704592317
1008806316573144779
576460752317582487
1224979098675087063
1224979098681665738
648518346375721284
648518346355994818
864691128481954374
1369094286737942281
504403158281510852
1224979098662695984
1008806316573059202
576460752365153707
1008806316547946121
864691128476932701
504403158294018957
504403158297742598
864691128476884869
864691128498002539
504403158287396063
1297036692704566507
504403158297700992
1369094286737073560
648518346357781875
1008806316573298942
576460752317403389
576460752328206059
1008806316550039051
576460752347109294
1369094286756483508
504403158283778440
1297036692724626978
504403158281706956
576460752347121836
576460752318343277
504403158284610206
1369094286743190405
1369094286751564111
1008806316547946121
864691128476932701
504403158294018957
504403158297742598
648518346354996904
1224979098676498901
1297036692703656780
504403158285428189
1369094286746900993
1224979098660124096
576460752334316274
648518346373453641
576460752365587640
504403158281325108
648518346368905015
504403158300346477
864691128489663089
1297036692700800124
1008806316547946027
1297036692714479340
504403158297743009
1224979098663644632
504403158285408098
504403158290273446
576460752334446786
864691128483824348
504403158283780074
1369094286760443918
1297036692701935266
504403158281344641
1369094286739024809
1297036692721790205
1369094286754802471
1369094286737944645
576460752341310395
1008806316553785322
1369094286751405145
1369094286739015664
1369094286754758204
1369094286744454350
576460752318325686
1297036692714615524
576460752347280478
576460752317405257
1369094286739819394
1224979098660109837
576460752319601074
1369094286737187800
1369094286765443404
648518346373655145
504403158281233191
648518346386976872
1297036692701318710
648518346364007508
1297036692699954414
1369094286765968151
1224979098678480067
1297036692699990533
504403158287461786
1297036692701301145
504403158284598226
1224979098674963592
648518346354323523
1224979098661480187
1369094286737306798
1008806316568047584
504403158283012404
1224979098660030493
1369094286765447691
1369094286756465490
504403158281517927
504403158300651021
504403158281325108
864691128472668720
1008806316547711089
1008806316547495596
1008806316580534104
648518346354065780
576460752317402628
1297036692700420400
504403158286752807
576460752358527212
504403158307446194
1224979098681553093
1369094286741744032
1008806316547467173
504403158287403718
864691128479688213
1369094286756517463
864691128478033916
504403158307025860
1297036692710037532
504403158282156185
1369094286737157542
1224979098662685037
1369094286747096795
1008806316553778384
1369094286737939028
1369094286740520100
864691128480174555
576460752318261044
576460752322894203
1369094286737163379
1297036692707577147
864691128500882095
504403158281242529
576460752328285243
1224979098664793872
504403158293598921
648518346358726200
648518346358745338
504403158285389703
1224979098661461769
1369094286742981319
1008806316573467222
1224979098660017954
1008806316547496839
504403158283801880
1297036692721929305
1297036692699946639
1008806316549366531
864691128504575684
1369094286741747563
864691128512704866
864691128472668240
1224979098660114024
648518346357888265
1297036692707493353
864691128481839036
1008806316573503825
504403158281357362
504403158287687420
648518346354628327
576460752317375659
1008806316547465823
648518346375867082
1224979098661965028
864691128478161985
1008806316547467338
504403158296302593
1224979098676366622
504403158283776313
1224979098681433232
1297036692700482400
1297036692699947464
1224979098678472930
504403158281237004
648518346354611838
576460752328327167
1008806316549373659
1297036692715162600
576460752328122923
576460752324429246
1008806316573318708
1297036692709411047
648518346363543801
504403158282574662
864691128525420537
1008806316548349188
504403158283899144
1224979098660110652
1008806316570183084
1369094286740423087
864691128477029653
864691128476902214
1369094286746511804
648518346354319414
1297036692731919553
648518346354065461
648518346355000267
1297036692700794491
1369094286743110376
1297036692714532152
864691128479685845
1008806316555603533
1297036692704572719
1008806316550243555
1297036692721692448
1008806316553981789
648518346363845861
1008806316547503614
1369094286759654274
504403158284621001
1297036692706232240
576460752320451787
1297036692699946954
504403158296183554
1224979098661198255
648518346375848344
576460752322763268
504403158306740705
504403158281341352
1008806316570051689
1369094286743079998
1369094286737169167
504403158297829459
1008806316547501881
504403158283764892
864691128490140358
1008806316570128556
1297036692731785163
1369094286756614537
1297036692700179427
576460752318345348
864691128473165455
1224979098662701681
1224979098661484790
1008806316553785247
1369094286739734313
1297036692700865315
864691128498176960
1008806316547965067
864691128489377107
1224979098669724881
576460752341280330
648518346354983291
504403158282044993
1224979098664835255
576460752354662551
504403158281511679
864691128475941771
1297036692706243498
504403158291533983
1369094286740514906
576460752317374106
1369094286740492745
1008806316548904991
576460752320475029
1297036692700484869
1369094286739072440
1008806316547967899
1224979098665994242
1008806316567854601
1297036692703607111
1224979098681360246
648518346355515874
1224979098670655863
1008806316551170186
648518346354996205
648518346356001246
864691128489900721
576460752317581226
504403158281704709
648518346355497842
1008806316570098226
648518346354069432
1297036692709951806
576460752320480321
504403158284911712
1369094286737654655
1297036692707659108
864691128473228128
1369094286737084373
576460752321640792
1008806316547499583
1224979098667223786
1008806316562475221
1224979098660122371
1369094286740497922
1297036692707733965
864691128498136871
1008806316553671804
504403158285388292
1008806316548871632
1297036692719790896
1008806316548352874
864691128481936986
1008806316568116883
504403158299830155
504403158286634417
1297036692701893655
1297036692700483878
504403158293881438
504403158283130935
648518346357897679
576460752365398424
1369094286756483031
1224979098660948243
1224979098661980200
504403158294045137
648518346354610206
1224979098660025337
648518346357790893
1008806316568070095
648518346369097933
1369094286738447320
864691128512688695
1297036692699979680
1224979098662825310
576460752326348127
576460752320453563
504403158285279880
576460752319504762
504403158285309616
504403158299782035
576460752322723501
648518346356099775
576460752326370727
1224979098674905563
576460752317373581
648518346354608410
1224979098664799052
504403158281341625
504403158283135033
576460752355467719
504403158281237127
1224979098687717681
1297036692709661993
1008806316555564514
864691128472669620
648518346354065946
504403158300463902
1224979098661946409
648518346354069088
576460752319507141
576460752322809719
576460752321550863
504403158293812487
864691128498000727
1369094286737064872
1224979098660962824
576460752340997064
1369094286751485771
864691128472669680
1008806316547713220
864691128473614703
648518346356081382
1008806316548867233
504403158286646623
576460752317374256
1297036692700174021
504403158281331938
648518346356075332
1297036692707510382
1008806316570118647
1224979098669600403
1224979098687074348
576460752341065930
1224979098667344392
1224979098660965109
576460752324339942
576460752317404571
1369094286739683543
1297036692707686050
576460752318877957
648518346354635353
864691128500871306
1224979098667226044
1297036692709731777
648518346357915751
504403158289641131
1224979098661080136
576460752317901055
1224979098670399202
576460752317585315
648518346354622499
1224979098676380676
1224979098674968440
1369094286754878146
504403158283899144
576460752354744494
504403158282584807
504403158297617515
1008806316580314722
1369094286741763740
576460752322877797
576460752318875463
1369094286765721622
504403158293636350
1369094286737078571
1369094286741687963
864691128479676712
1369094286737079083
1369094286744410624
648518346378718015
864691128476884869
1369094286737163379
1297036692700794491
1297036692731097174
648518346375712906
864691128498047262
576460752343784013
576460752322808818
1369094286737082963
576460752341074283
1008806316555629875
864691128512093331
1369094286737672056
1008806316548332240
1297036692702693665
504403158282540845
576460752341251102
1297036692722177771
1224979098688805818
648518346357888457
576460752344016018
1224979098666035313
1369094286737674538
504403158286726653
576460752317405257
1008806316553663508
1224979098660109837
1224979098681546420
1008806316547501735
576460752347546915
1008806316570055735
648518346354607746
648518346356894237
1297036692700176868
648518346357858674
648518346364007508
1297036692700188300
1297036692709731777
1297036692700782296
1297036692699985460
1369094286754782783
864691128498020061
648518346354990009
1008806316547947719
504403158281323577
504403158296367846
648518346354069432
1008806316547466993
864691128479692401
1224979098674658423
648518346360280562
648518346364027306
1008806316568135748
1224979098678262384
648518346355506083
576460752320480321
1369094286746826148
504403158301139357
1297036692700403574
1297036692731938549
1369094286737076908
648518346369078040
648518346386747853
864691128473154284
864691128523953657
576460752318350347
1297036692700175527
1297036692702732939
1297036692709424764
1369094286737171911
1008806316553863852
576460752321549182
1297036692699954004
576460752324377976
648518346369274864
576460752354957650
648518346360171348
576460752318910624
1008806316562281388
1224979098676472011
504403158283900977
1224979098660296971
864691128497892066
648518346373499262
648518346354633084
864691128472669965
504403158281228536
1008806316562503673
504403158290001448
1297036692700177589
648518346361605637
864691128475998373
576460752326422732
648518346368776610
1224979098675157398
1369094286765447691
648518346356787551
1008806316547712963
1369094286743104158
1369094286765586006
1297036692701874854
1224979098660617613
504403158281516881
1369094286756516969
648518346360145580
864691128489591016
576460752347749007
864691128500856048
1369094286738451782
1297036692724597457
1224979098681654463
1224979098663644021
504403158296183554
1297036692714730185
576460752347760792
1008806316547473038
576460752319500958
864691128478223483
1224979098687551073
1008806316547655156
1224979098660962339
1369094286737187800
1369094286738454567
864691128474150496
1224979098665919497
1224979098664712977
576460752334317722
1297036692701939561
1008806316562328689
1224979098675157423
1008806316573059202
864691128498002539
504403158287396063
504403158287407253
1008806316551275383
1369094286743012309
1008806316550241398
1369094286737672056
864691128472667790
1008806316557047904
648518346360145580
864691128489939989
1369094286751005231
648518346357780338
1224979098660018522
1369094286746771893
1297036692731577813
864691128475706388
1297036692702711045
1224979098661084528
1297036692700891685
1369094286754885123
504403158306943287
1224979098666031323
864691128476896829
1224979098661207134
1224979098662844788
1369094286746495775
1008806316547704059
648518346357791668
1008806316556927445
1224979098681657541
1297036692700178856
1224979098674677382
1369094286751054053
504403158307455970
864691128512288472
1297036692699954215
1369094286751012920
648518346355622216
504403158284589420
648518346356097069
864691128475008777
504403158285408098
648518346386488373
504403158281241813
504403158281229196
648518346358862168
1008806316547489694
1224979098660032822
576460752317376019
1369094286739714512
1224979098661971181
1297036692714999990
1369094286737064856
1369094286739019889
1297036692700797076
504403158285387936
864691128483978887
1224979098661460489
504403158282566336
1224979098675154271
1297036692724441485
1224979098687492107
1369094286737661363
1297036692731970185
1297036692724744716
1297036692701935621
1369094286739012083
1224979098660947054
1369094286751712516
1297036692700183854
1008806316548329952
1224979098661449695
648518346354985938
1224979098667191515
648518346356118397
1008806316548767217
1008806316548349040
1297036692719736257
576460752322723501
1369094286760551096
504403158281229061
1008806316549421112
648518346378507601
864691128500810853
1224979098687507518
1008806316555542083
1224979098678323833
504403158285010752
1369094286739819394
864691128476923259
504403158297598906
864691128501017376
1297036692707674028
576460752347478737
1369094286750895647
576460752343748025
504403158286655206
1297036692706148974
576460752347156967
504403158281715475
576460752333596557
1224979098667357213
576460752317913208
648518346373481739
1297036692707662591
1369094286759954631
576460752347723695
648518346357858674
504403158292707708
1369094286743107329
864691128498020061
648518346354990009
504403158306524007
1369094286737307524
1369094286751541052
648518346386320778
1297036692703640137
504403158299819936
1008806316567852958
1224979098670669854
576460752322766780
1224979098662688981
1224979098687061518
576460752321601504
576460752344051306
864691128474198198
1224979098670638831
1369094286737940697
1224979098660962339
1224979098676339888
504403158286726653
576460752328085428
648518346354112341
648518346361705186
504403158296240128
504403158285010752
1297036692700178824
1008806316553863852
648518346354066207
576460752328058934
1369094286737306742
504403158306795599
1297036692700773728
1369094286739072808
504403158281237180
1224979098665919497
504403158300355195
1224979098666019980
1369094286744478617
504403158281331938
1369094286750901729
864691128473228128
1008806316568060948
576460752316907856
1008806316548322861
1297036692707676791
648518346363543801
1224979098661966782
504403158281329185
1297036692701391945
504403158296242210
576460752324427699
1297036692709848126
1224979098660619623
1008806316557101861
576460752317375509
576460752319592167
1224979098681964577
1008806316550185381
576460752317577138
504403158284610206
1224979098681344265
1369094286738905097
1369094286740545193
576460752324383314
1369094286740496798
504403158283905189
1008806316570183084
1008806316562555238
1297036692709489059
864691128479906763
1224979098670669854
576460752321601504
648518346356100152
504403158287424174
576460752344051306
864691128474198198
1224979098670638831
1369094286737940697
576460752326257113
864691128474153619
504403158283115716
1224979098660117188
1369094286739028400
1224979098686934913
1369094286743071567
864691128472882072
504403158286765289
1008806316573318708
504403158285440096
504403158285473068
504403158290087533
1224979098675199140
504403158284620402
1369094286737292786
1369094286756607359
1369094286737073300
1297036692704713354
648518346354319675
1297036692700180206
504403158281229376
1369094286751392946
1297036692721762101
1297036692706203729
1008806316573099311
1297036692707649123
1008806316553765103
504403158293097841
504403158297767731
1224979098667216789
1224979098661944930
1297036692731901634
1008806316551273345
1369094286737938033
1369094286754887479
576460752343873351
1297036692719824995
576460752347109294
504403158282554906
864691128478049139
1369094286739686614
864691128473614133
504403158284511029
576460752321599918
504403158281696460
1224979098661949200
648518346361622134
648518346357877126
1369094286761208279
648518346386688703
648518346355502351
576460752320535188
648518346373932345
576460752326256198
648518346354111598
864691128479706558
504403158293706803
1224979098660956480
504403158300261993
864691128524630680
576460752334287152
648518346355009116
648518346354330308
1297036692702733874
504403158283884909
1008806316548356529
1369094286744420464
1008806316568024557
864691128497891118
648518346356802323
864691128498098785
864691128489878968
1008806316580261752
1297036692702611454
1369094286739078066
1297036692700402691
1297036692731249760
648518346375605511
648518346354322637
504403158296262674
504403158285423507
1369094286760284835
576460752322714156
1008806316547496012
1297036692699948079
1369094286746533770
1008806316568041570
648518346364147505
1008806316581194565
648518346361616051
504403158290102003
576460752365899390
504403158290370451
1297036692699948199
504403158282149713
576460752347739639
1369094286737161509
504403158281236772
864691128504997782
648518346357788198
576460752322921392
576460752343772480
1369094286756483508
504403158281511103
504403158281517040
1008806316549366922
648518346378990580
1297036692702726897
1369094286740532531
1369094286754907174
504403158300509601
1369094286739703405
1369094286744436557
1008806316547723218
1224979098676340076
648518346354162412
1008806316556972209
1297036692699986839
1224979098678578793
864691128476032195
1369094286761216969
1297036692700793262
576460752318867639
1369094286744442848
648518346375597378
864691128481871701
1369094286751125036
1224979098661076949
504403158290088678
504403158286654869
1369094286737655461
576460752318344750
1369094286744503686
1224979098665347613
648518346354999001
576460752341291852
576460752320381984
576460752322768571
1369094286754678403
504403158306843102
1224979098660121309
576460752343846093
864691128489543098
1297036692706203729
1224979098660013951
1224979098687076545
1008806316573144779
1369094286737942281
576460752322727564
648518346361615954
576460752347592786
1369094286767173010
504403158290446006
1369094286751685550
648518346354982859
504403158282561323
1297036692721660371
1008806316555553283
1008806316573111440
1369094286737066568
1369094286739678869
504403158294018912
576460752319598255
1224979098660016684
576460752318354052
1369094286741715527
1224979098681659609
1008806316568040544
648518346363849890
1369094286737082114
1008806316548346609
864691128479842440
1008806316570051689
504403158281446167
504403158283129953
1369094286740544414
1224979098676478358
1369094286760279911
1297036692719962620
1297036692699995875
1297036692709518062
1224979098660301626
648518346354980737
1369094286759646016
576460752322753501
1224979098661954176
576460752322780760
1224979098660297314
1297036692700188921
1008806316557188624
1008806316570097962
504403158281449513
1008806316579819624
864691128472669935
648518346375811640
648518346386747853
504403158281339787
1008806316548346499
1369094286737080073
1369094286741696067
504403158282149713
648518346356075910
1297036692707676791
1369094286737077225
1224979098660291064
1297036692709411047
1297036692703626010
1008806316547504549
576460752328250781
1224979098669600403
1224979098665893236
1224979098665885404
864691128473154284
1369094286755149674
576460752343829245
504403158286644517
1369094286765925725
1008806316557072837
1369094286744430325
576460752317375509
576460752347740866
648518346386493727
1008806316547711265
1224979098681971651
504403158281342218
504403158306799630
1008806316562328689
1008806316547506280
1008806316550250804
1008806316555604562
1008806316547944097
1008806316550227081
1008806316550138710
864691128475750890
504403158297731839
504403158287495171
1369094286737163308
1369094286765524090
1008806316547713953
1224979098678240098
1369094286751541052
1369094286746604881
1297036692703626010
504403158282555300
1369094286737944785
864691128474200017
576460752319592167
1297036692707586146
504403158287496985
864691128501016242
1224979098665908183
576460752317580542
504403158293801504
504403158284576782
1369094286743186396
1297036692719813644
1008806316551167471
1369094286759646151
576460752326387081
1297036692706207380
504403158293905759
1297036692731919553
864691128478082240
1297036692704603320
1224979098664792870
1369094286740483587
1297036692721827543
504403158281703533
1008806316548332240
648518346354638504
1224979098660966444
1297036692703665451
576460752347366367
504403158286743389
1224979098660032918
1224979098676485785
1224979098681918471
504403158289607597
504403158283114458
648518346361699988
1224979098660956857
1297036692700183729
1224979098675161999
648518346369097933
864691128489668598
504403158283780074
1369094286737305336
1297036692721839563
864691128478162085
1224979098674329925
576460752347156967
576460752317374211
864691128478049139
648518346368944568
504403158283115716
1297036692707659108
504403158293888518
1008806316573121737
1224979098682206980
504403158283764892
576460752317582487
504403158283778440
648518346386351074
504403158297731839
648518346356818076
1008806316547702796
648518346378714407
864691128476875292
1224979098681827160
576460752347719894
648518346373636208
864691128478060887
864691128473621277
648518346355508692
576460752355290012
504403158283145006
1224979098678465155
1297036692732043347
1297036692700413190
1008806316550033155
576460752343973311
1297036692704552925
1224979098660617100
864691128498234437
576460752326239793
1224979098661970816
576460752354767967
1297036692724751196
1297036692700865315
864691128479700220
1008806316549494516
1369094286737157410
1369094286737653949
576460752344020401
648518346355482444
648518346354616275
1369094286737299485
1297036692719808732
1297036692699947989
1008806316548898269
648518346354608650
504403158287468610
576460752328195416
648518346356100486
1224979098660016651
1297036692707639670
648518346386236655
1008806316553764149
504403158285446143
1297036692706226136
1008806316549431690
504403158285314727
648518346373453641
648518346355505942
648518346361639569
864691128475883870
504403158284607098
504403158283050240
864691128489663089
1008806316547709135
1008806316547946027
1224979098660111831
576460752318360568
504403158293156106
864691128500989460
504403158297773178
648518346373546286
1369094286746749390
648518346354639505
1369094286754789388
1369094286737297104
1369094286744454350
576460752318325686
1297036692714615524
1008806316547655156
864691128478213488
1008806316550178296
504403158297711959
576460752319532485
576460752326216206
576460752324336079
1224979098660025590
648518346354314274
648518346356773300
1297036692731976205
1224979098660616106
1297036692702699596
1008806316551192765
1369094286760634312
1297036692703656780
1369094286737069093
648518346354624298
504403158297743009
1224979098663644632
1297036692701935266
576460752317583960
1008806316573098053
864691128473541658
576460752326240368
864691128476905834
1369094286740539493
504403158281347170
648518346360211455
864691128500732728
504403158300649844
864691128476973877
1369094286740526335
864691128476932701
504403158285408098
648518346355509503
504403158281346480
648518346354613625
648518346355502718
1224979098664731656
576460752323339586
1297036692700869509
1224979098678259500
864691128476948909
1008806316553910106
576460752324532037
1008806316548329858
576460752318310067
864691128497926435
1008806316547497404
1008806316556955837
1297036692707773759
1008806316553785322
576460752324501153
504403158293630635
1297036692721685828
1297036692700790755
576460752322798768
1297036692731971582
1224979098660021742
1369094286746412158
576460752334517040
648518346354115793
1297036692700777203
648518346354312706
1369094286737674538
1224979098662830462
1224979098687507518
1369094286737291060
864691128474153619
504403158283115716
864691128474150496
864691128512689878
864691128473614133
1369094286744465911
1297036692709848126
504403158283139462
576460752321611299
504403158284610206
576460752318857640
1297036692724614564
1369094286737082963
864691128473159195
648518346354329960
1297036692700174353
1369094286743117428
648518346354990955
504403158290248982
1369094286739707975
864691128477026948
1224979098687382895
504403158300396032
504403158284621001
1297036692701945878
648518346356059549
576460752317568878
576460752319621879
1008806316547466933
648518346356890944
1224979098662688520
864691128479876657
1297036692707651963
1008806316551277427
1224979098664706216
864691128474952411
648518346363849890
576460752347280478
576460752326363848
1297036692721821678
576460752317574740
504403158282134152
576460752365530120
576460752322786863
864691128524953369
648518346375834460
648518346363880442
1224979098662830462
576460752321559724
504403158283115716
1369094286744495288
1008806316567973102
1008806316548346499
504403158283139462
1297036692704695245
1369094286739690213
504403158287454104
504403158294018957
648518346354996904
1224979098681660082
1297036692701874854
864691128524825447
864691128474998445
864691128504835258
648518346357876524
1369094286756516969
504403158281235751
864691128500876996
1008806316549495368
504403158281701714
1224979098660617500
1297036692716758881
1224979098661954842
648518346373581747
504403158283780074
1369094286739707975
504403158300396032
504403158284621001
1297036692701945878
648518346356059549
1297036692702681070
576460752317568878
1297036692703659546
1297036692707651963
648518346356880553
1008806316555584358
864691128474952411
1008806316548892184
1297036692721821678
648518346361639959
1297036692703626973
1297036692701929961
576460752320531538
1224979098681942519
576460752322786863
576460752317405452
864691128490173202
576460752347121836
504403158287446036
648518346364156161
1369094286740501342
504403158281241321
1224979098666024911
1224979098674973120
576460752347522169
576460752355277261
648518346358753069
576460752334517040
504403158284513132
1369094286750897246
1297036692700777203
1224979098661075876
648518346360307802
1369094286744498141
864691128497892066
1008806316552403959
1008806316548882521
1297036692714673026
1224979098660296472
648518346373494238
504403158283128469
1008806316567973486
1369094286744495288
1224979098660634221
648518346355495682
1008806316548346499
1224979098674877604
576460752322755390
1008806316547493765
576460752318343277
1297036692704695245
648518346354632467
576460752343861270
648518346355998788
504403158285327020
576460752321657266
1297036692700186223
1224979098682087389
1369094286751564111
864691128504835258
1369094286746900993
504403158281235751
504403158281517927
864691128479849684
1224979098660014056
864691128500876996
648518346354975112
504403158300346477
1008806316549495368
1369094286738450445
1224979098661954842
1369094286737163308
1008806316553829119
1297036692700417961
504403158281245760
504403158282569439
504403158282157862
504403158281700198
864691128512380411
1369094286759428638
864691128511878362
576460752319505686
504403158290203770
576460752318914758
576460752318344750
1008806316548892184
1297036692714629384
1008806316548865293
504403158287483323
576460752322779943
1297036692699952371
1224979098670290075
1224979098676472011
576460752334316274
1297036692701929961
1369094286765628957
576460752317854057
1297036692699948259
1297036692707743770
648518346357857809
1369094286751246341
864691128473157661
648518346361607763
1369094286737299529
1369094286737080697
1369094286760443918
504403158282562669
576460752326353056
1008806316547465778
1224979098676363478
1224979098661979748
576460752321674748
1008806316553913511
504403158283128872
504403158281701175
1297036692700056505
1008806316547465628
864691128515485909
504403158281813401
504403158282122531
1369094286739690213
1008806316547964608
864691128476000002
1224979098681660082
1297036692706162494
576460752365587640
504403158281325108
648518346368905015
1297036692702609904
1224979098660113435
1369094286737951966
576460752328208532
1224979098678367723
1369094286765524090
864691128473621930
1297036692704549648
648518346379000879
1008806316570112079
1369094286765917777
864691128474952411
504403158297776472
864691128497888738
576460752318915115
648518346386464885
1224979098678181713
1224979098661457854
1369094286760563708
1008806316555604941
1297036692706224378
648518346354625372
1224979098661459845
1369094286737176789
1297036692700172714
864691128472667700
864691128483821611
864691128473562518
576460752326228960
1297036692699980048
648518346355486252
1297036692706315821
1224979098682037042
504403158288196490
1008806316547947536
864691128475732627
864691128498073412
1224979098670507208
1369094286737071740
1008806316547963978
864691128489591016
504403158281701714
504403158290273446
1008806316557049852
576460752320461069
1224979098667235925
864691128490134027
1008806316549356067
1369094286740493283
504403158281340796
1224979098678186554
504403158291521843
1224979098687393098
576460752317920710
1224979098681925443
1224979098666018497
1297036692699947149
1008806316547946121
1369094286739015664
1297036692701885126
864691128476904168
504403158299772357
1369094286739821677
864691128476888592
1224979098660014196
504403158281451864
864691128472667445
1224979098665993767
648518346356102751
504403158281325569
504403158282551723
504403158282057200
864691128524092309
576460752322822894
504403158281706956
504403158281339787
1369094286737936002
1369094286737170366
1369094286737174019
864691128483935880
504403158287423286
1008806316570179357
864691128489482345
504403158294018957
576460752328089586
504403158287421293
1297036692714553315
576460752343933302
1369094286739024809
648518346378827919
648518346378877180
1297036692721790205
1369094286737944645
864691128473157847
504403158281335202
648518346360279538
1008806316555584358
864691128476951830
1008806316557200925
864691128481865603
1369094286741608529
864691128504446236
1369094286760559950
1008806316553675589
1297036692719744048
1369094286741743301
1369094286737663530
576460752322736008
1369094286760284835
576460752322714156
1369094286738440369
648518346373539325
648518346356111483
576460752324413204
864691128473171067
1008806316573293419
1224979098661452196
576460752347569505
1369094286756620569
648518346354630448
504403158281233353
576460752320464390
1224979098661076089
864691128473548352
648518346363696786
504403158293599756
504403158281344641
648518346369084281
504403158281342733
648518346354619362
864691128500992469
1008806316548892292
1224979098686805126
504403158293812487
1369094286744411171
648518346358843285
576460752322747050
648518346354113218
1297036692707676791
504403158287409502
864691128523953657
648518346361685280
1224979098660124096
864691128478060887
504403158282575769
504403158281229286
504403158283780074
576460752326227563
1224979098660115897
1297036692702681070
1224979098664820461
1224979098674342433
1008806316548313169
1224979098676371304
1369094286751405145
1369094286737066670
1008806316556927445
504403158282145030
864691128490180817
864691128476929907
504403158300372811
864691128483952277
1369094286737295926
864691128472667895
1008806316562656304
1008806316573103389
864691128479875872
504403158284514384
1224979098669694923
576460752317374001
504403158282556065
1008806316570002659
1224979098681458980
504403158282570227
1008806316562483770
864691128474197509
1224979098670223472
1297036692699986906
864691128512414902
1297036692724630496
1224979098661971181
1297036692701301981
1297036692724626978
1008806316553863852
648518346356101138
648518346357876524
1297036692700176246
576460752334446786
1369094286754758204
1224979098683590943
1008806316556995056
1369094286739028823
576460752347884574
648518346360157571
504403158293821178
1008806316573049168
648518346361693241
1297036692701920790
504403158290084769
504403158307424611
504403158285399257
1297036692704705382
504403158281706352
1297036692731784434
1297036692716760239
864691128498225006
1008806316552411021
648518346363585547
864691128474150496
1297036692699946969
1224979098661193414
1008806316570010461
1224979098660013951
1369094286743190405
648518346368935732
1224979098666006653
504403158294145546
1369094286756653409
576460752328115738
648518346354066122
504403158282561323
648518346354318493
1369094286751531565
1008806316552403959
504403158284580564
504403158286712006
864691128500879783
1224979098664816241
504403158290197520
648518346373559999
1297036692702621743
864691128477023800
648518346373606161
1224979098674652174
648518346356089359
576460752347181604
504403158281250050
1224979098687296244
1224979098682180507
504403158297773178
1224979098662844788
1224979098687005612
576460752341310395
1008806316547493780
1224979098681441179
504403158287483323
1224979098661084350
504403158308025386
1369094286737667114
864691128483935063
648518346356073622
1297036692702691608
504403158281710438
504403158284597038
1369094286737074271
864691128500880587
864691128483940327
864691128476032983
864691128479838226
864691128501033490
1369094286756516969
1224979098660014323
1369094286740532346
1297036692707512408
576460752324347640
648518346375749253
504403158281515203
1224979098676371304
504403158285379059
1008806316547710399
1369094286737667114
864691128476004452
504403158287493912
1008806316547701355
1369094286765484179
1008806316553739789
1224979098660113200
1369094286740486199
1008806316548901016
864691128478077822
1008806316547966870
1297036692707647503
1224979098660023972
504403158283804242
1369094286737074987
864691128524965084
1008806316555555171
1369094286740516909
1224979098662674722
576460752324530911
1008806316579967522
1224979098665903222
1369094286746432250
1297036692701910879
1224979098667221614
576460752322740603
1008806316573775854
1224979098687316829
1224979098681931611
648518346360313689
1224979098660122960
864691128478149590
648518346354993612
576460752322931698
648518346360203963
1008806316547507196
576460752318929901
1369094286744422042
504403158290098543
1008806316551264798
864691128483824348
1224979098674999266
648518346373729392
504403158300321825
648518346386699013
1008806316551262147
1224979098660025373
504403158294013313
1297036692709727465
648518346361667086
1224979098678154424
864691128524825447
1297036692700800124
504403158285308774
1369094286743199454
1369094286740534149
1369094286744475990
864691128481895151
504403158290312799
504403158297742598
648518346354996904
864691128474980643
648518346373581747
1297036692714479340
1008806316555625992
1297036692721788741
504403158283152188
648518346356880553
576460752328292535
864691128479803174
1369094286765790471
1224979098674761571
1224979098662691957
864691128476931073
1297036692706224378
576460752324487654
1297036692721847760
1224979098664804558
576460752354960400
504403158297595867
504403158296225032
1297036692700182488
504403158282555816
1008806316573227535
504403158283140822
576460752321632205
1369094286737076875
1224979098678462740
648518346355498143
576460752318873507
504403158281337948
864691128476979274
1369094286739713571
1224979098670431947
1369094286738438443
648518346356889651
504403158283780384
1008806316580268000
1224979098660300334
504403158281513160
864691128478056074
1297036692719846390
648518346356932766
648518346356894430
1369094286737299652
864691128473545774
1369094286737162090
648518346360169063
504403158287476439
576460752326212181
576460752317850331
1008806316555542083
504403158296305671
864691128490173202
1224979098660109837
576460752319601074
864691128481830520
864691128504721185
1224979098666038119
1369094286737187800
1369094286765443404
1008806316553771501
648518346373655145
648518346364007508
648518346357915751
504403158289641131
504403158281262864
1224979098666019980
1224979098660013981
1224979098678480067
576460752317852830
504403158287461786
1008806316551180189
1224979098676369250
1224979098681964577
576460752317574503
576460752321594225
504403158286709416
1369094286739096870
648518346357906654
1224979098674908391
1224979098661483851
576460752326375808
576460752326397680
576460752347147442
1224979098674548329
1369094286746502187
1224979098687640280
648518346386269745
504403158281230160
1008806316568047584
504403158289614294
864691128476976517
1369094286737949578
1297036692700419586
1297036692704622585
504403158297731839
1369094286751668468
1369094286740545752
1224979098664721591
504403158296267552
1297036692714740695
1224979098661967336
648518346354981155
864691128473533320
1369094286756465490
648518346358747841
576460752321637611
1008806316550219968
1224979098660621897
1224979098676498901
1297036692703656780
1369094286737168461
1369094286739690233
1224979098661077033
1224979098660310303
648518346361700003
1369094286739020637
504403158281340633
648518346354331428
504403158283781536
1008806316553981789
1297036692724714994
648518346363758478
1369094286741756951
504403158281352725
1297036692704578432
576460752326242219
1297036692724630496
576460752326381004
1224979098661943131
1369094286737942527
504403158297711415
504403158285430653
1008806316557090895
1369094286760432886
504403158281520050
864691128476930910
1369094286741738735
1008806316547507022
648518346354065022
864691128477030854
1008806316547698825
504403158282130513
1369094286759440871
576460752320392368
648518346354618903
1008806316553768142
504403158287492270
1224979098670532852
1224979098666015986
504403158307132581
864691128489455002
504403158285428189
504403158297685699
1297036692707668323
504403158283120279
1224979098661948544
576460752347316940
1369094286760466508
1297036692700401965
504403158286712116
1224979098662140555
576460752317376214
1369094286737068568
648518346360298980
504403158282139082
576460752328099732
1297036692714895421
1008806316549489997
504403158283762210
648518346355001420
504403158281444919
504403158287477030
648518346373458507
504403158281228566
504403158297743009
1224979098661970127
1369094286737161373
1224979098675163611
504403158306726129
1297036692701902346
1008806316552510612
648518346354638065
1297036692700788251
1224979098660023240
648518346354995122
1369094286737157325
1224979098660108638
1369094286737076959
1224979098665890262
576460752326234020
576460752324342627
1369094286756474157
648518346354065615
1008806316548885061
504403158281234908
1008806316548344730
1297036692714677764
648518346355511773
1369094286741704957
1297036692704886374
1369094286751156750
1008806316573015326
1008806316552447133
1224979098660628752
576460752321595357
648518346360211455
648518346354998958
504403158284513132
1369094286750897246
504403158283910129
1369094286740425774
576460752322723501
1369094286739014544
504403158286726653
576460752317405257
1369094286739819394
1224979098660109837
504403158281237127
504403158281237004
504403158281518895
1224979098676472011
504403158285410019
1008806316548867233
1008806316547947719
504403158281323577
504403158296367846
648518346354069432
1008806316547466993
864691128479692401
1297036692699990533
576460752347488884
504403158281333848
1369094286741756673
504403158281228701
504403158282552050
576460752319592167
1297036692700180112
1224979098660973176
504403158297621977
1224979098681691677
504403158297599175
1008806316573099311
504403158297757344
576460752365205020
1008806316547706555
1224979098674781560
1297036692719945154
1297036692707649123
1369094286746980779
1224979098660635274
576460752344016829
1008806316549497244
1224979098660110866
864691128480174555
504403158283764892
864691128490140358
864691128475853586
1297036692724488627
864691128476902214
576460752326422732
1008806316548354565
1297036692706162494
576460752328089586
504403158287421293
1297036692702609904
576460752326216206
1369094286737667114
648518346356773300
1369094286760634312
648518346356793775
648518346354064737
1224979098660029149
648518346354326462
1369094286744496081
1369094286737301248
1369094286737065214
1224979098674790498
1369094286756671807
1297036692700794752
1369094286744475990
1297036692699998627
576460752347398699
648518346373573792
576460752317849835
648518346354115793
576460752321631621
648518346355487761
504403158281237180
1008806316547502753
504403158285472597
1008806316548354565
504403158290086723
648518346361704432
1297036692706199958
1369094286737300741
648518346354331740
1224979098664721591
864691128524157867
1369094286739020637
1297036692721945952
1008806316573319284
864691128473623124
1297036692706321456
1369094286760316763
1369094286737072669
1297036692706164185
576460752326299590
1369094286754848720
1369094286737065117
504403158281325108
1008806316553744390
1297036692731854204
1297036692714521094
504403158283773563
1008806316547502383
504403158306526600
504403158286711885
1369094286751381361
1297036692700778160
1297036692704693830
648518346364108255
576460752343970982
1224979098675092024
648518346355496337
648518346386912436
1369094286751153680
864691128479688213
1224979098661965488
1008806316579907875
1224979098661966685
576460752317375614
1008806316547499788
1369094286741743301
648518346360169912
1297036692731110948
504403158294042472
864691128500924378
1297036692721928896
1297036692719789734
504403158281234003
1224979098661469985
1297036692701920603
1369094286741735891
648518346354323523
1224979098676466854
1224979098660953969
1369094286740543449
648518346354164226
1297036692706182168
504403158285307396
1369094286737957629
576460752365313379
864691128500882095
1224979098660300889
1297036692701893655
1297036692703691302
1369094286738456935
1224979098678185207
864691128475004639
1297036692700889920
1297036692731979995
1297036692700173485
1297036692700000342
576460752341026244
1224979098687781773
864691128524308104
1224979098687418720
576460752320453563
1008806316548318922
1008806316548355101
504403158299798167
1369094286741625647
648518346356752796
576460752355153595
1008806316557200925
504403158282558059
1369094286746915790
504403158307446194
1224979098660613259
1224979098665347613
864691128476033078
648518346360200781
1297036692699948619
576460752355311273
576460752328336597
1297036692706246591
1224979098662830462
1369094286739819394
648518346368605161
504403158281233191
1224979098676469955
1224979098664978159
1297036692700403574
1297036692731581044
1008806316547502753
1008806316548351387
504403158284598226
864691128472669965
576460752324383314
576460752317374436
864691128473558575
504403158285472597
1297036692706199958
1224979098661982183
648518346357856530
1297036692700412082
1297036692714865261
864691128473623124
1297036692706164185
576460752326299590
1369094286754848720
504403158281517927
864691128472668720
1297036692719795488
1297036692702693665
864691128489591016
1369094286738467202
864691128473166795
648518346361703167
504403158286711885
648518346354065780
864691128475706388
1297036692704693830
648518346363585828
504403158306553131
1224979098661207134
576460752326435965
864691128524630680
864691128472670175
1224979098675092024
1224979098661484790
1297036692699948124
1224979098681553093
504403158307067541
1369094286737946741
504403158282145030
1008806316555408808
864691128489628898
1297036692703672256
1224979098661484790
1369094286751499439
1224979098678267422
1008806316552529216
1369094286738433263
648518346355484941
576460752317566408
648518346369209798
504403158285445790
1369094286751013228
864691128478166068
648518346379020418
576460752341111509
864691128483958277
1008806316557011949
1008806316549337947
1369094286737952666
1008806316552407231
1369094286754745673
648518346360176103
1369094286737960114
1224979098662675531
864691128489699520
648518346356767356
648518346360310893
504403158281519853
1224979098687076427
1008806316552522287
1369094286754862240
504403158281707228
504403158282539991
648518346355466750
576460752326404408
1369094286766032749
1224979098661464771
1008806316552530965
648518346355997505
1297036692700482285
576460752347304302
648518346355515085
648518346386976872
648518346354310164
504403158282555300
864691128474955664
1008806316555408882
1297036692707773759
1008806316551275383
1008806316553744390
576460752318310170
1297036692714521094
504403158283145006
504403158283773563
576460752324435526
504403158286727280
576460752355289536
1008806316548340239
504403158294402234
504403158281696196
1369094286746757877
1369094286741743301
648518346360169912
1369094286737187648
1008806316547466213
1297036692699947989
504403158294042472
1297036692721666766
504403158281333383
648518346378570007
1224979098660960123
504403158307144310
648518346354757527
1297036692704577200
1008806316580620046
864691128475757870
1369094286740486199
576460752347686039
504403158283138203
1369094286740518576
1297036692702689589
576460752318872633
1369094286740507575
1297036692699989279
864691128504582471
1297036692714798657
1224979098660631014
1297036692700180996
504403158296302900
648518346364139681
1369094286737945083
1224979098687482075
1297036692700782296
1224979098687405323
576460752317574904
504403158287477030
504403158283151147
1297036692714865261
1008806316562697993
504403158287499021
1369094286737937315
504403158306907379
504403158281229901
576460752326201677
1008806316548880505
648518346373756372
648518346357787658
648518346357860334
1224979098665905289
1297036692706226827
1297036692699947314
504403158281229931
1297036692701955600
504403158284914481
1224979098664795252
864691128474155836
1008806316547699655
1008806316553834639
864691128483801791
648518346356765754
504403158281446315
1297036692699948574
1224979098674627548
1297036692700400524
1297036692721795456
864691128500775755
1008806316557027539
864691128481987834
504403158299824302
1224979098681360295
648518346354162177
1369094286751045860
504403158281328803
576460752334096049
864691128484003332
1369094286751550461
1369094286754979286
864691128498249028
1224979098665890934
1369094286737294742
1224979098660124415
648518346386320778
504403158282574662
1008806316573099311
648518346361652805
1297036692702695510
1224979098664721591
1224979098678475988
1008806316547711089
864691128498142046
1297036692700478762
1224979098660021159
576460752317402628
1369094286744486424
1297036692710037532
1297036692722389208
504403158287478948
1369094286759646016
1369094286737953951
648518346358773730
864691128489564876
576460752317852132
504403158283793544
504403158284590315
1224979098662822156
648518346373477581
1297036692731013856
648518346356818634
576460752343872997
1369094286766053875
864691128481837299
1224979098665900171
648518346354999401
1369094286737653135
504403158281228836
1369094286756637282
504403158290191379
648518346354065979
648518346368899896
1008806316547699655
1297036692700178543
864691128524220985
648518346358714343
1297036692701387842
1297036692714262064
864691128512979603
864691128481892988
504403158283140720
1369094286744497573
504403158281451495
1224979098660620263
648518346368770801
1369094286756472373
1369094286739674577
1224979098678472930
504403158284590335
1297036692701318710
648518346364007508
1297036692699954414
1297036692702688194
1008806316580381195
504403158306944442
1008806316548910293
648518346354166108
1369094286759625130
1369094286765968151
504403158287461786
1297036692701301145
1297036692719745407
576460752322788680
648518346354070479
504403158281333579
648518346378600555
1369094286737165592
576460752340996979
1008806316551270823
1224979098660628619
648518346354980667
1224979098660014041
864691128501016242
864691128476932307
1008806316562455785
504403158281232981
504403158296271339
504403158285472597
1369094286738449095
576460752341012523
1369094286740543449
1369094286737306798
1297036692706199958
1008806316547493290
864691128481942906
1297036692700412082
576460752347183020
1297036692714691251
1369094286751414308
1297036692709815584
1297036692706233921
1369094286749271372
1297036692731854204
576460752365115857
648518346356818076
648518346354346813
864691128498047262
576460752343784013
1297036692721945952
864691128475100601
504403158307022748
1369094286738449137
576460752320396986
864691128476907093
1297036692702724373
648518346356789675
1297036692701872616
864691128475855697
1369094286743083315
864691128501056762
1224979098667203673
1224979098660954663
504403158289639025
648518346375597005
1224979098670443258
864691128524044040
576460752318352090
864691128481878837
576460752334348170
504403158294116046
576460752321505502
504403158282146534
648518346358768128
1297036692700184117
576460752321666468
648518346354310820
576460752317401701
1297036692721662706
1369094286739711713
1297036692699947089
1224979098678477321
1008806316567928500
1369094286737658120
504403158281237180
1297036692714727551
576460752334310670
1224979098665919497
1224979098660117188
1369094286740544712
1224979098680947450
1008806316548346499
576460752333940802
1369094286744437060
576460752319576521
1224979098681964577
1369094286759612205
864691128479819069
864691128525420537
1008806316547493765
1224979098674968440
1297036692719745407
1224979098674963592
1297036692731309616
1224979098660415839
504403158307166042
1008806316548869046
1297036692706218742
1297036692704563730
504403158285315721
1008806316547494515
1297036692706239765
1224979098663653236
1369094286756465490
648518346360208158
648518346375820320
1008806316548882225
648518346360177285
1297036692700400471
1369094286739111141
576460752322765884
648518346378877180
1297036692699987086
1008806316579906505
648518346355496337
576460752358527212
1008806316553765753
1008806316547467173
1297036692700485980
1224979098660114360
1297036692724732897
1369094286737304040
504403158294145546
1369094286737958185
864691128524157867
1297036692706321456
1369094286760316763
1369094286737065117
504403158281325108
576460752341189072
504403158281702757
1224979098662694718
1297036692700866351
1008806316579907875
1224979098660632923
576460752317583960
1224979098676478358
648518346356793446
1297036692731110948
648518346356801608
1224979098662707622
504403158293139689
1008806316568182503
1008806316556621182
1297036692699995622
1369094286739027579
1008806316550035621
1008806316547465538
504403158281239998
576460752328060667
1224979098662675531
1369094286746427375
504403158281232579
1297036692702621758
1297036692700398346
648518346354321132
504403158284783418
1224979098660018417
576460752321674998
576460752318916437
1369094286760697912
1224979098661460576
576460752320320957
1224979098678329984
1008806316568073744
1008806316549402427
1224979098661463948
1369094286751151028
1008806316553977790
1297036692699948664
864691128504835258
576460752322808818
648518346361662558
1369094286754857012
1297036692702706314
864691128500876996
504403158283133086
1369094286744436557
1369094286737078438
1224979098674652174
1008806316555634695
1297036692701880233
1008806316570037832
1297036692714687707
864691128512414902
1224979098661490868
1224979098661943131
1224979098674787055
648518346354317744
576460752347588808
576460752322924170
576460752347587829
576460752321575597
1369094286746531123
504403158282133924
648518346354308939
504403158282147273
1008806316555611242
1369094286737659949
504403158281702653
1369094286737078243
1224979098686805476
1369094286737072163
1369094286754732699
1369094286744504082
1297036692699993152
1297036692700181794
1369094286749021516
1369094286755162172
1297036692716767428
648518346354113959
864691128475745480
648518346368828257
1369094286744457618
576460752320378612
1008806316550197610
864691128476973570
1369094286754674266
648518346354614772
1369094286756610170
576460752326349100
1008806316553663508
1297036692700779188
504403158296251675
1369094286739029283
1369094286737074009
648518346358833002
1224979098660301310
576460752322924454
576460752324575327
1369094286738455346
504403158281229406
648518346368645090
1297036692707492474
1297036692704721157
1224979098661480187
1008806316562343637
1008806316573298942
1369094286737300741
1369094286765447691
1369094286743104158
504403158307132581
504403158296315542
1008806316553753461
1369094286756459233
1369094286746900993
1224979098676483224
1297036692700777021
648518346373553155
1224979098660629982
1297036692702697840
1369094286737160346
1224979098660622131
576460752320397607
648518346360210131
504403158281509205
576460752321668789
648518346356089359
576460752326347162
504403158286752807
504403158296260794
1369094286746492287
576460752334239302
1297036692702709182
648518346354311395
504403158285466276
1008806316547499788
504403158281713735
1224979098681236982
648518346360142667
504403158296252340
1369094286737297057
1369094286737933479
576460752318933760
1369094286754898656
648518346357897420
648518346355992160
864691128473171016
576460752334155297
1297036692700167550
1008806316573251549
1224979098660955105
1297036692721787213
576460752317898777
1369094286744054439
1008806316547491885
576460752321666468
504403158281229691
1297036692719951096
1369094286746511804
1369094286751670908
648518346354325661
504403158282570135
504403158281346240
1369094286739726223
1297036692700420400
1224979098662679650
864691128479806080
504403158299689611
1369094286737943300
1369094286739707553
1297036692702717279
864691128473154049
648518346358834721
1297036692719760775
576460752318310429
1224979098660309754
1224979098663626989
1008806316556961316
1297036692721947036
576460752317339425
864691128472668000
504403158283886904
1297036692700409908
1369094286738444707
1008806316557016388
648518346360156090
648518346354983623
648518346354323508
576460752317847032
864691128513102544
1008806316547959335
648518346373463662
864691128513253511
648518346354064917
1008806316548900325
504403158286640322
504403158286748307
504403158281697327
1369094286739084952
864691128476962020
864691128474999811
504403158297739153
864691128478051775
864691128476921185
1008806316556981445
504403158281335736
648518346354326982
648518346357903398
504403158283128073
648518346363893426
1369094286751045691
1224979098670405035
1297036692701887094
648518346368776906
1297036692702694361
864691128512906823
1224979098662840631
1369094286739080471
504403158281713963
504403158290086723
648518346361704432
864691128524157867
1369094286754968835
504403158306526600
1369094286751153680
1224979098661966685
648518346368840262
504403158297724172
576460752320531538
1369094286740536627
504403158281240767
648518346354327212
504403158281233353
648518346354986516
576460752322811706
1297036692701300070
1297036692714706654
1369094286739082207
1297036692699947314
1297036692701322237
648518346356088505
1008806316580620470
576460752321573830
648518346354325950
1224979098661953958
648518346373607470
1224979098660622843
1224979098676363243
864691128483953035
864691128524045333
1224979098660631553
1224979098664726928
1297036692731017393
864691128511882439
1008806316547507022
504403158294412631
1369094286743084898
1297036692699947494
576460752318352090
576460752317374496
504403158281238795
648518346378490864
504403158287470149
576460752317375306
1224979098660629351
648518346386354124
1369094286737072669
1369094286751001275
1369094286741744032
1008806316548336239
648518346354166525
576460752320516173
576460752318304256
576460752358043523
576460752317374451
648518346354065386
1008806316580664198
504403158290052542
1224979098660039251
504403158282135945
576460752365747779
1369094286737070917
1224979098661943739
864691128476036679
576460752317848170
576460752320448247
864691128489660821
864691128490136443
504403158293776370
1224979098660110199
1297036692699994185
864691128472876980
576460752324541643
864691128497851651
504403158281708164
1224979098660962339
1224979098669729127
576460752324384544
1297036692707636217
504403158285309776
648518346354998160
1369094286751002922
1369094286740423996
1224979098670435991
1224979098674791442
504403158281520982
576460752318858314
504403158286655206
1369094286737157542
1008806316570013254
648518346357791187
1297036692701942685
504403158281233191
1369094286737064872
648518346356100152
1297036692699978285
504403158296260250
648518346358754973
1369094286737300946
648518346354070691
576460752317901055
1369094286737578979
1369094286739715373
1224979098660965109
1369094286740494490
1224979098663610438
1297036692731581044
1224979098665910244
1369094286751389348
1224979098682308697
1224979098678480067
1297036692707686050
504403158296286033
864691128472667670
864691128490245764
864691128489475199
1297036692731630995
1369094286744508411
648518346363699015
504403158283120327
648518346354633084
864691128472669965
504403158297757344
864691128472669560
576460752343852710
504403158297621783
1008806316547961072
648518346369099528
1224979098660296900
1224979098660311465
576460752317846906
1224979098660312342
576460752317845999
1297036692709802332
648518346354613872
504403158283145055
576460752326255293
1369094286751657920
1008806316548889881
576460752355311273
576460752317401543
1224979098681324956
504403158296254134
864691128524331255
504403158289629438
648518346375814930
1369094286739826779
648518346378769527
648518346360207645
1008806316547706401
504403158300345739
864691128500739621
504403158283133745
864691128500737827
1008806316573080450
504403158287338508
1224979098687232953
504403158283150567
648518346361656681
1224979098660111481
1297036692702589493
504403158287396725
864691128476973570
576460752320532289
648518346355007964
864691128504664811
576460752343954139
648518346354314206
1297036692714616986
1297036692719918091
576460752326375865
576460752328115738
1369094286737288789
648518346354613872
576460752343955403
648518346354180918
1297036692700793262
1297036692701321265
1224979098667236198
648518346378744773
1369094286751375228
1369094286760548910
1297036692719771407
648518346355498544
1369094286737656947
1297036692699992440
648518346355011356
1224979098676384794
576460752347165929
1369094286759643965
1008806316568044126
1008806316550138231
576460752316907924
1224979098660024027
1369094286765851447
1224979098665938827
504403158293783290
576460752324573116
504403158281330624
1297036692721659754
576460752319493910
504403158290735836
576460752344238793
648518346356776631
1369094286737066450
648518346363836971
1297036692701388180
576460752347740866
504403158281232981
1224979098688805818
1224979098660949208
1008806316555616568
1008806316547493233
504403158285310589
1224979098678172268
1297036692714987412
1224979098660301485
1008806316555612544
1297036692724860189
1224979098676459186
504403158287829193
576460752321670435
576460752326235383
576460752321607450
864691128490193650
648518346363976822
504403158290083322
648518346363910169
1224979098660962608
504403158281237709
1297036692700777203
504403158300495657
1224979098661952709
1224979098660962339
1297036692724626978
504403158281706956
504403158284624429
1008806316570055735
1297036692707662591
1008806316555564514
1369094286754782783
1224979098670669854
504403158287424174
576460752344051306
864691128474198198
1224979098670638831
1369094286737940697
648518346354069432
1008806316548318587
1224979098674658423
648518346355506083
576460752317904113
1297036692700867451
1369094286744418889
504403158281331938
1224979098661080136
504403158297829459
1008806316573318708
504403158282149713
504403158286711578
1224979098667223786
1297036692719805536
648518346354065524
648518346358729408
648518346375707121
504403158281234003
864691128472667580
1224979098663637720
1224979098660632734
576460752343846093
576460752317574503
1369094286751392946
576460752321611299
504403158307433833
648518346386493727
1297036692706203729
504403158283162156
1224979098675081892
1369094286737302545
504403158283899144
504403158286641282
1008806316553765103
1369094286756449487
864691128490173202
864691128481865603
1369094286737297104
1008806316573160166
1008806316562660526
576460752322725521
1369094286741590512
1369094286737947781
1297036692714816277
648518346375537131
1008806316555618792
504403158282043889
1224979098660025373
504403158306944442
648518346354070479
576460752344016829
504403158281230160
1224979098661486226
1297036692703622854
1297036692700188179
864691128489779443
504403158281228926
1008806316547490064
648518346360177780
1297036692719764679
576460752365912579
648518346375681087
1008806316548324965
1008806316580658896
576460752317567362
1297036692707652135
504403158281245828
864691128498012092
1297036692700789970
864691128476912358
1224979098687494371
864691128474170581
1369094286739724960
576460752326352226
648518346378752965
1224979098674658423
576460752317923292
1008806316573109815
1008806316548355101
504403158299835758
504403158281515421
648518346355498544
1369094286737289264
648518346354168023
648518346361732958
864691128478161985
504403158297622979
864691128504633607
864691128500768527
1369094286743104295
1369094286739708127
504403158282044243
1297036692704586372
504403158286751097
1008806316562211610
648518346368943667
648518346354114900
648518346354320859
1369094286737932287
1224979098678625782
1224979098664720680
1369094286765757776
648518346361626297
648518346378752965
648518346378751900
864691128500924378
576460752328085428
576460752341292696
1224979098678240098
1224979098678477321
1369094286742975575
648518346354066207
864691128512052462
504403158290102003
864691128482014526
504403158284605343
504403158301139357
504403158300355195
1224979098666019980
1224979098686971776
1369094286744478617
1369094286737666520
1297036692709366939
648518346378507210
1369094286737293708
576460752328068603
864691128501022393
1008806316562617184
504403158283793015
576460752365918511
504403158284610206
1369094286737939028
1297036692700168979
576460752320489788
1008806316552392138
1008806316553738679
864691128475706585
576460752319488642
864691128481879972
1008806316567887714
576460752319491940
576460752318261044
1297036692702605841
864691128472670355
1008806316573027521
648518346356062118
1369094286737065473
1008806316567944633
864691128504835258
504403158285428189
504403158283120279
504403158284618221
648518346354638504
504403158281340633
1297036692700402560
864691128498136871
504403158281241192
1224979098660612486
1369094286737300280
576460752321679520
1369094286737070790
576460752347138454
864691128524209417
864691128524407871
1224979098661979891
1369094286737665627
1224979098681574344
504403158281229226
576460752333548440
1297036692699948604
576460752328299143
648518346354069432
1008806316552390172
1369094286766041256
1369094286746779904
1369094286737071975
1297036692719893245
1297036692724614564
576460752322894203
576460752328311141
864691128474155698
1369094286744452341
1369094286737305377
576460752328294464
1224979098660017954
1297036692706336950
504403158282138329
864691128524331255
1008806316557001492
576460752355132213
1008806316550183433
1297036692701384456
1297036692702730376
1008806316573064333
1008806316550219786
1224979098660030976
576460752341138278
1369094286746601796
1369094286756580269
648518346354983467
1008806316551202118
504403158284614703
648518346379020854
576460752326385015
648518346375812854
504403158281239914
576460752326418242
1297036692700168935
1008806316551270710
1224979098661482622
1369094286756670895
576460752324528380
1297036692700777203
648518346378818564
1224979098670700906
1008806316570200523
1297036692731680806
1369094286743665608
648518346354070676
1369094286737674538
1224979098665908183
576460752317580542
504403158281509687
1224979098681347907
504403158283118582
1297036692712632586
1224979098678185207
864691128500842735
1297036692704700839
1008806316550026488
504403158287428797
504403158306444782
1369094286739726223
1369094286740499364
1008806316572961543
1224979098661461769
1369094286737084285
1224979098660308978
864691128475760521
576460752334164202
504403158290184087
1369094286738451686
864691128481853657
864691128500773929
864691128472668240
1297036692707735044
864691128524026851
648518346361627899
504403158281509602
1224979098660293798
1369094286755305191
576460752326266787
1297036692700174396
1008806316548326895
576460752347117205
1008806316555643462
1008806316549402427
1224979098662674957
648518346360179816
1297036692703646467
504403158287500209
864691128476949151
1008806316547510708
1008806316555574210
504403158282044243
1297036692702694408
576460752365937498
1297036692700172018
1369094286737170956
504403158283115716
1369094286739028400
864691128498175965
648518346378490661
1224979098662676898
1369094286746945362
648518346354989864
648518346386691921
864691128476931489
648518346354310016
1224979098660956857
504403158283780074
1224979098664799596
648518346357192375
864691128500711675
504403158297750549
1369094286737302059
1224979098660612682
1297036692700176627
504403158287688775
504403158297745782
1224979098660034346
504403158284588434
1297036692719820408
1297036692719814373
1008806316547501470
1224979098660962369
504403158281232579
1008806316548346523
504403158296276275
504403158281519758
576460752318337797
648518346354069072
504403158283785199
1008806316549487280
648518346356060410
1369094286743197043
1369094286737297598
504403158287456414
504403158286751097
576460752343876904
1224979098665890934
1008806316549335841
1224979098676478497
576460752321661138
1008806316549001885
1008806316567914579
864691128483835075
648518346354161504
504403158294032413
1224979098666038119
1224979098662688981
1297036692721928896
1224979098686934913
1224979098662685037
648518346354067003
1224979098660315165
1297036692701951733
1369094286749006649
1008806316555408808
864691128500750114
504403158293770763
576460752328336597
1297036692706246591
1369094286737069042
1224979098660957481
1297036692724613932
504403158282147134
1224979098665913947
864691128479936673
504403158281711400
1008806316547489440
1008806316548313778
864691128524217084
1008806316567959473
1297036692721702242
576460752354998614
1297036692699947674
648518346354628697
576460752324440450
1008806316549420897
1008806316548351284
1297036692710035750
1297036692703626948
504403158289617868
1224979098660115618
1369094286746635173
1008806316552451857
504403158282143637
504403158281452089
864691128498034599
864691128472877182
648518346378721346
576460752333919547
504403158300612429
864691128500745895
648518346356752476
576460752318334546
1369094286741605151
576460752328074157
864691128472668105
1297036692699980031
648518346356820184
1008806316562312792
504403158281262864
1297036692719789734
576460752326371316
648518346356100486
648518346363755666
1008806316562458091
648518346354319319
648518346363910452
504403158281512309
576460752322810718
504403158286638284
504403158287496985
1369094286740496798
1297036692719772962
1297036692700168979
576460752326272457
576460752347215671
1224979098663630232
576460752318309885
1008806316567887714
648518346354323523
648518346357837068
1224979098676466854
504403158284509538
1008806316548355465
648518346356802988
864691128472668195
1369094286737073560
1369094286737068969
1369094286765586006
864691128500882095
1369094286751670908
576460752344015732
504403158281242529
504403158290446006
576460752355290012
648518346363874031
1008806316557065602
648518346373573600
1297036692709986165
504403158282135480
1224979098687577810
1369094286737971032
504403158285389703
576460752343933302
1224979098660310612
1297036692704582216
864691128476981300
1224979098661099074
1008806316555629875
1369094286739014209
1224979098663631058
504403158281450549
864691128475732627
504403158284611377
1224979098661075141
1369094286740522452
1369094286765732130
1008806316553773286
864691128475858287
504403158282545424
1369094286744485240
504403158282050391
504403158283111389
648518346354114244
504403158282566293
1008806316549371894
1369094286737959094
648518346386814012
1008806316580797878
504403158286648465
1224979098660016327
1369094286737071348
1008806316547496839
504403158296302593
504403158301492089
1224979098686805126
864691128478049139
1369094286739819806
648518346360280562
576460752365752007
1297036692699985318
864691128504459186
1224979098667242681
1369094286737076908
648518346361612287
864691128498136555
504403158283154814
1369094286737581841
864691128475998373
504403158284576782
1224979098674624552
1008806316570206080
1297036692721794760
504403158281329244
1297036692707577147
576460752328089098
504403158282575769
1008806316547466708
1224979098681356743
504403158293156106
504403158282122709
648518346354617421
1297036692699989948
648518346363687038
1369094286743095078
1369094286754874032
864691128475731450
576460752365537044
648518346356096971
1008806316552383562
1224979098660015193
1224979098681914207
648518346354064632
576460752317402628
1008806316552517158
1369094286742995438
648518346363585828
1008806316547711456
576460752334123426
864691128481977384
576460752317376334
1224979098674327447
504403158286727280
504403158290079127
504403158281515203
1369094286737674538
504403158287453628
576460752319484216
1297036692706178480
648518346375637438
1224979098660124567
1297036692702765779
1224979098660308082
1224979098661966393
1369094286746420771
1297036692721879756
1224979098670654036
576460752317581778
504403158287847425
504403158287469000
1224979098660023972
504403158283804242
1224979098667244159
1008806316550035621
1369094286754905205
864691128500887522
1369094286754872155
576460752355642427
1008806316567959473
1008806316547465823
1224979098660044890
1224979098664811713
1369094286737671524
1297036692701882769
648518346354314747
648518346378821040
1224979098664827929
1297036692700407035
504403158283151570
1224979098676474749
864691128484241969
1297036692700787514
1369094286737307113
1297036692702606073
1224979098660113571
504403158284599508
1008806316547465958
1224979098666009492
1297036692719944479
1369094286754900963
1224979098660118298
1008806316580252538
576460752318920562
1224979098660632694
648518346356757029
1297036692709661993
1224979098667224363
1224979098674658423
1297036692719789734
576460752321603415
504403158297767731
1369094286737656572
576460752321581580
1008806316562693783
1297036692701920603
648518346378718015
1224979098663623746
1297036692701893655
1297036692703691302
1297036692701937386
864691128475004639
1297036692700889920
1297036692731979995
1369094286738444848
1297036692700173485
1224979098687781773
864691128524308104
648518346378635664
1224979098687418720
576460752320453563
1008806316548318922
1297036692704703497
1008806316557200925
504403158282558059
1369094286760470050
1224979098660613259
864691128476033078
1297036692699948619
1369094286737580984
864691128479931426
864691128481950867
1008806316547493233
1297036692719758862
864691128474173472
648518346354999155
648518346355003653
504403158282568106
1224979098661962728
1297036692714673026
648518346356115323
1224979098660960123
576460752343829191
504403158287443133
1369094286737064902
1008806316551191795
576460752326374954
576460752326257113
1369094286765840075
1224979098660014496
1369094286747096795
576460752354546902
1008806316549341594
504403158286740466
1008806316553778384
1369094286768853789
864691128476932307
576460752318378142
1008806316562455785
864691128504584751
1224979098660120224
1224979098661469985
504403158293801504
1369094286740520100
864691128480174555
1369094286743129567
576460752347107285
1008806316548354565
864691128500707047
1297036692706182168
1369094286744465894
1008806316549366922
1224979098660617613
504403158307132581
1297036692700412082
1369094286754968835
1297036692731521262
1369094286746528756
1008806316552391617
648518346358745338
1224979098665902892
864691128501040936
1224979098678278257
1224979098665917108
504403158281342914
864691128479706558
1297036692703686995
1297036692700181702
1297036692701385823
864691128478089800
1224979098660302438
576460752322765884
576460752319434338
504403158282136570
648518346356771665
504403158300322743
1224979098660021437
864691128474955503
576460752347734332
1224979098660302108
1224979098660948731
1008806316553767536
648518346378859417
864691128475857249
1297036692699978609
864691128472669155
504403158285312130
576460752343761837
864691128497995114
1369094286743084186
1224979098661946851
1369094286743080754
1297036692724485169
504403158283114906
1224979098687005612
864691128479858720
648518346360177448
648518346360195335
1008806316557006450
576460752326415306
1369094286739012961
1369094286754777618
1224979098687395417
648518346361667497
1369094286754746276
504403158289830145
1224979098661465687
1297036692699946759
1297036692700867368
1008806316551203430
648518346356818118
1369094286751767360
648518346361669676
1224979098661468097
576460752320396657
1297036692719902944
864691128501069344
648518346355487609
504403158282549384
1369094286765897880
1224979098667215419
1369094286737076766
576460752317403124
1297036692714631660
1008806316548879930
648518346363881549
1008806316552456679
648518346375550713
1224979098661957828
864691128497892066
504403158290087533
1369094286739731059
864691128483970464
576460752317374826
648518346354066428
1369094286738461874
1297036692706218638
576460752318334516
648518346369089342
1369094286741735891
504403158282550584
504403158299778396
648518346354989864
504403158285389703
648518346360177285
648518346358867103
1224979098660018522
648518346356073579
864691128483824348
504403158297622137
576460752324344357
1369094286754961173
504403158281696356
1008806316549342516
648518346360149513
504403158293835790
504403158283765382
1224979098687403304
1369094286737295577
576460752322895685
1224979098664705720
504403158286762166
1297036692721666766
1369094286741747563
1369094286737079908
648518346358735381
504403158296310657
504403158307183006
504403158292714796
648518346357888265
1008806316552441240
864691128489391269
864691128474986927
1224979098676506567
1369094286737074271
1297036692714717422
504403158283135033
1008806316568119587
864691128489942638
1369094286744437653
1297036692700401641
504403158296306800
648518346354308986
648518346368832552
1297036692699948364
1297036692719891956
1224979098676366134
576460752317402612
864691128475005526
504403158284060988
648518346361685077
1369094286756624524
1224979098663642104
1297036692700167396
1369094286737579958
1008806316552528653
1224979098661080282
1369094286739674577
648518346361618844
576460752347478737
1224979098661466215
1008806316551265194
648518346355992960
1008806316562671939
1008806316570013254
1297036692707662591
648518346373597824
1008806316579953229
1008806316547711357
1369094286751375720
1008806316570098226
576460752326413397
576460752347723695
864691128473614703
648518346360171348
576460752344051306
1297036692700867451
1008806316555653661
648518346361710673
576460752328189980
504403158282136324
1008806316570118647
1008806316573318708
576460752318926837
576460752341065930
1224979098663651898
576460752322755390
1369094286759547929
1224979098667361152
1369094286741755980
648518346360175760
1224979098678448663
1297036692719805536
504403158293526265
1008806316573417578
576460752320470972
1008806316547466108
504403158301222387
1369094286743123635
1008806316573051194
576460752318877957
504403158300279997
1224979098660027257
1369094286737163329
576460752343795937
504403158297635446
1008806316547944236
1224979098662685037
1224979098660964228
576460752365918511
1008806316570176766
864691128474809114
576460752317339526
648518346354981155
1224979098660311942
1008806316547959901
864691128475136249
1008806316547466513
864691128524825447
1297036692700790880
648518346363830914
1369094286737078019
1008806316550035369
504403158293521827
1224979098678453057
504403158281237338
576460752317577547
504403158281451386
576460752318316238
1297036692721692448
648518346378820722
1008806316555656205
1297036692703606177
1297036692706253188
504403158281342811
1224979098661080221
1008806316547499207
648518346360210131
1224979098660632982
648518346361669344
1297036692700891685
648518346363812288
504403158281338239
1369094286741760228
648518346354324897
648518346357855316
648518346358737132
1297036692709401223
1369094286737667441
864691128498135853
504403158285444536
864691128498290937
1224979098664568786
648518346355492928
864691128479878965
864691128476032983
864691128473563211
648518346356820184
1008806316573231236
504403158297621783
1297036692721793011
504403158282057520
504403158293812487
576460752318910624
648518346363693883
504403158281514862
1008806316548322861
576460752317901055
864691128497892066
576460752318350347
1224979098667361152
1008806316555591267
1224979098675199140
1369094286737163329
1008806316549499503
1297036692700180112
864691128474955664
576460752328068603
1369094286751392946
1297036692724610082
864691128501022393
1224979098676502034
504403158283120327
504403158297757344
1224979098660020939
1297036692700396731
1297036692721693773
576460752318912588
1369094286737078617
504403158306444763
1008806316562334079
1224979098686813258
1297036692724619127
1369094286737078571
648518346355998788
504403158285327020
504403158281233054
576460752321657266
648518346378704715
576460752326264126
1369094286740425294
1297036692731230429
1008806316547709784
1224979098678438187
648518346354065401
1224979098660117917
1369094286766010360
504403158284586769
576460752347546915
504403158281237004
504403158281235767
648518346373597824
1008806316573231236
504403158297621783
1297036692709951806
648518346364027306
1008806316568135748
504403158287468610
864691128476983106
1297036692724737621
1297036692703692169
504403158281703039
1297036692700182605
1369094286756375506
1297036692714909017
1008806316557101861
504403158283899144
1008806316547706555
1369094286754667250
1297036692709936858
1369094286737656572
1224979098678175849
864691128489547284
1008806316570183084
1297036692719813644
576460752319491940
1297036692700170697
864691128498095691
1297036692702717470
1008806316555392485
1008806316548340492
1297036692700185114
1008806316580658443
1297036692714690646
648518346363920779
864691128481931870
1008806316567916409
1224979098664806848
1008806316553728660
1297036692731979995
576460752319531544
864691128479685845
648518346354115468
1369094286737163308
1224979098676339888
648518346354068916
1008806316547501735
648518346354066207
648518346354065946
504403158300463902
1297036692700176868
1369094286744495288
504403158286646623
1297036692700174021
1297036692701303828
1224979098660291064
1224979098674877604
1224979098687074348
1297036692700175527
1297036692702732939
1297036692709424764
576460752317583581
1297036692701921247
504403158285473068
1297036692701391945
1224979098667357036
1224979098670419608
504403158287456639
1224979098676380676
1008806316548351387
1008806316547467308
1297036692701398289
648518346354319675
1369094286737293708
504403158281229376
1224979098674963592
1297036692731309616
504403158284610206
576460752343856704
1297036692701301719
864691128498175965
864691128479680180
648518346369079341
1008806316573139258
576460752334317722
864691128489475768
648518346354323523
576460752319527697
648518346354621925
1224979098660119137
1224979098660111101
504403158299896846
1297036692721757955
576460752317374016
864691128483940327
864691128481895151
1224979098687507518
1369094286737291060
864691128474150496
1008806316548346499
1224979098660016651
648518346386236655
648518346355998788
504403158285327020
1008806316570179357
1297036692724614564
864691128524825447
1297036692719824187
864691128474998445
864691128504835258
648518346357876524
1369094286737082963
648518346361639569
504403158283050240
864691128474980643
1297036692707512408
648518346375749253
576460752343933302
648518346373581747
1224979098660115897
864691128477026948
1224979098687382895
504403158284580564
504403158286712006
1224979098662688520
864691128479876657
1224979098687005612
648518346360279538
504403158297711959
504403158282145030
1224979098681441179
1297036692721821678
504403158287483323
1224979098660025590
864691128497888738
1224979098661084350
504403158308025386
1369094286737667114
1224979098666030582
576460752322736008
1297036692702717489
864691128479929249
1224979098662691957
576460752321674748
1224979098687482075
864691128500924378
864691128481830520
864691128504721185
504403158281237127
1224979098660124415
1297036692700782296
648518346354310164
1224979098666019980
1297036692700415572
576460752317852830
1008806316551180189
648518346361652805
1297036692701920603
1297036692702695510
864691128476902214
1224979098661967336
1369094286737304040
1297036692719951096
576460752326375808
1297036692731919553
864691128479675711
1369094286751668468
1369094286740545752
864691128473533320
1369094286756465490
648518346358747841
576460752321637611
1008806316550219968
1224979098660621897
1224979098676498901
1297036692703656780
1369094286737168461
1369094286739690233
1224979098661077033
1224979098660310303
504403158307132581
864691128489455002
504403158287477030
648518346373458507
504403158281228566
576460752365313379
1297036692706162494
576460752328089586
648518346354331740
864691128500882095
1297036692700412082
864691128489628898
576460752341111509
504403158283151147
1224979098660632734
1008806316567887714
1008806316570206080
504403158284509538
1369094286738444848
576460752324542708
1224979098660036199
1224979098665917108
504403158281342914
648518346358757150
1297036692699948124
1297036692706154143
576460752318939450
1369094286760332553
648518346375731849
1369094286737302059
504403158281334110
1297036692701930688
1008806316553839823
576460752322893920
1008806316567959473
864691128479932760
1224979098678445369
504403158281509940
1297036692699990485
1224979098661483532
1297036692703636760
1297036692701387842
1008806316549500167
1224979098660025462
504403158281235700
1008806316550138231
648518346358865149
1369094286737157203
1369094286739811891
864691128498183710
1224979098663645920
1369094286765681321
1008806316573112621
504403158284518016
1297036692700417122
1224979098660113057
504403158283910331
1369094286743197043
648518346373467300
1008806316557086491
504403158297576408
504403158281714138
1008806316573228079
648518346378744847
1224979098674329925
864691128498000727
504403158306524007
1297036692703640137
1224979098660634221
504403158289641131
1008806316552390172
1369094286737662501
864691128472668180
1297036692700170585
504403158282541115
1008806316562617184
576460752324563536
504403158285316745
1008806316547961072
1008806316549376270
504403158284509538
1297036692709802108
1224979098660311465
576460752317846906
504403158293103013
1224979098660307381
1369094286737659076
1369094286751008599
864691128475736956
1297036692700173485
1369094286737168952
1224979098664968551
1297036692699948289
864691128489518244
1297036692709648945
648518346361669676
1369094286754885616
504403158300379836
576460752322823497
504403158283912961
1224979098661085348
648518346355489109
864691128479839302
576460752326378866
1224979098662820430
1297036692724757341
504403158296227745
1297036692700776908
504403158281327168
864691128483952277
1369094286756571438
1297036692707644278
1224979098665903222
1224979098687316829
864691128481824417
1008806316549373659
1224979098665930342
1008806316555582373
576460752317376154
576460752347334969
504403158282578338
1224979098681346062
864691128476959856
648518346354308136
1008806316554017185
1224979098678262313
648518346357841977
576460752326399853
1224979098686767316
576460752344009886
576460752317847144
504403158297628620
864691128481872343
504403158281713381
1297036692719893064
504403158283905417
576460752328066785
1369094286741700131
1369094286760445544
1297036692715005219
1297036692703636037
1224979098660109199
1369094286754977409
1297036692700780325
648518346356892660
1224979098661966378
1297036692699993663
1008806316562331038
504403158282135741
1008806316547489425
504403158287454955
1369094286744446076
1369094286737081062
504403158281339394
1297036692709802289
576460752318328765
1224979098667263014
576460752343818750
1369094286746516867
648518346354318725
1224979098660015355
864691128473560519
504403158286722920
504403158281235767
1369094286751375720
1369094286737064872
504403158306524007
1224979098678262384
1297036692701394406
1297036692699950809
504403158284605343
504403158300355195
504403158286747164
576460752328242540
576460752365275839
648518346354068647
576460752347886737
576460752355177229
864691128478223619
864691128473169054
1008806316562300744
576460752318860671
1224979098661968031
576460752321624827
1297036692706226136
1224979098660299557
504403158294060867
1369094286739082913
576460752365539094
1369094286760312408
864691128483944875
1008806316573268400
864691128479675711
1008806316547712790
1369094286738445233
1224979098660965968
576460752318908189
576460752317400066
1008806316573281479
1297036692700868418
1369094286756614537
864691128473605142
1369094286738430755
1224979098661474802
504403158281696051
1224979098664717577
1008806316568069515
1369094286739815532
1369094286741758040
504403158297621942
1369094286739010131
1297036692699978874
1224979098687482075
648518346354993307
1224979098662830462
576460752324482418
1297036692699947464
864691128481830520
648518346354066207
1008806316547467038
648518346354611838
1369094286737307524
1369094286751541052
504403158290102003
864691128474150496
1369094286739029283
1297036692703606871
1369094286746604881
648518346355506083
1224979098664712977
1369094286737066818
504403158293833965
864691128504616105
504403158282132033
1008806316568060948
1224979098670419608
864691128479819069
864691128525420537
576460752365275839
504403158281519555
1297036692700483258
504403158282043738
1008806316562458091
1008806316548346836
1297036692700396731
1369094286765925862
1224979098676353332
648518346354317855
1369094286737161509
1297036692719790132
504403158293801504
504403158282564424
1008806316551191757
1297036692701392297
1297036692721773347
1369094286740520100
1224979098670428005
576460752319491940
1297036692699950931
504403158304553654
1224979098663646624
1008806316570176766
576460752328085428
504403158293599756
504403158281333832
1224979098678477321
576460752317913208
648518346386320778
1297036692703640137
1224979098676469955
504403158283900977
1224979098660021043
1008806316548335958
576460752328257028
1369094286754973304
576460752343829245
1008806316557096142
576460752334141988
1369094286754725251
576460752347242043
504403158284598226
1297036692700178194
864691128484181020
1297036692707639670
1008806316552421965
1297036692719790132
1008806316573222864
1369094286737939028
1008806316553738679
1224979098663638737
864691128524974156
1224979098660110866
1224979098663646624
1008806316551204069
1224979098667247293
1008806316550250804
1008806316547494515
1224979098676493683
504403158293103013
576460752333957844
1297036692731097174
504403158281228566
576460752322808818
648518346360208158
1369094286765899692
576460752321561660
504403158281343293
1297036692724716381
1369094286737697426
1297036692709952823
1008806316550224242
1297036692702716380
1008806316547491398
1224979098660620263
864691128481895151
504403158281229061
576460752341292696
864691128500810853
1008806316552425548
1224979098670531465
1224979098678323833
504403158285010752
1008806316562355077
864691128490173202
1369094286746490769
1008806316553663508
1297036692714740695
1369094286742975575
864691128498129631
1224979098662840631
864691128500871306
1369094286740533421
576460752321559724
1008806316553771501
648518346356894237
1008806316547711357
864691128498000727
1224979098660962824
576460752340997064
504403158299819936
648518346355495682
504403158296367846
1369094286737074009
1369094286739819806
1369094286766041256
648518346375550713
864691128476983106
648518346356805066
1224979098663636523
1224979098687708878
864691128475146796
1008806316548910293
1224979098666019980
1369094286765448477
576460752328100767
576460752324416681
1008806316549420552
1008806316553758868
504403158287467335
1297036692732584903
1369094286740547790
1297036692700417300
504403158281334655
1224979098670284260
1224979098674329925
576460752357020130
504403158281341625
864691128500826697
504403158284590335
648518346368605161
864691128513058869
504403158281331540
864691128474198198
648518346358843285
1369094286740544712
648518346356805066
1008806316549425900
504403158286743845
504403158281331938
504403158281228971
1008806316547504549
1008806316557072837
1224979098678461889
1224979098660030450
1297036692719789734
1224979098660626739
1008806316580689285
1008806316553684255
1008806316562640458
576460752322810718
1008806316549341594
1297036692699990922
1008806316570029342
648518346354633069
576460752317569004
1369094286738464455
864691128474803998
648518346354641121
648518346355516636
504403158282132985
648518346378704715
864691128498246792
504403158282549126
1369094286738455346
1297036692700186223
504403158281229271
864691128497988652
864691128481848118
504403158284508456
648518346358837268
504403158287495171
1008806316580658443
1369094286765480083
864691128479838226
648518346355997295
1008806316567973102
648518346379366513
1008806316551167471
648518346368967354
1224979098664814193
1369094286737164308
504403158284516917
576460752326407463
576460752341180153
1297036692701875262
1369094286746666006
1369094286737168480
864691128472669500
504403158289916405
864691128504674567
1369094286754855168
576460752324344357
1224979098666029380
864691128475007815
1369094286743015549
1224979098681453614
1369094286757510252
1297036692700776173
1369094286737081310
864691128512380411
1369094286751040458
648518346356770090
648518346378642577
648518346354116201
1369094286760556386
1297036692703609094
1297036692703645009
1297036692709518062
504403158287493912
1224979098660950980
504403158285438663
504403158285414955
648518346386464885
864691128483867000
1224979098678251382
1224979098661477586
648518346355498057
1224979098682037042
1008806316548330506
504403158284516151
648518346354323872
1369094286765664463
648518346354163486
504403158281702109
1224979098660973176
1297036692703647633
504403158281509687
864691128481977384
1008806316568030007
864691128473542456
576460752324542652
1297036692703637171
648518346357862453
1297036692704701834
1297036692700791793
576460752322712936
576460752334328747
1224979098660022133
1224979098676481665
648518346357836901
648518346364110510
648518346356077063
1224979098681634660
864691128472669710
504403158300334218
1369094286739735193
648518346363745979
864691128472670385
1224979098660112615
1224979098676368102
1297036692719836185
1297036692719687236
1297036692707733378
1297036692707586121
576460752326365960
1224979098662830462
1224979098678240098
576460752347546915
504403158281237004
1369094286765443404
1224979098661464504
648518346354113218
1008806316580381195
504403158281443859
1369094286739814268
504403158293964389
504403158281236434
1224979098660296971
576460752320480321
1369094286743071567
648518346355468629
1297036692724737621
1008806316570036619
576460752318252762
1008806316549373659
1224979098660306211
1297036692700415572
576460752328122923
1369094286760295067
1224979098664714561
504403158284598226
576460752324563536
576460752318378142
1369094286737076633
648518346361652117
1369094286741687963
1224979098661979258
1224979098661479247
504403158286646068
1224979098682087389
504403158282047042
576460752334438223
1008806316552509032
1224979098660614719
1369094286751564111
1224979098661473588
1297036692700185114
864691128504835258
1297036692700412082
1008806316579679142
1369094286746900993
576460752317567934
1297036692704571846
576460752320335150
504403158286726653
1297036692701385990
504403158281333832
504403158299833876
1008806316553746115
1224979098678472930
648518346361616051
1008806316562671939
504403158281713588
504403158282057520
504403158281701066
576460752365899390
1369094286739029283
1224979098660296971
504403158284605343
648518346357839253
1008806316551208432
864691128474172192
576460752359151664
1224979098661080136
504403158285384716
576460752324429246
648518346375811640
576460752328250781
1224979098669600403
1369094286737936002
576460752320518790
1369094286739822687
1297036692700178083
1297036692704565241
1369094286750915960
576460752317374346
864691128472668975
1369094286737174019
576460752318922478
864691128513093527
504403158282574662
504403158297621977
1008806316547493765
1224979098660618784
1224979098660108659
1224979098660110341
576460752322788680
648518346361612287
1297036692701912981
648518346363755666
1297036692703665188
576460752318343277
576460752347279246
1008806316547500949
576460752344016018
576460752326365960
1008806316555613484
1224979098676339888
504403158296269423
576460752317405257
1008806316555542083
1297036692707636217
1224979098674905563
1369094286739819394
1224979098670435991
648518346354970740
504403158297635446
648518346375600265
1224979098660020226
576460752334305685
864691128474166417
504403158281233191
576460752328327167
504403158306524007
504403158285410019
864691128482014526
576460752317904113
1297036692700867451
648518346354067003
1297036692703645991
1224979098662837317
648518346378764186
1224979098665893236
1369094286737160610
648518346356110060
1224979098678461889
1369094286737171911
1369094286760295067
1224979098670286505
648518346378507210
1224979098667191168
1224979098674968440
1224979098660014496
576460752326283397
1224979098660303191
864691128498136555
1224979098661953492
576460752317568771
648518346356794182
1224979098687292996
1008806316562503673
1297036692706240004
576460752326415214
648518346373611874
1224979098661464504
648518346386976872
576460752318931901
1008806316557170170
1008806316551189391
648518346378866391
1297036692707662022
864691128500867387
576460752317923292
576460752347739639
864691128504584751
864691128473151709
1297036692731658553
1224979098664838572
504403158283130715
1224979098676503166
1008806316557208215
1297036692699947509
1297036692709578941
576460752341127323
864691128473154646
504403158281710995
648518346354633117
504403158293958917
1008806316547952697
1297036692706197443
864691128474876325
648518346354991101
648518346378827919
1008806316555557173
504403158304541527
864691128512214195
1008806316547465703
1297036692699983534
576460752317373791
576460752355450904
576460752317915031
576460752318914758
648518346357892110
1297036692707491009
648518346354310753
1369094286754872218
1224979098665998561
1369094286739086990
1369094286737955752
1224979098681236982
1297036692702733019
576460752321712927
648518346354162743
648518346378498969
504403158281333885
1369094286737579958
1224979098687061518
504403158281237180
1224979098665919497
1224979098660306211
1008806316547504413
576460752324383314
864691128524336360
1369094286741687963
504403158289622633
1224979098663610497
1369094286737176502
1224979098660312342
576460752347711494
1224979098660311385
576460752320440001
648518346354991101
1369094286737304369
648518346378920701
1008806316553806186
504403158285324130
1224979098670502339
504403158297639121
576460752317373626
576460752355459191
1008806316573147648
864691128475742490
504403158282863137
1224979098662707221
1224979098687403304
1369094286737669606
864691128500828162
504403158297841804
648518346356762171
1008806316547472295
864691128500734241
1224979098664859999
576460752322806020
576460752317376019
864691128472882970
864691128483964594
1008806316572955078
504403158281696692
1224979098662691379
648518346356809673
1369094286739082344
648518346354639520
1297036692709494790
864691128498035456
1369094286740484185
648518346355468629
1369094286746826148
1369094286760271483
576460752358533551
504403158281342811
504403158286755691
1297036692731670109
576460752341291852
1224979098675156205
576460752334496943
648518346378984888
1297036692731249760
648518346355468536
576460752348070125
1008806316579967522
648518346373607470
1297036692700182079
576460752317906684
1224979098670773674
1008806316568073666
576460752341013524
864691128524546631
648518346354068460
1297036692704569155
504403158281335282
1297036692703695696
1297036692709643336
1297036692704584805
1297036692724748189
864691128524892896
1369094286760196233
1297036692721765589
864691128489930363
504403158284585325
1224979098663618989
1224979098676464787
504403158284624933
576460752320320850
576460752319489047
504403158287492386
576460752317851918
1369094286743185066
1369094286754862240
1224979098660619039
504403158289708149
504403158281707774
1224979098660025159
504403158293636182
576460752322713604
576460752324538630
504403158287454119
1224979098674905563
576460752357020130
648518346369266969
1224979098664978159
576460752317578955
1008806316550168897
1297036692699997207
1224979098660618784
648518346386344940
576460752317374436
1008806316550219801
1008806316568048483
1008806316556873401
864691128504786480
1369094286737299637
1369094286737659076
864691128513126549
1224979098660311385
576460752317373956
864691128472668090
864691128472668825
1297036692699948724
1369094286737949041
1224979098664968551
648518346354162910
1297036692699952930
1297036692701385823
504403158281703428
864691128490158473
1297036692724714547
648518346354316691
1369094286740530481
1224979098663633889
504403158283884909
576460752326378866
1297036692701316352
576460752355263257
504403158285416759
1224979098661480100
1008806316550189048
1008806316548865293
1369094286744443917
1369094286744420430
648518346355622216
504403158286762166
1008806316548903888
1297036692719924217
1297036692719838975
576460752324332789
864691128479818072
1369094286751485771
1369094286737160766
576460752343667708
864691128483977763
648518346356110137
1008806316568067264
504403158282541115
648518346354980667
1297036692700177959
576460752318862323
1224979098661480187
648518346354970631
1224979098661480667
504403158285326883
864691128523814002
576460752322807964
576460752321666421
648518346364153610
1297036692721881439
504403158281518023
1297036692724625331
1369094286737953764
504403158281241635
1008806316573048146
576460752322811706
1297036692703682678
1224979098667216700
1297036692701383131
576460752341128681
1297036692709516414
576460752317899338
648518346361644499
1369094286759652077
1008806316568118230
1369094286739088654
648518346354625156
1369094286759564803
576460752328324772
504403158289775452
1224979098674963172
648518346355468977
1297036692721791232
504403158296283882
576460752318333531
1297036692719770456
1297036692716758142
1008806316573064333
504403158281343812
864691128479840852
1297036692709779278
576460752341107976
1008806316548765127
1369094286754974490
504403158301139357
576460752340997640
648518346356814640
864691128472668180
1297036692714714503
864691128474955664
1369094286739080471
1369094286737292786
576460752343846093
576460752365205020
648518346356103666
1224979098670657004
1297036692702591064
1369094286759532391
1369094286760314019
1369094286765721622
864691128474803998
648518346355502351
1224979098661483851
1224979098663653236
648518346355000267
1224979098661465444
1008806316553911269
504403158281518163
504403158293532117
576460752343998904
576460752318908189
1297036692701945479
1008806316555570376
504403158286644818
1224979098670523815
1008806316548336135
864691128497887994
1008806316552429757
1369094286743199964
504403158283782594
504403158297572817
1297036692709388337
1224979098678372127
576460752326266161
1297036692704597554
648518346358858702
1008806316547699154
1369094286741747284
576460752322915548
1008806316547467638
864691128512735771
1369094286751413280
1369094286737169167
864691128481824417
1297036692714727551
1369094286741694951
1224979098667344392
504403158296286033
1297036692700769986
1224979098665930342
504403158297617515
1224979098660022188
504403158283890373
504403158297640200
504403158297643039
1297036692701299154
648518346354163583
1008806316547467923
864691128478051369
648518346355498235
1008806316555588503
1224979098660728342
1297036692700418867
504403158283145006
504403158289965860
1224979098676359399
1369094286746798126
576460752318316238
864691128472668540
1008806316557049852
504403158281241192
504403158307182441
648518346354977713
648518346373593942
1224979098661484790
1224979098678699268
1008806316553785247
864691128512990374
504403158307050026
648518346360218633
1008806316557072896
1369094286751499439
1224979098678449277
1224979098667206999
1297036692701929961
1224979098669724881
864691128472669350
1369094286754725889
1297036692700399324
576460752354804865
648518346368992182
864691128476940536
1224979098663648535
1008806316547959686
1224979098678262313
1008806316550224351
504403158297578679
1224979098661979459
1008806316547501881
864691128489377107
1369094286741690428
504403158283891983
1224979098661951412
1369094286760296029
576460752317920266
864691128481863723
1224979098660021141
576460752317847144
1369094286746890549
504403158283113762
1224979098661489339
504403158296287006
1008806316547493702
1008806316548899855
576460752317373581
864691128498136871
504403158283764892
576460752317582487
576460752317374331
1008806316555603533
576460752328124014
1297036692700417961
504403158286752807
1369094286739734313
1297036692700865315
1297036692699954215
1224979098661454456
504403158282044993
1369094286737665679
504403158281698747
648518346355494206
504403158283894829
1297036692706243498
1297036692703666807
504403158281235887
1297036692714677738
504403158287460796
1224979098686815677
576460752365583408
1224979098686901344
1008806316548314119
1297036692715038449
1369094286765742351
576460752324364145
1224979098661474597
576460752317572416
1224979098681757409
864691128472670280
1369094286738456355
504403158287413873
1297036692719828967
504403158290312359
1297036692700172797
1008806316547495623
1008806316553840045
576460752317374106
1008806316547655592
576460752318924589
576460752317847014
1369094286739811409
1297036692731808783
1008806316573098053
504403158283128469
1224979098670431947
1297036692714553315
1224979098676371304
576460752317850331
1224979098681236982
1008806316547498594
1369094286744444313
1369094286765914396
648518346386736706
504403158293678953
576460752322761026
648518346375575023
1224979098686745097
1224979098678435113
1369094286741735924
576460752317400087
648518346354616416
1369094286754781251
504403158297628620
576460752347187320
1369094286737076306
648518346355992317
1369094286737169724
648518346354163564
504403158300355195
1008806316549373659
1369094286746779904
1008806316570128556
1008806316555580721
576460752322894203
504403158294060867
1008806316568118517
1224979098660307381
1369094286737308280
864691128489628898
1008806316555582373
1369094286756614537
504403158281245056
1297036692700179427
864691128473165455
504403158300379836
504403158283908266
648518346354316691
1297036692699997380
576460752341280330
1224979098670186579
1369094286765628957
1008806316579967522
1224979098665903222
1369094286746432250
1297036692701910879
1224979098667221614
1224979098681346062
864691128476959856
576460752354662551
1224979098670519036
504403158289629438
1369094286743107387
504403158281510790
1297036692701385365
864691128479932760
1369094286737952313
576460752347163332
576460752328086795
864691128479825252
1224979098663609150
504403158283803121
1369094286760594346
1224979098660961069
576460752355669492
576460752317376124
1224979098670534124
1369094286737305037
1297036692731861278
1369094286768850650
1297036692700412898
1224979098678262313
1008806316552380590
504403158297578679
576460752365192023
1297036692700783792
1369094286737072862
504403158283905417
504403158282043956
504403158281229346
1008806316547467683
1224979098660014071
648518346354064887
576460752320449846
576460752317374061
504403158296287006
576460752328206679
1224979098660620543
648518346360157996
1008806316547655724
576460752321679520
1369094286760445544
1369094286739086169
504403158296220266
1008806316547493702
504403158281263383
1297036692731785163
1224979098667215307
1224979098660965852
576460752365192023
576460752317909681
864691128524657973
504403158281710975
1008806316548911576
1224979098687718961
576460752324528380
1369094286751377254
1008806316553839714
1369094286765543675
648518346361888608
504403158297621673
864691128478158953
1224979098660123871
864691128479925593
1369094286737666495
1224979098660015355
1369094286739822904
576460752321620067
504403158282567674
864691128498176960
1008806316568063492
504403158283162412
1297036692700484869
1369094286746756628
1224979098664857013
1224979098661966378
1008806316547945917
648518346354993210
648518346356797799
864691128473161685
1224979098676472011
504403158297829459
864691128490140358
1008806316555408808
864691128500750114
1297036692703659498
1008806316573108697
1224979098664792870
864691128512380532
1224979098665911760
576460752334316274
1297036692721827543
648518346373594387
504403158284607098
504403158297704815
576460752322888637
648518346364426676
1369094286750894482
648518346356749931
1297036692704616278
504403158287421393
1224979098662701681
648518346369167298
1297036692703672256
1297036692700412898
648518346375586491
1008806316555584420
1224979098678343610
1224979098660954678
1297036692701908661
504403158287429579
576460752322734357
576460752341252492
1008806316562636278
648518346354983291
1369094286740487918
864691128472667895
576460752320397555
576460752347334969
864691128481861692
576460752317854057
1297036692699948259
504403158282578338
576460752317853283
648518346356067810
1008806316547502616
1224979098660118756
1369094286759288873
1297036692700167437
1297036692719742736
1224979098665885404
1369094286765848325
1224979098670399784
1297036692700483402
1297036692699983333
504403158296297900
1369094286741700131
1224979098675147896
504403158283772933
576460752341133073
576460752347648832
504403158296257822
576460752343786126
648518346354321304
1224979098676344050
504403158287407310
1297036692700783792
504403158282122407
504403158282138748
1224979098681676174
1008806316551277264
1224979098663618390
576460752347138454
576460752347700817
1008806316580296239
1369094286756622221
648518346379020418
576460752358416742
504403158281511373
1369094286757504170
504403158281451275
1224979098687005612
1224979098660967904
1369094286751711625
1369094286737577820
1224979098660018769
1369094286740525367
1369094286738446818
576460752319527289
576460752341301592
1224979098660625897
1008806316562331038
1008806316570121290
648518346375717885
1297036692700777203
864691128473558502
1224979098682057020
1369094286744442653
1297036692724613296
1224979098664712032
1369094286737953747
1297036692714536924
576460752318310444
504403158281715363
1369094286737166509
648518346368662316
1297036692724610082
1369094286737159333
504403158281697033
576460752318345348
504403158299790937
1224979098676498463
648518346386596640
576460752321630302
1008806316553921083
576460752317376154
1297036692707743770
576460752346265499
1008806316554017185
504403158287460796
1008806316570021843
1297036692699948244
648518346355481844
576460752317374106
1008806316548904991
1369094286754739427
1224979098660974436
504403158283148833
576460752322890178
1224979098676482915
504403158290112413
1224979098663643208
1369094286739694295
1297036692703652012
864691128479662584
504403158282135463
648518346373573949
864691128483958029
504403158290052542
1008806316553806202
576460752320437427
1008806316552409545
576460752317374901
504403158281699954
576460752347689779
504403158286722992
1369094286744468872
504403158281324277
576460752328324851
1297036692701401184
1224979098686767316
1224979098660018118
1297036692701389434
576460752355630022
504403158287346512
1369094286737156791
648518346360189635
1008806316570175062
864691128477079557
1224979098663525648
1008806316547965067
504403158281325723
1008806316548890091
1297036692699952979
648518346358877370
1297036692724884880
864691128500802617
1224979098661078709
1224979098660128276
1369094286737073229
1224979098660110689
576460752328060667
504403158282140148
1369094286741755930
1224979098670188048
1297036692706254353
1224979098664793853
1297036692706230676
648518346361673547
1224979098660025099
576460752334258344
1297036692704548478
504403158293631331
1224979098661457186
1224979098660631747
576460752344016018
1369094286744431930
1224979098674990142
648518346356099775
504403158296269423
864691128490173202
504403158286722920
1369094286737169167
648518346354069432
1297036692709951806
576460752318931901
1008806316570097962
864691128474978647
1369094286765547624
864691128524994309
576460752334142429
1224979098666019980
1369094286744418889
864691128478205427
1008806316555653661
864691128474172192
1369094286737067211
648518346358754973
1297036692700403574
1369094286737300946
1224979098660023273
1369094286737068583
1008806316567887483
1369094286765448477
504403158299827176
1297036692700182605
504403158281813547
1224979098678461729
1224979098667223786
1224979098660127001
504403158281701306
576460752328242540
864691128500791514
1224979098676369250
576460752365275839
504403158281519555
864691128472667580
1008806316547700658
1297036692699986255
504403158296243290
1008806316568118297
504403158281244946
1008806316547467503
864691128478223619
1369094286759938352
1008806316573268400
648518346354114304
1369094286751477290
504403158281330771
504403158299802852
504403158282138625
504403158293840014
1369094286754792841
1297036692732670587
1369094286737298660
1297036692700865222
1008806316547706539
1369094286739016583
648518346354326629
648518346360162962
1297036692707577298
1224979098660121161
648518346354065901
1297036692700410663
864691128478100269
576460752317912854
1224979098660036257
504403158283787810
648518346354167100
1297036692703686995
504403158297823408
504403158281699399
504403158297608127
864691128476969713
648518346368982656
1224979098661979748
1008806316570108589
864691128489427114
1008806316551192123
504403158282046411
576460752320534606
1297036692706206728
864691128474165398
1369094286739819065
576460752341077402
1369094286737064841
1297036692731083512
1224979098660023553
1008806316549482464
648518346354064902
864691128525088671
1224979098670667913
1369094286739025831
504403158297560851
864691128489372435
576460752328117058
1369094286739084239
1297036692724620583
1369094286739675200
1224979098664721591
1297036692719836491
864691128489536551
1297036692700803098
1297036692700181702
504403158281509205
864691128481852131
1297036692700799147
648518346360169912
504403158281720476
648518346354070150
1224979098681692223
864691128481990208
576460752365139090
864691128474188307
1369094286741718117
576460752355261042
504403158287418070
576460752321503787
1369094286751667309
1008806316553741921
1008806316557077368
504403158281699474
1008806316570121290
864691128475705887
1008806316551270710
648518346363543143
1297036692700777203
504403158293082108
1008806316548898269
648518346354112341
648518346361705186
504403158296240128
1224979098678323833
648518346354608410
504403158281235767
1224979098676472011
1224979098678262384
504403158300355195
1224979098686971776
576460752317374256
504403158281449513
1369094286750901729
576460752317585315
1297036692719908452
1297036692700180206
864691128501022393
576460752347739639
1369094286737939028
1369094286737071975
648518346360211687
504403158306799630
504403158281236772
864691128504997782
648518346357788198
576460752321624827
648518346355502351
1369094286737304040
504403158289622633
1297036692707577368
504403158281232766
576460752343772480
1369094286750849104
1369094286737938033
1297036692706207380
1297036692719824995
1297036692719790896
1008806316548326854
1224979098661953974
864691128479675711
1008806316562697993
576460752365115857
1008806316547712790
1369094286738445233
1224979098660946570
1008806316548333047
1224979098687048829
1008806316552430740
576460752341101970
504403158285314727
1369094286754789388
864691128476951830
648518346354314274
1297036692701392406
1224979098678485742
1369094286737162090
504403158281228506
576460752347542986
1297036692716740861
1369094286757506866
1297036692700777203
1008806316547960326
504403158282139665
504403158285315297
1008806316579906505
576460752365877411
1008806316547466138
1297036692722389208
1369094286737952666
1297036692719819581
576460752318869290
1297036692714982291
504403158286731364
576460752347557613
1224979098660037463
1369094286751156750
576460752354807020
1369094286737660046
648518346354070691
576460752317376319
1224979098660016191
1297036692719905629
864691128483929924
1297036692719893245
1369094286739079379
1369094286739015664
504403158289752909
1008806316552407231
504403158282129357
1224979098665986902
864691128478098721
864691128504791404
1369094286738752874
1224979098660121745
504403158287394384
504403158281448347
576460752317373596
1297036692714992378
648518346357790351
864691128474808599
1224979098660118062
1008806316551166135
1008806316548894533
1297036692700402873
1224979098661950614
864691128523806968
1297036692700787693
1008806316548345004
1008806316570107332
1008806316570135073
1369094286740540268
504403158281343278
504403158283904340
1369094286742991873
1224979098675177261
576460752321603557
1297036692731252626
648518346355247119
1224979098678447564
864691128497905092
1224979098660016515
1369094286743077367
1224979098661962987
1297036692699952316
864691128479865071
1297036692701924031
1297036692700180250
1224979098664794774
504403158301144620
1224979098687482075
864691128479818072
864691128481895151
1008806316547467038
504403158306524007
1008806316552390172
648518346355468629
1369094286765448477
1224979098664712977
1297036692703692169
504403158281703039
1297036692700174021
1369094286737662501
1369094286737066818
504403158293833965
576460752328257028
1369094286754973304
576460752328100767
1008806316567973102
576460752318252762
1008806316549373659
1224979098660306211
576460752359151664
1224979098662837317
864691128483977763
648518346356110137
576460752317583581
1297036692714744672
1224979098663610438
576460752319530588
1008806316547714895
1369094286737292786
864691128478174629
1008806316557059435
504403158301436805
864691128473169054
1224979098660957576
576460752326272457
1224979098663527169
1008806316562300744
1297036692719813644
1224979098663646624
1008806316547465898
864691128474953571
1008806316567944633
648518346363689970
504403158281326282
1369094286740496855
1369094286760312408
648518346368967354
1369094286737159333
1008806316547467923
864691128478051369
1008806316555588503
504403158283908266
1297036692701908661
1224979098678449277
1297036692700399324
576460752318334546
864691128473553945
648518346363589540
1369094286737162824
1297036692699991815
648518346360169477
1224979098681676174
1224979098660624715
864691128473545387
1224979098664857013
864691128500737738
1369094286765889960
576460752317902197
1224979098660109807
504403158296315335
864691128477079557
1008806316556986152
648518346375559186
648518346358712227
1224979098660015355
1369094286737289133
1369094286737944785
1008806316557059435
504403158283787810
1297036692719790896
576460752317400066
648518346356810707
864691128504646129
1297036692704552925
1297036692699979680
1224979098660305395
1369094286737166892
1297036692703690470
1224979098660115922
1224979098667253912
1224979098660950980
1008806316550238110
1369094286739730377
1224979098661968148
504403158284590315
1297036692702591129
1224979098674899419
504403158281235298
1297036692714551865
648518346373625555
1369094286765741898
1008806316547956839
1297036692700173779
1224979098674618838
1008806316567909787
576460752328117829
576460752317847144
1297036692714253364
576460752324363542
648518346355490132
864691128478077974
1008806316549488979
1008806316547955415
1369094286756474738
1369094286738083115
1008806316550027831
504403158281446999
504403158283889064
864691128472670235
864691128474955837
1297036692706240846
1297036692700420379
1369094286755347739
1297036692699991255
864691128524943869
864691128479878965
1297036692700178824
1224979098660303191
1224979098661953492
576460752326415214
864691128498136871
1224979098686988594
648518346356818076
1008806316570235563
648518346375867531
1297036692731521262
504403158289607597
1008806316549402880
1224979098660948243
576460752322765884
1297036692704552925
1224979098660627893
1369094286737944645
576460752318326241
576460752318934900
1369094286740424307
648518346355009116
1224979098678440336
1369094286746668322
1224979098687403304
864691128524562837
648518346354325156
648518346355509503
1297036692703622854
1224979098660304729
1297036692700052598
1224979098660118465
1369094286743114124
648518346360157996
576460752334422251
576460752328117829
648518346356084244
648518346378975927
864691128481830413
1297036692702691193
1369094286740423736
864691128500896679
1224979098678263831
1369094286743197315
1008806316580056690
504403158282137819
504403158281715263
648518346356085697
504403158296162894
1224979098661966284
1224979098665455013
864691128524113896
576460752347138435
1297036692724714547
864691128473623144
504403158307188022
648518346378805813
504403158285321362
1297036692719742429
1008806316549337947
1369094286754745673
1224979098660305085
576460752326415306
1297036692709881651
864691128474158691
1297036692703646664
1224979098667203945
1369094286737166228
1224979098687782318
576460752341195147
1369094286739011445
1224979098662821413
504403158293163931
1369094286756477513
1008806316553785031
576460752347569376
576460752355414005
864691128477055392
576460752322827276
504403158283122636
864691128500718350
1369094286751643354
1297036692719817448
504403158289614538
504403158282539991
576460752317912774
1008806316548927788
648518346363918142
1008806316580000647
1008806316548326076
1297036692700486580
576460752343967778
576460752326283397
1297036692699954233
648518346354115667
576460752317908401
1297036692701920603
1369094286739712325
1297036692724614564
1008806316550039051
864691128474906951
1297036692701893655
1297036692700483878
1297036692703691302
648518346354992071
864691128524308104
1369094286737288789
1297036692701385823
576460752320453563
1008806316548318922
864691128479876657
1224979098663644021
576460752319524471
576460752347760792
1224979098661955733
1297036692700183541
1008806316549373047
864691128479931426
1224979098665921306
648518346356802323
504403158281228731
1224979098660113200
864691128513050940
648518346356801771
648518346355496171
864691128500765902
648518346354616132
576460752321675972
504403158281723060
864691128504998327
1369094286756474738
1369094286737580266
864691128504699921
1224979098663620879
1369094286760315789
1369094286743186118
1297036692700790755
1008806316547465358
864691128479923217
1008806316552422305
864691128474955013
576460752317854286
1297036692701394406
504403158284605343
648518346354166108
1369094286756732868
648518346355004325
576460752354659103
576460752317907968
1224979098663637720
1369094286756438134
1369094286740497922
1008806316550157223
1224979098660299557
1224979098667251070
1369094286744410325
576460752328311141
576460752320346760
504403158284616679
1369094286765646560
1008806316548352874
1297036692700167942
576460752320500603
1297036692700483878
1297036692721815053
864691128473626132
648518346357897679
576460752328336148
648518346354610206
648518346363748971
504403158299686024
504403158293641957
1224979098662825310
576460752319504762
1008806316547467638
1297036692702694135
1224979098662820603
1008806316548910661
1224979098676492978
648518346354065340
1369094286737652570
576460752334164202
576460752328294464
1224979098660014026
576460752318867639
576460752319532485
576460752328206679
1008806316555547310
648518346356900411
504403158281236265
1008806316550138633
576460752319577773
504403158281516881
576460752344017707
576460752326371841
1224979098687561582
1297036692701301703
504403158283145616
1297036692703615670
1008806316579925818
648518346354321783
648518346361653606
576460752323616021
648518346378554600
504403158294062911
1008806316548336492
504403158286709564
648518346360175812
1297036692706304570
864691128481853276
864691128504576009
1369094286760452353
1297036692700417344
504403158294013313
648518346378817127
648518346354068819
1369094286744482928
1224979098664820498
1369094286756670895
648518346355997295
1297036692707516821
1369094286766041256
504403158286743845
1369094286743125370
648518346361704846
576460752324416681
1369094286754878233
1224979098660022188
864691128476000002
1369094286740545752
1369094286756653409
864691128473605142
864691128472879938
504403158286762301
1297036692699989948
1224979098660114874
864691128472668420
1008806316547703247
648518346354332302
864691128500897100
1008806316562661779
1008806316555585939
1369094286756629901
1369094286737661466
1224979098660973590
504403158283136733
1008806316547708300
1369094286737962032
504403158293772738
1297036692709881651
864691128479741802
1369094286743000224
648518346375575023
1369094286738438790
576460752318871802
504403158308562751
504403158296308655
1369094286746531123
504403158283128872
504403158297590122
648518346386246720
1297036692700412115
504403158283899755
504403158296178201
576460752324345226
1369094286739824388
504403158293159620
504403158296248488
1369094286743187012
1224979098660122147
1008806316547465388
576460752320480321
1369094286741694951
1369094286751680066
1369094286737654655
1297036692707659108
864691128473228128
1369094286737084373
1369094286760295067
1008806316579878984
1369094286737161509
576460752318860671
1224979098661967336
504403158306718942
864691128474199544
1008806316548899268
1224979098660299963
1297036692707736216
1369094286743012309
1297036692702720083
504403158293881438
1297036692700777732
648518346354115468
1224979098661980200
504403158294045137
504403158281707060
504403158287459169
1369094286751565570
1369094286741699138
1224979098660124567
504403158286713440
1224979098665924945
1369094286765669067
864691128489376024
1224979098663631058
1224979098672793498
1224979098660618564
576460752321669045
504403158286636070
1224979098667200650
1224979098667199445
576460752328206679
1369094286739677529
576460752319533122
576460752321661605
1008806316550383614
1008806316557165850
648518346354980683
504403158283142332
1369094286737064872
1369094286765840075
504403158293522116
1008806316553811098
504403158286633070
864691128478054845
1008806316568030453
504403158293517346
1369094286740492760
576460752317373566
504403158297704750
1224979098678699268
648518346369274760
576460752355263257
504403158290123870
1369094286737079908
864691128474865815
1297036692709695437
1008806316562514997
504403158282577225
1297036692702682527
1008806316570014932
504403158284611537
648518346354317744
1297036692701915660
1008806316552416921
1224979098687081550
576460752365277379
1369094286743082981
864691128476920606
864691128478193077
1369094286743196603
504403158300778341
576460752347233693
1369094286756580269
648518346354983467
1008806316547715161
1297036692700409933
1297036692700794068
1297036692709705145
1008806316547704528
1369094286739713100
1008806316568111370
576460752359161210
576460752317851918
1008806316547491164
504403158290126509
576460752328059459
648518346361684356
648518346355508764
1008806316550234947
1297036692703658595
864691128483940327
648518346354069432
1297036692699950809
1369094286765768166
864691128500791291
1369094286744478617
1008806316579761767
1369094286737666520
504403158285440274
504403158281230021
648518346354068647
576460752321611299
864691128478223619
1008806316557017164
576460752343852710
648518346378750176
1224979098674746654
576460752322894203
1224979098660015059
504403158290221546
1297036692702612603
1297036692699985186
1369094286765761297
1224979098661474802
1297036692703606177
1008806316570132437
1369094286746492965
1297036692703647126
1369094286737067180
1297036692700412898
504403158299700301
1297036692704561693
1369094286754873089
1369094286737075013
576460752334496943
1008806316547698718
504403158282538918
576460752317403411
1224979098666035217
1224979098678162522
648518346369277674
504403158283129188
504403158281243304
648518346378871703
1297036692703615516
1224979098662701550
504403158289760064
1297036692702591129
504403158284064513
1008806316580700424
576460752318349615
864691128478089800
504403158282573346
648518346373456034
1008806316547714416
1008806316547954353
576460752317938816
864691128523750423
1297036692700410723
1224979098669603639
1369094286737654328
576460752317374946
504403158281712601
1297036692714846656
1008806316568135748
504403158281704768
864691128476908798
864691128481936986
576460752317578212
576460752326407463
864691128478163309
864691128474190189
1008806316547705313
1008806316555584358
504403158285308774
576460752328292535
504403158287488860
504403158283135669
504403158293630635
1224979098663613418
576460752347528533
648518346378603469
504403158281446999
504403158299783050
504403158289978403
504403158282548876
1369094286742976127
1008806316551209183
504403158297694062
1297036692699947614
1369094286737167664
1297036692714800478
1008806316548913773
1008806316553806014
576460752317402667
1008806316579807526
1369094286737671004
576460752320501313
864691128498006632
576460752328257362
648518346355475611
1008806316562286533
1224979098660297659
504403158307041845
1224979098660025948
504403158285388382
648518346355495321
1369094286738456052
1369094286737297694
1369094286741752958
648518346375607540
1224979098665997611
504403158286655749
576460752334320317
1369094286739015554
1297036692709810377
1369094286759938352
576460752317374121
648518346354065717
1369094286737958185
1369094286751118847
1369094286737300153
1297036692700789189
1008806316552523535
576460752343836902
1224979098660631366
504403158294045137
648518346354610206
1224979098660025337
648518346357790893
1008806316568070095
648518346369097933
1369094286738463161
576460752319434338
504403158297572817
1224979098676371304
504403158299700301
1297036692699947419
864691128476962563
1224979098670313732
1008806316555571457
1008806316556981188
1224979098662704107
1224979098667253912
1297036692703693630
864691128483935063
1297036692700414326
1369094286739730377
576460752343954781
1369094286754773485
1297036692702693913
504403158297749765
648518346354317690
864691128504732617
1224979098661964754
648518346354624930
1008806316552433540
1224979098660958321
1297036692719970805
1224979098667350130
504403158289921730
504403158282547283
648518346354314114
864691128524331255
576460752318327771
576460752321640792
576460752324581456
576460752317400066
864691128490191312
1224979098676492978
576460752354800329
576460752319604437
1224979098676399490
1369094286740421049
1297036692706240846
504403158286720869
1297036692699994915
648518346355472697
1224979098661086158
1224979098660020372
1297036692701900212
504403158306943719
504403158283125741
1369094286743123519
504403158296220266
864691128481944209
576460752326407813
864691128479878965
1369094286737674538
576460752347304302
1224979098660014435
648518346355515085
1297036692719742736
648518346354608410
648518346355497223
576460752320400074
576460752333596557
576460752317913208
1008806316552456679
504403158297621783
1008806316547467038
504403158284590335
864691128472669620
1297036692707627820
1224979098661946409
576460752319507141
576460752322809719
576460752321550863
1008806316548867233
1369094286739029283
1297036692699985318
1008806316568135748
1297036692703606871
576460752317374256
1369094286737066818
504403158293833965
1297036692709815011
504403158281236593
648518346378764186
1297036692699992609
1008806316549420552
1297036692731938549
1297036692709499299
1008806316547466543
1369094286759625130
864691128504616105
504403158281453094
504403158281331938
504403158300554136
1369094286737076908
576460752326356357
1297036692700415572
648518346356075332
648518346361710673
504403158286747164
504403158281228971
648518346375707630
1008806316547945984
864691128472882072
1224979098660123154
1297036692707510382
1369094286750901729
504403158281702109
1297036692701303828
504403158287467335
1297036692732584903
1369094286740547790
576460752319491940
1224979098660953969
1369094286740543449
648518346355000267
1297036692714691251
1297036692706164185
576460752326299590
1369094286754848720
864691128473538274
504403158281236024
576460752319492076
648518346356073146
504403158281703134
1297036692704693830
1008806316580667077
1297036692699953009
1224979098675092024
504403158283783280
504403158283795581
1224979098670692471
1224979098661459475
1224979098670664415
1297036692709494408
504403158285330069
1297036692701316026
576460752321550746
1224979098661492606
576460752343836977
1369094286759956323
1008806316548338475
864691128473163678
1224979098660021102
648518346354975040
1369094286741610539
504403158282144153
1224979098669691206
1297036692719923887
864691128512568916
1369094286741756753
1369094286738448059
1224979098662709188
1297036692700417300
1369094286738462374
1224979098664835153
1224979098661080136
1369094286746604924
504403158282151875
504403158282136324
1297036692707686050
504403158282552050
1224979098662680267
504403158285314727
648518346388869826
648518346373453641
1297036692703680418
1224979098661490257
1224979098674423779
504403158306699753
1297036692703668003
1224979098661078803
504403158285390212
1224979098660636611
504403158281249431
1369094286760563708
504403158281334458
1008806316567921217
1224979098675165949
648518346363813252
504403158281445868
1369094286741755152
1297036692701936852
1369094286737299322
648518346354311816
1224979098681676174
1369094286760419372
1008806316548339441
1369094286737171441
576460752343852922
1008806316547699485
1297036692701923758
1008806316547964250
504403158282044607
1224979098663642129
576460752365337516
864691128489966712
1008806316547707562
504403158282596471
864691128473626911
504403158282153290
864691128524343990
1008806316555542083
648518346360159655
1297036692707674028
864691128481830520
576460752365552400
504403158282132033
1369094286765970022
1297036692715162600
504403158285384716
1008806316570118647
648518346363693883
648518346363902181
1297036692703691619
648518346368756362
1224979098660618980
1297036692705032934
576460752365918511
648518346354317855
504403158282122531
504403158285446143
504403158287955693
1297036692699950931
504403158304553654
504403158286646068
1297036692702705259
1369094286744410325
1297036692719793065
1369094286754744918
1008806316548870676
576460752328238616
1224979098674664771
504403158294110164
1008806316555653680
1224979098667193874
1297036692724563061
1369094286751668468
504403158281242529
576460752318252250
1224979098660116431
1297036692721657720
1297036692701297507
864691128473562657
576460752323603867
1297036692724485169
1369094286754875712
576460752321630972
576460752316907890
648518346361644441
648518346354064587
1297036692706197443
864691128479878965
576460752317405257
1369094286739819394
1224979098660109837
576460752341107976
576460752347478737
1297036692700178824
864691128504721185
576460752341013543
1369094286751541052
1224979098670669854
1369094286746604881
1369094286743071567
1224979098664712977
1369094286738462374
504403158299827176
648518346360222891
1008806316570208630
576460752328122923
576460752324429246
504403158297829459
504403158284911712
1369094286737654655
1297036692707659108
864691128473228128
1369094286737084373
576460752321640792
1224979098660619098
504403158281514862
1008806316568060948
576460752316907856
1008806316548322861
504403158286765289
1008806316573318708
1008806316579819624
864691128472669935
648518346375811640
648518346386747853
504403158281339787
1008806316548346499
1369094286737080073
1369094286741696067
504403158282149713
648518346356075910
1297036692707676791
1369094286737077225
1224979098660291064
1297036692709411047
1297036692703626010
1008806316547504549
504403158293812487
576460752328257028
1297036692703691619
576460752328195416
864691128512689878
864691128473614133
1224979098674877604
1369094286737936002
504403158287409502
864691128523953657
576460752322755390
864691128489543098
1297036692707649123
864691128483935880
864691128473552717
648518346361685280
648518346363818449
1369094286737942281
1297036692701874854
576460752317578212
576460752347592786
1369094286738444848
504403158282561323
1369094286743117428
864691128473621930
1297036692721828029
504403158281342811
576460752326227563
1224979098664706216
1008806316555584358
504403158285308774
576460752328292535
504403158283901075
648518346363849890
1369094286741608529
576460752318344750
1008806316548892184
576460752317583960
648518346378984888
648518346354166525
1224979098674761571
504403158286751986
648518346358874029
1297036692701885126
1224979098683590943
1224979098660297314
576460752317374001
864691128479858720
1008806316573293419
1224979098661076089
1224979098662830462
1008806316548910293
1224979098674548329
504403158289614294
864691128476976517
576460752326256198
648518346360208158
1008806316548882225
1224979098665929730
1369094286746795680
1369094286751125036
1224979098665347613
648518346360200781
648518346373594354
648518346354607015
504403158285396749
1297036692703606139
576460752317339425
576460752319595955
1297036692706319984
504403158285312743
1008806316547704411
504403158306706139
1224979098663632639
648518346368949267
648518346358862819
1297036692703662637
504403158290100472
1369094286744497573
648518346386633324
576460752334455018
648518346355495771
504403158282139082
1224979098661481974
1224979098681443631
504403158287456414
1369094286737942719
1224979098676340807
1224979098661953000
504403158283119112
1297036692699948514
1369094286765535585
1008806316570117487
504403158283149015
648518346357910527
1297036692706154128
1008806316567953878
1297036692701302222
1224979098687387594
1224979098667359990
648518346355506083
1008806316550227081
1369094286737971032
648518346354316285
576460752320452484
576460752347177101
576460752317580518
504403158282147134
1297036692700482382
1008806316552396052
1008806316570114932
1369094286754871765
504403158301104038
1008806316580268419
1008806316547949622
1297036692700406929
1224979098670554621
504403158283127695
864691128500716299
648518346361673810
504403158287344339
1224979098660035946
1297036692700174463
504403158284593060
1224979098676489390
1297036692699986709
864691128498104630
1369094286759644800
576460752341129792
648518346356755837
504403158289643571
1297036692702682167
864691128481954196
648518346354613433
1008806316551200157
648518346375637025
648518346386597617
1369094286737579958
1224979098660620263
1008806316562355077
1224979098661080282
1224979098674329925
1369094286737291060
648518346354970740
504403158281341625
1224979098661466215
1297036692714740695
648518346354066207
648518346373597824
1369094286740533421
576460752334305685
1224979098661464504
648518346356894237
1008806316547711357
648518346386976872
864691128498000727
1369094286737064872
1224979098660962824
576460752340997064
1369094286751485771
864691128474150496
504403158281331938
1224979098660964228
576460752318926837
576460752317901055
864691128497892066
576460752318350347
1224979098687074348
1297036692700175527
1297036692702732939
864691128472668180
576460752341065930
1224979098670399202
1224979098663651898
864691128515395984
576460752324485055
576460752320518790
1369094286739822687
1297036692700178083
1297036692704565241
1369094286737160610
648518346356110060
1008806316547504413
1297036692714714503
1369094286759547929
1224979098667361152
1297036692709424764
576460752347345920
504403158294060867
1297036692704616278
648518346354316691
576460752321630302
1224979098660128276
1224979098674803226
576460752317853283
1008806316570135073
576460752343985684
1224979098665890753
1369094286741620240
1224979098661483885
504403158285429578
1297036692709433435
864691128478039631
1008806316567904862
864691128472667925
648518346386825894
1369094286746535641
1008806316548870830
576460752320501642
1369094286739085328
576460752320479940
504403158293182315
1008806316548898269
648518346356099775
864691128490173202
648518346355004325
1297036692700182605
504403158281813547
576460752317585315
576460752354659103
1369094286754878233
864691128479819069
576460752321611299
1224979098663646624
576460752317374121
864691128476000002
648518346354065717
1369094286737300153
1369094286737959576
1369094286741721634
864691128472879938
504403158281451386
648518346363748971
1008806316552443336
1369094286737657159
1297036692700479566
1224979098660618564
576460752318915340
648518346354332302
1369094286746918976
648518346378992205
576460752326299955
1369094286741709752
576460752317375674
1297036692704570334
864691128472669350
1224979098678162522
576460752317376019
1008806316548872554
1297036692721946625
648518346358765919
1297036692719742429
648518346354069212
864691128473562518
576460752334219058
1224979098678472219
864691128479746989
504403158282129357
1297036692709573437
1297036692714798657
1224979098661984725
504403158281336028
1008806316552411021
1224979098687482075
648518346354993307
576460752317373581
1224979098661080282
576460752319577773
1369094286737952475
648518346360148563
864691128501017376
576460752326427545
1224979098664799052
504403158281341625
1297036692714740695
648518346354066207
1369094286737658120
648518346363875488
1008806316555564514
1224979098661946409
864691128472669680
1008806316547713220
1008806316567852958
504403158290102003
648518346363585547
504403158286646623
648518346356075332
1297036692707510382
1224979098669600403
1297036692724760132
1369094286751385286
504403158287453628
1297036692699992674
648518346378595871
1224979098667344392
648518346363543801
576460752322755390
1369094286759547929
1224979098667361152
1297036692709424764
1224979098678461889
1224979098661487888
1369094286737171911
1008806316550039527
1224979098660030450
864691128474154218
576460752317583581
648518346373492030
1369094286741755980
1224979098664707537
1224979098660965109
1008806316580003468
1297036692719812406
648518346355513265
1369094286754980850
648518346368775243
648518346360203484
1297036692719789734
648518346360175760
1224979098660034851
1369094286741616793
1369094286756591489
648518346373932345
864691128489628898
1008806316562677878
1008806316556861914
1369094286743087051
1369094286737168480
1008806316556935591
576460752347749007
648518346364424985
1297036692700179427
1224979098660015224
576460752343681929
576460752320388738
648518346357900146
1369094286744431497
1297036692702591489
648518346354318411
1369094286746623967
1224979098670633079
648518346354642625
576460752324526985
648518346378986381
1008806316549495144
648518346357782467
576460752318939450
1297036692700780637
504403158284599118
864691128472669365
648518346354161795
576460752324501153
864691128473545837
1008806316573775854
1369094286737950078
1297036692700486333
1369094286744418069
1224979098661977419
576460752317376424
576460752322789332
864691128473536829
864691128473619720
1369094286742980851
1369094286746820825
504403158287457114
576460752347118451
864691128501064492
648518346386481821
1224979098661464594
1369094286737936152
504403158296230263
1224979098669692031
1008806316551192765
648518346354065416
576460752317375569
864691128479933461
576460752328253373
648518346356750478
1369094286737579662
1224979098674892959
504403158281694452
1008806316550035621
1297036692715005683
1224979098667215307
864691128489558917
1008806316551171367
1297036692706220648
504403158282550068
576460752319599014
648518346360165663
1224979098687568130
504403158281342450
1369094286737069769
1224979098662840384
504403158281350269
1224979098666016940
864691128474198736
1224979098678371926
1369094286746527884
1297036692707501266
1369094286765438917
504403158281230144
1369094286739073660
1008806316573040128
1224979098660627755
576460752321644314
864691128523917441
504403158281715411
648518346368820227
1008806316552380541
1008806316570037060
576460752317911639
1008806316552411021
576460752317373581
504403158283135033
1008806316555564514
1369094286765443404
504403158281233191
864691128472669680
864691128473614703
648518346356081382
864691128474150496
504403158286646623
648518346354310164
1369094286737171911
576460752317848674
648518346363550291
1297036692714744672
1008806316547499583
648518346386522302
1369094286750915960
648518346375707121
1224979098681691677
1297036692709810377
648518346386493727
864691128489543098
1224979098661470816
1369094286744511488
1008806316548346836
1008806316579884404
864691128472669965
1369094286737161509
576460752324362220
504403158282564032
1369094286743198658
576460752347215671
1297036692699990270
576460752318347535
1008806316570020383
1369094286740425294
1297036692701924857
1369094286744489506
1369094286741774681
864691128481892174
576460752330944011
504403158281229586
1224979098660015459
1224979098661967336
576460752321560442
864691128500825601
1297036692721697703
1224979098661946428
864691128474801108
1369094286740423996
1369094286766010360
1369094286737069276
864691128474181472
1369094286737187800
504403158281526751
1008806316551184118
1224979098678461729
864691128504682021
1369094286737578979
1369094286739715373
1224979098660965109
1369094286740494490
1224979098663610438
1297036692731581044
1224979098665910244
504403158286711578
576460752321680936
1369094286737932378
1224979098678177087
1008806316547714895
1369094286737068467
1224979098660297291
648518346357844023
1224979098682083918
1297036692700183541
864691128484168489
1369094286737664514
1369094286740511387
504403158282554231
1297036692704700634
1369094286737290799
864691128504992625
576460752355654149
1224979098660302108
648518346360181799
576460752365737968
504403158283789994
576460752333827351
1369094286754754790
1297036692701295295
1008806316547967899
648518346356060850
1224979098678455624
648518346361634682
1224979098674900319
1369094286744051290
576460752317375974
1297036692706163680
504403158281333832
1297036692701937496
504403158299789933
576460752319577773
1224979098660626739
1369094286737306798
648518346378982183
1008806316551173702
504403158281327068
1224979098678993536
1008806316562679764
504403158300509601
1369094286741688559
864691128489816883
504403158296269390
1369094286737293553
504403158281342590
1224979098661078921
1369094286737668022
648518346354612553
504403158294359327
504403158285306123
648518346373456034
864691128500732140
504403158286642467
576460752355476433
1008806316547955557
1369094286737080052
504403158294044817
1297036692714747674
648518346354631575
504403158299689611
576460752322740603
576460752347686039
1224979098663625618
1369094286737158246
864691128489470702
1224979098676384629
864691128478029774
864691128490193176
1224979098660017921
1369094286737578274
648518346355489741
1297036692702609080
504403158293102675
1008806316573238635
864691128472669035
1369094286746687122
1297036692703667546
1369094286737661176
576460752347138454
1369094286740519685
576460752318935846
576460752355467719
576460752333596557
1224979098662819172
1224979098660116292
1224979098661974697
1008806316557170170
1008806316580003468
864691128500805281
1297036692699952667
504403158297599175
864691128525420537
504403158284598226
1008806316562458091
576460752320476334
648518346357842164
576460752318921494
504403158284580497
648518346361704432
504403158281326282
1369094286756465490
1369094286739020637
1297036692700176246
1224979098660015059
1369094286765667021
504403158287414312
504403158282576393
1008806316562538094
1369094286737305683
1224979098660022484
864691128483824348
1008806316556948434
1008806316570058839
864691128475936689
864691128481848618
576460752355153595
1297036692719967029
1369094286760556386
1224979098676399592
1224979098674321221
864691128483865018
1224979098662687349
576460752317375434
1224979098660295876
1369094286737950449
1224979098676456538
648518346355509503
1297036692702724373
1008806316553739789
864691128512751175
864691128474165291
576460752343945157
504403158281701146
576460752322809719
504403158285440096
576460752324339942
648518346355499112
576460752317404571
1369094286765968151
1369094286741720636
1224979098660293281
1224979098678448663
1369094286756375506
576460752317374346
1224979098687293369
1369094286751389348
1224979098682308697
1224979098667223786
1297036692719805536
648518346354065524
1297036692701921247
1008806316568067264
1369094286737157121
1008806316547951857
504403158281329348
1224979098661099074
1297036692706218742
1224979098674624552
1369094286740423087
1008806316580011368
1297036692700170697
864691128475706567
1224979098663636368
1369094286737065473
864691128500707047
1297036692719819470
1224979098660038957
1369094286743080754
1008806316549403156
504403158281337355
1224979098665898314
1224979098687314230
576460752341090114
864691128475727881
504403158281229286
864691128481880536
648518346354162412
1369094286740517035
1224979098678330546
1297036692700052659
504403158286739171
504403158283124446
1224979098687507518
576460752343937488
1369094286739674577
576460752347156967
1224979098667344392
1008806316550039527
1224979098660030450
1369094286756647906
1297036692707676654
1224979098660127001
1224979098665922936
1008806316547705562
504403158281700213
648518346356061215
504403158293526265
1008806316573417578
1224979098670198923
504403158285444248
1224979098660014450
864691128473170097
504403158281701306
1224979098686900838
864691128475706585
1297036692701920603
1224979098670428005
1369094286765641215
1008806316551201419
864691128483993814
1369094286737666559
1224979098675157423
1008806316548891489
1008806316547700820
864691128478054845
864691128476932701
1224979098661202521
1369094286737949578
1008806316573268400
1297036692706162494
576460752343811364
504403158281330771
576460752341089785
1224979098660014056
1369094286737300153
1224979098670696968
1008806316548346096
1008806316547507600
1297036692706233921
504403158300651021
504403158281703533
576460752334051721
504403158281715475
864691128474154218
864691128474170844
864691128472668975
1369094286739013115
1369094286746819516
576460752317578955
648518346356800437
1369094286754876515
1297036692701392297
1297036692700184327
1008806316555588503
1297036692700483878
1297036692724770578
648518346375749253
1369094286756506507
504403158281700259
864691128523907161
648518346378904259
1224979098660108619
504403158286713440
1369094286765434343
1008806316551202723
864691128524774969
1369094286737289950
576460752333554854
1297036692700407890
648518346369083889
1297036692724547665
504403158282577888
648518346375596277
864691128513115641
504403158282543103
576460752358039873
648518346354161233
1008806316548892605
648518346354114271
504403158283138383
1224979098676491412
1008806316551196598
1224979098660956102
1297036692714927101
1224979098664836620
864691128476904674
864691128513010486
1297036692701397216
1224979098662680114
864691128504409903
1008806316556863482
1297036692724760132
576460752317583581
1297036692701913046
1369094286737938033
648518346355501918
1008806316568103023
1369094286737657159
648518346355489109
504403158282559237
864691128489377107
1297036692704600823
1297036692700401520
1008806316547465658
648518346357897853
504403158287390155
1008806316547510876
504403158285409337
1297036692706150373
648518346355482925
576460752318913874
1008806316548908562
1297036692731829555
1224979098667229141
864691128472667910
1224979098675072577
1008806316580683201
1369094286737661200
1224979098660634197
504403158281697443
1008806316570100670
504403158294049967
1008806316548910130
1224979098665900359
864691128479842084
864691128473535466
1224979098663625844
1297036692699947179
864691128479851859
864691128483967790
1297036692706166179
1369094286754791365
504403158300369115
864691128473228335
648518346354633343
504403158287347792
648518346378740691
1224979098660628997
648518346386755924
576460752347745502
1224979098660958185
1369094286740494086
504403158286650824
648518346355487947
1008806316570152910
1369094286751519138
1369094286740539493
1369094286751525792
648518346375538857
504403158284593882
1008806316552415462
1008806316552417854
504403158281339551
1297036692699952403
1369094286737660830
648518346360148563
864691128501017376
1297036692709661993
1224979098661488150
1369094286737658120
648518346363875488
1008806316547713220
1008806316567852958
1369094286765547624
1224979098661487888
648518346373492030
1369094286741755980
1224979098664707537
576460752318871011
1369094286737162606
648518346357848927
576460752320470972
1008806316547466108
1369094286739014094
1369094286740425905
504403158281333848
1224979098660618784
648518346375815967
1008806316580812467
648518346355465269
648518346360155255
504403158281813401
864691128473563913
1297036692700396731
1008806316555730616
1224979098681347907
504403158283143207
864691128504429679
864691128490079863
576460752319491940
576460752343999584
504403158286714758
648518346354642708
1369094286759646151
1008806316547964608
1008806316557046092
1224979098663653236
1297036692704566507
1297036692712632586
1297036692700790880
1008806316548354819
1224979098660946570
504403158296267552
648518346360208158
1224979098664792870
576460752326370727
648518346378599077
1297036692700170585
576460752365452656
576460752317923563
864691128476930668
504403158300667280
1224979098670516419
864691128474973864
1297036692700790005
1224979098662702210
648518346354325661
504403158307203478
1297036692706178896
1008806316562661779
1008806316547502558
864691128478109452
504403158287418154
1008806316548891269
1224979098660031495
1008806316552508270
576460752328077304
1297036692699948244
576460752334422251
864691128475886229
648518346358862927
576460752347218230
648518346368909946
1008806316557090895
1008806316570052806
576460752365320817
864691128504450877
1008806316551176405
1369094286746509341
576460752317898435
864691128479891204
1297036692702606881
1369094286741694591
576460752343836919
504403158287555437
504403158283908059
1224979098664804666
576460752317583920
504403158286726782
1008806316552423868
648518346378721796
1008806316570160921
864691128479672934
1008806316562211610
1369094286737167644
1369094286737945083
1008806316570477548
1224979098687482075
864691128476025330
1224979098667224329
1369094286737069276
504403158297598906
648518346354970740
864691128501017376
504403158282143930
1297036692704633199
504403158281233037
1369094286741717819
864691128500871306
1224979098667226044
1297036692709731777
1297036692700782296
576460752354957650
648518346386320778
1224979098676469955
1224979098687405323
504403158281703039
864691128483977763
864691128500791291
1369094286744478617
1297036692709815011
1369094286737080073
1369094286755149674
576460752343829245
576460752317901055
576460752320518790
648518346355513265
1369094286754980850
648518346368775243
648518346360203484
1224979098687334905
1224979098661462048
1369094286737955461
864691128479880886
1008806316547965903
1297036692709366939
504403158287405509
1008806316555591267
1369094286760295067
504403158296251629
1369094286739683543
504403158281230021
1297036692724911344
1008806316547502753
1224979098660013996
648518346378507601
576460752326349100
576460752328257028
1224979098660022227
1224979098664714561
864691128475738863
1224979098660014450
576460752317852830
1008806316550168897
648518346355500712
864691128473170097
1224979098661966782
504403158285473068
504403158301222387
1369094286737170366
864691128483836177
1369094286743123635
1369094286737076007
1297036692704721157
648518346379035062
1297036692700184593
1224979098661967835
1297036692709802108
504403158297819727
1369094286765797886
1224979098676498345
864691128476884869
576460752319495364
576460752321561660
504403158281343293
1297036692724716381
1369094286737697426
1297036692709952823
1008806316550224242
1224979098670696968
1008806316567936425
1008806316549337208
1008806316573054810
648518346358742371
1369094286767173010
648518346354994927
864691128479918857
504403158307660317
504403158281706019
504403158289925557
504403158281705444
648518346357907241
1369094286740523651
1297036692721801442
864691128481892655
504403158293599756
1008806316555564514
1008806316547964608
1369094286756723585
1369094286739020637
1297036692704571846
864691128476886415
1224979098660958440
1008806316550138871
1369094286759549992
1369094286740544414
1369094286765428135
1369094286737170724
1297036692699947314
504403158281229931
1224979098664830508
1297036692710032619
1297036692733136045
1008806316573855733
1297036692709881651
504403158289636214
1008806316570202256
1224979098660021592
1297036692700175974
576460752318335769
504403158281243210
504403158282548128
1224979098661969719
1008806316550034702
1008806316547960455
1369094286746529193
1008806316549342656
1369094286760271771
648518346386746206
576460752365125752
864691128478175190
504403158287482377
1297036692731306320
504403158296251597
648518346354321177
1008806316547465988
1297036692699992422
1297036692701946001
648518346378821040
1224979098664815202
648518346354999810
648518346379378181
864691128473170752
1369094286737085974
1224979098667190650
576460752317585315
1008806316573051194
1224979098667240838
1297036692707639670
1369094286765480178
1224979098660311507
864691128474191305
1297036692701308555
1224979098660307678
1297036692700480539
1297036692706202684
864691128504624499
648518346356070116
1369094286737167980
504403158297623482
864691128478106787
576460752321645666
1224979098660121109
504403158282844475
648518346356803066
1297036692702730217
504403158283764188
1369094286737955916
1008806316547947906
576460752347366862
1008806316567896547
576460752334257335
1369094286739064816
1008806316549488145
1008806316547489826
1297036692731338616
1297036692714859461
1369094286751151177
1224979098670687953
864691128481892568
648518346369212872
1008806316549401825
864691128478176629
1369094286737302018
1297036692703658721
504403158283114241
576460752322723501
576460752328085428
1008806316555542083
864691128476923259
576460752317913208
1369094286765443404
504403158283115716
648518346357915751
504403158289641131
1369094286739028400
504403158283900977
864691128524994309
576460752334142429
1224979098666019980
1224979098660013981
1369094286739822687
648518346363543801
1008806316580003468
1224979098665922936
576460752326229013
1369094286756666180
1297036692699990533
504403158287461786
1297036692707686050
576460752318877957
1008806316555732095
1297036692707497086
1224979098660620523
504403158300279997
504403158281329185
1297036692701391945
504403158290087533
1224979098675199140
504403158284511029
1008806316557096142
576460752317373926
864691128474200017
504403158284598226
648518346358833002
1008806316573099311
1369094286738451800
504403158283899144
864691128478223619
1297036692700178194
504403158284850745
1369094286737939028
1224979098660110652
1369094286756509458
576460752365457246
576460752318261044
1369094286744465911
1008806316555625992
1297036692721788741
504403158283152188
1224979098664820461
1224979098674342433
1008806316553675589
504403158300260548
1224979098660298011
1224979098660633412
504403158299772357
864691128476881301
576460752321684458
1224979098664827896
1008806316568067104
1008806316549482104
648518346375840830
1297036692731930147
576460752318336719
1297036692719789734
576460752347488884
648518346363585828
504403158306553131
1369094286741625647
1369094286744466524
1224979098670647057
1297036692699947374
864691128477023874
648518346354975543
504403158283140304
864691128473546786
1224979098661958027
1224979098660035648
648518346378750819
1297036692706161224
1224979098681343077
648518346368946534
1224979098674749401
648518346355006865
648518346354162177
864691128474985670
1297036692701305422
1297036692731095428
504403158281253208
504403158290197306
864691128474876809
648518346354310325
864691128475031642
1224979098660110199
1369094286737672339
504403158284389088
504403158281229691
648518346357791187
648518346358729408
864691128501040936
504403158282575769
1008806316555634695
576460752318323824
864691128524598628
648518346358735381
1008806316567921217
1369094286756643042
864691128479730944
1297036692701413754
504403158283150071
576460752322743536
504403158287396103
864691128474804013
648518346355549549
1008806316549372118
504403158284616258
1008806316567914579
648518346360173364
1297036692699953528
648518346356895371
1369094286765771908
1369094286739020464
504403158281709052
1224979098660113350
576460752343946256
1008806316556619221
1224979098666014331
504403158291581900
1369094286746524262
1297036692700167396
864691128476890257
648518346363836971
1369094286744431930
504403158281229061
864691128490173202
504403158281333832
1369094286765443404
1224979098661464504
1297036692703640137
1224979098660021043
1224979098666019980
576460752359151664
1224979098661080136
648518346360175760
1224979098660034851
1224979098660027257
1369094286737163329
1008806316549499503
1224979098667357036
1008806316551180189
1224979098670419608
1369094286737174019
1224979098670286505
1297036692699997207
1224979098681964577
864691128479819069
576460752317574503
1297036692700769986
864691128484181020
648518346354317855
1297036692707733965
504403158284612433
1224979098660635274
1369094286760314019
576460752354744494
504403158282584807
504403158297617515
1008806316580314722
1369094286741763740
576460752322877797
576460752318875463
1369094286765721622
1297036692719790132
504403158282132985
648518346378704715
576460752326264126
1369094286740425294
1008806316550219801
504403158286646068
1224979098663646624
1008806316553915806
1224979098660299557
504403158286737203
504403158282550040
648518346369086276
576460752324391883
504403158283113762
864691128478158953
1369094286737156268
1008806316551277264
576460752365454421
648518346360165663
648518346360277501
504403158284586618
864691128500892920
1224979098678675367
1224979098675166979
1224979098662828788
648518346361617311
648518346356797799
576460752344007767
1297036692701920603
1297036692703691302
648518346354331451
1224979098660035468
504403158281531878
576460752321635287
504403158284616238
504403158284605022
1297036692721813476
504403158285419012
576460752322892733
1224979098660030648
504403158300778341
1369094286737296146
1369094286765888295
1297036692700795605
864691128523750423
864691128479671910
1224979098664718795
864691128475883795
576460752328099732
576460752317374151
648518346354971655
1224979098681659902
1297036692706204374
1369094286741604099
576460752317846414
1369094286746493730
1008806316557031239
648518346358712227
1297036692701322280
864691128473541610
648518346375596407
1369094286738460406
1369094286739111141
1297036692699948619
1369094286743190224
1224979098665887160
1369094286744411481
648518346361713373
1224979098665882499
1297036692703606139
864691128478162000
1224979098660126249
1297036692724542065
864691128479746729
1008806316580747037
1297036692700167076
1369094286737289630
504403158293149228
504403158281324878
864691128489942083
864691128476977164
1224979098664821423
864691128474168862
1224979098661955212
864691128483780219
1008806316548892121
576460752326212181
1008806316553736118
504403158294129644
504403158300278304
504403158299780159
1224979098661455881
1297036692700170926
1297036692699990420
648518346356089224
1369094286738576489
504403158281333869
648518346361719261
504403158284589340
864691128478032881
864691128500902178
504403158282575292
1008806316551271607
1369094286751507540
1369094286765560340
1369094286737308389
1369094286737942096
1369094286737067362
1224979098660013996
504403158284850745
1297036692709406284
1369094286739675331
1369094286738460406
648518346356066171
576460752317577547
1008806316556935591
1224979098661487570
504403158283908668
576460752324542708
1297036692731387275
504403158296318012
648518346378877180
648518346375680648
648518346386785589
576460752334130158
1008806316551273889
1369094286738905041
864691128498184543
1008806316547467638
1369094286739014209
576460752321594583
1369094286737933247
1297036692701902346
864691128497891118
504403158281710207
504403158290123870
1369094286754848530
1224979098660970249
1369094286754894519
504403158281229046
1297036692703680126
1369094286737170724
1297036692701911416
1297036692700776908
648518346378719555
1369094286744442916
1369094286756633146
504403158283760664
1369094286741614287
1224979098670675446
576460752354804865
1297036692700172454
648518346375536752
1369094286737080438
1224979098660307949
1297036692704619026
864691128504406740
648518346357915751
504403158289641131
1008806316547705562
504403158296242210
576460752324427699
576460752318922478
504403158293953524
504403158307123892
1008806316570212933
1008806316548343725
504403158289991603
864691128475937731
1008806316547704441
1369094286737163592
1369094286744479899
504403158281715008
1008806316552520074
1369094286746795394
576460752344044105
1297036692700401641
1224979098663613418
576460752322733143
1369094286737168852
1224979098667200327
1008806316553679386
648518346360166649
648518346369123928
1008806316568108872
1369094286739808161
1008806316547707277
1224979098660014386
576460752317376469
1008806316547702835
1369094286737163252
504403158285465613
1224979098667190104
864691128479722968
864691128483862251
576460752319491268
1297036692702715845
576460752322802120
1369094286737187687
1369094286740520182
504403158296246996
1008806316557001754
504403158290342788
576460752326274745
1369094286737069255
1297036692719812406
864691128481830520
504403158281239432
1224979098687061518
1297036692700773728
1008806316548335958
1369094286754973304
648518346354166108
1224979098670399202
1297036692709848126
1297036692719804294
576460752319530588
504403158281710750
648518346354622499
1224979098676380676
1369094286754878146
864691128498171409
1369094286756591489
1369094286737163014
504403158281448683
648518346358842979
1369094286737078571
648518346378490661
1224979098664706176
648518346375574635
1224979098663638737
1297036692724632777
504403158304553654
576460752320535188
1297036692707492474
1297036692721610360
1224979098667247293
1369094286737304040
576460752319507396
1297036692706207380
1297036692703684957
1008806316547465808
1369094286737163379
648518346373932345
1297036692700419586
504403158287499021
1297036692709406284
1008806316555629875
1008806316548332240
576460752341251102
1224979098688805818
576460752317373821
576460752322903441
504403158297598906
1224979098678477321
576460752347309174
1297036692707499731
648518346378507210
648518346373611874
864691128474953571
504403158297819727
1297036692731097174
1369094286737297057
1369094286738460450
1297036692701406634
576460752341033203
1297036692700800124
1297036692700413944
1224979098660310612
648518346356207781
576460752365545881
648518346361708221
1224979098660021159
1008806316551275665
648518346387186000
1008806316548885514
1297036692721673491
1224979098676369581
576460752317374316
1369094286756496604
504403158297704750
1369094286765970225
504403158283127573
504403158290123870
1297036692704617033
864691128483865018
1224979098666002242
1297036692709961555
1224979098663614539
504403158307280242
576460752317401718
1224979098662691957
576460752322786863
1297036692724492484
1224979098687582682
1369094286739710931
504403158307032790
1008806316550034451
1369094286751375228
504403158281339139
1008806316555626679
1369094286737687900
1297036692702722513
1369094286737291060
504403158281517469
576460752341195147
1008806316553665568
1224979098660108693
864691128500768682
1224979098667191168
1224979098660212583
576460752317574904
1297036692719809613
576460752343998904
648518346361686304
504403158288199343
1008806316553667791
1297036692702714463
576460752365336172
1369094286744446016
504403158284517838
504403158281235514
1369094286740484185
1297036692724718483
864691128474990974
864691128475855637
1224979098664795252
1369094286744416372
576460752318326475
1297036692700185560
1008806316547959335
864691128478194684
504403158290111122
1008806316548346523
1297036692703280334
1008806316548343563
1297036692699947284
648518346375623413
576460752334459760
1297036692724900981
648518346355998496
648518346354113071
648518346373559206
864691128483800756
504403158281718858
864691128474952277
864691128500885084
1224979098667194858
504403158284618670
864691128473542162
648518346375557698
864691128476035845
1224979098674452965
576460752321590640
1369094286740521507
1297036692701883646
1008806316567930308
864691128479680313
1297036692701396598
1224979098678480067
576460752318863697
504403158297730631
1224979098660116471
1224979098676398733
648518346361656116
1008806316553839219
1297036692702716380
648518346375587010
648518346358874809
1224979098660015224
864691128501087011
1297036692702726782
1008806316547494615
504403158281513723
504403158286760569
1297036692699993129
504403158282123872
648518346363828820
576460752317578062
1369094286737656900
1008806316551275170
576460752334450579
576460752317373971
576460752347172017
1224979098664817226
1297036692716753359
1008806316579981015
1297036692703671309
1008806316552519271
648518346356890944
648518346375637438
504403158281699399
504403158307254537
648518346361639959
1297036692706160896
1369094286737947035
576460752318320183
648518346378992205
1297036692699948424
1224979098660295908
576460752324526985
1224979098660115306
1008806316547472998
1008806316570109210
864691128525628419
1369094286754733511
1008806316552520332
504403158281511582
864691128479851447
1224979098669687153
648518346375709928
1008806316548878195
648518346375707121
576460752320453563
1369094286737655199
864691128472667985
1297036692701314176
576460752320398273
1224979098675155498
864691128473606269
648518346354993641
1008806316547467533
1224979098686819841
1297036692714508532
504403158285320290
576460752328232532
1224979098676468229
864691128477025813
504403158293082626
576460752322720649
504403158282542701
504403158293146022
864691128504485187
864691128497971411
576460752319616909
1008806316548887598
1224979098681318116
1297036692701391363
1297036692700404380
648518346378829746
1008806316562325648
1369094286741606212
576460752365916919
1369094286741740563
864691128478222317
576460752355666236
1297036692700178946
1369094286737952737
576460752317375126
864691128472668225
1224979098660015371
1369094286737161952
864691128498036639
1369094286737668538
1008806316548352440
1224979098686805126
1224979098674791442
1224979098660024085
576460752328100767
1369094286741616793
576460752355085795
576460752318912588
1008806316573222864
1224979098660291168
504403158282557077
576460752347587809
504403158297742598
1369094286737937315
1008806316562677878
1297036692707736216
648518346357853599
504403158293922747
864691128474158587
864691128472669485
504403158290273446
1297036692706253188
1008806316547466708
1297036692701913824
1297036692701945878
1297036692714619538
504403158301138994
1008806316555597136
504403158287461801
504403158281701409
504403158283123244
504403158287393182
864691128472669470
1224979098676462914
648518346363541097
864691128524179651
1369094286765845283
504403158286751986
1224979098666002242
504403158281339004
1224979098661968124
1224979098687063444
504403158283133505
648518346357871385
1297036692731239284
1369094286740421122
1224979098660122960
864691128472668465
1369094286740507575
1008806316573282609
504403158281336028
1369094286741687963
1224979098663649953
1297036692703645009
504403158281228806
1224979098670684363
504403158286737465
1369094286737160115
864691128472669530
1224979098660122784
504403158300356816
504403158293599756
1369094286744457328
648518346386464885
1224979098670647057
864691128473560816
1369094286756591895
1224979098676506604
504403158294412631
648518346375629998
1369094286743130317
1297036692700186580
1008806316547466603
1008806316570104845
576460752328074622
648518346354065615
504403158282148213
648518346360202380
1369094286739822904
864691128512969004
1297036692700177141
1224979098660291168
1369094286743087051
1369094286738446861
576460752356924359
864691128478149590
1008806316548338862
864691128512942857
1008806316550238565
1224979098660111857
1008806316580567909
864691128473564589
1008806316552506402
576460752324288103
864691128483945399
1008806316553836117
648518346354635353
576460752343829245
1224979098660622236
576460752347584320
1008806316557096142
1297036692700418884
504403158281229301
1297036692731630995
648518346356794182
1297036692709936858
504403158293636350
1224979098660022188
1224979098660015459
648518346375712906
1369094286746528756
1297036692699947389
648518346356066171
1008806316556935591
1224979098661487570
1224979098660027592
1224979098660307132
1224979098660023023
1008806316553837525
648518346373546286
648518346386785589
1224979098687729254
1008806316573121608
864691128481947441
504403158281710207
504403158290123870
1369094286744442916
576460752322925441
1369094286740423231
504403158283760664
1369094286741614287
1224979098670675446
576460752320461069
1297036692700172454
648518346361650726
1369094286740555714
1224979098674274478
648518346360194697
648518346360274856
1297036692706317009
1224979098667252090
576460752324391705
504403158290669545
576460752324547493
504403158300321107
864691128481853691
504403158293599756
576460752324499271
648518346355045249
1008806316547503101
504403158281514260
1297036692719959488
576460752317917030
1297036692719753139
1369094286751008911
576460752317908690
1008806316548314301
864691128524842128
1224979098662693760
1369094286765448237
1224979098660114318
576460752322780813
1224979098661974809
504403158283116192
1008806316568063630
1297036692701886058
504403158285409052
504403158283161843
1008806316547713953
1224979098660104996
1008806316562355077
504403158281701146
648518346360159655
1369094286740551878
864691128474181472
504403158281233037
1224979098660124415
576460752324377976
648518346356894237
1297036692701942685
576460752317899272
1224979098687061518
648518346355495682
1224979098680947450
1224979098674658423
1224979098663636523
576460752343667708
1224979098662819172
1297036692731938549
1008806316547466543
1369094286759625130
504403158281331938
504403158300554136
1369094286737076908
1369094286746604924
504403158282136324
576460752318926837
1297036692709424764
1369094286746820825
1224979098660116292
504403158281700213
1369094286737162606
648518346357848927
1224979098660014450
1297036692707497086
1369094286737165909
504403158285321341
504403158297746093
576460752326210455
504403158281701306
504403158281333848
504403158281451275
576460752317907968
1008806316547714895
576460752328242540
504403158287499690
1297036692701310855
1008806316552507498
1008806316568135748
504403158296172607
864691128475706585
1297036692714478193
1008806316549497244
576460752334098200
864691128524642925
1224979098660614041
864691128478054845
504403158297700992
1008806316547712963
576460752317375809
576460752317566507
504403158282550025
1369094286747097087
504403158282554354
576460752321632726
648518346354997037
1369094286737161727
864691128498176699
1369094286756510248
1008806316551183451
648518346356749931
504403158282048345
1297036692699948334
1008806316547966527
576460752322758310
1297036692700482060
1224979098660956480
576460752317373971
576460752347172017
1008806316579934193
1224979098661480100
504403158294055965
864691128483921941
1224979098675083623
864691128490391092
648518346355626343
1297036692702682550
1224979098670519909
1297036692709497742
1008806316573048146
1224979098660114024
648518346354742291
1008806316551203017
1369094286737066704
1224979098667342135
576460752328175972
864691128476904674
1297036692703636686
1224979098661080282
1297036692700175527
1224979098678177087
504403158281450448
1369094286759612205
1008806316570010461
576460752326416752
1369094286750849104
1224979098660955082
648518346368935732
648518346355485201
1224979098661473588
576460752365115857
504403158296315542
864691128473623124
504403158300771098
648518346356788125
1297036692721854201
864691128478060887
1369094286738465423
1297036692701937386
576460752322908790
648518346363874031
1297036692731087724
576460752320397252
1008806316547467413
504403158283908668
1297036692704582216
1369094286743115889
576460752347361610
1297036692700783977
1369094286751549944
1224979098687418720
1224979098675161999
1224979098670414720
576460752326210876
1297036692715056442
864691128477080688
504403158286737772
576460752321505465
1008806316548897825
1297036692731455803
576460752326282008
1224979098664817226
504403158281696356
1008806316549342516
1297036692707651963
1369094286746495775
576460752317571492
1008806316570212933
1224979098663628417
576460752317405257
864691128479838226
864691128473550138
864691128501017376
576460752340997064
648518346354990009
1008806316547947719
1224979098678262384
864691128504616105
648518346360222891
1297036692707659108
864691128473228128
576460752321640792
576460752316907856
1297036692707676791
1369094286737077225
1369094286755149674
576460752318350347
576460752341065930
1297036692704565241
1369094286754980850
1369094286737955461
864691128475125709
864691128500791514
1008806316547467893
1297036692724599289
504403158283139656
504403158296264852
648518346356887068
1008806316547501881
504403158306843102
1224979098660121309
504403158282555300
1369094286737944785
504403158287456639
1297036692714909017
576460752317373926
864691128474200017
648518346354976776
576460752317376319
648518346354068834
1224979098686815881
504403158282574662
1224979098663650541
1224979098660619623
864691128489847921
576460752347242043
1224979098660304283
1224979098660110341
648518346360210553
1369094286738463191
1008806316570477548
1297036692700175368
1224979098666035313
504403158281229061
504403158286726653
864691128500810853
1224979098670531465
1224979098678323833
1008806316547945984
1224979098674329925
1369094286740533421
1369094286759954631
648518346356894237
1008806316570098226
1297036692700188300
1297036692709731777
648518346386320778
648518346354113218
1369094286737074009
1224979098686934913
648518346354067003
1008806316570097962
504403158281453094
504403158281331938
1224979098664835153
504403158286644517
1224979098670399202
1369094286737955461
864691128479880886
1297036692709366939
1008806316555732095
1369094286737174019
504403158296242210
576460752324427699
504403158282574662
1297036692701301145
648518346354622499
1224979098676380676
1008806316557101861
504403158284620402
1369094286744430325
576460752317375509
864691128525420537
1369094286747096795
1369094286754878146
1297036692704713354
1008806316557059435
1297036692707684670
864691128489543098
1224979098660315165
1008806316553764149
1297036692706226136
864691128476000002
864691128473159195
1224979098660111831
504403158282575769
576460752319621879
648518346356890944
1008806316548313169
1008806316551277427
504403158281335202
864691128511878362
1297036692719744048
576460752324336079
1297036692702699596
864691128524953369
504403158282556065
1224979098675739371
1224979098660113200
1224979098662833516
1224979098660122117
1008806316549372795
1224979098660039586
1224979098663626989
1224979098660305085
864691128504641016
1297036692701913666
864691128504791404
1297036692709828215
1369094286743079693
1369094286737172857
1008806316547707156
1369094286746883566
1224979098687113642
864691128478103433
1297036692706243498
576460752324402925
1224979098662842335
504403158285397219
1369094286739718540
1297036692700483221
1224979098660023996
1008806316547708516
864691128500892935
648518346360289875
504403158282550068
504403158297728415
1008806316555539983
576460752321651594
1008806316557155253
576460752322723501
1369094286739014544
1008806316552425548
864691128490173202
1369094286737952475
1224979098678477321
1008806316567928500
1008806316553663508
1224979098660109837
1297036692714740695
1224979098662840631
1224979098666038119
504403158284590335
1008806316553771501
1297036692700403574
1008806316550039527
1224979098663610438
1008806316547502753
576460752319530588
504403158287391856
1224979098676369250
1369094286741756673
504403158281228701
504403158282552050
576460752319592167
1297036692700180112
1224979098660973176
504403158297621977
1224979098681691677
504403158297599175
504403158281234003
1008806316548351387
864691128474955664
576460752333940802
1369094286744437060
576460752319576521
1224979098681964577
1369094286759612205
864691128479819069
864691128525420537
1008806316547493765
1224979098674968440
1369094286739080471
576460752317574503
504403158297757344
576460752340996979
1369094286746980779
1008806316549497244
1369094286740520100
1297036692724732897
1369094286754742486
1297036692719789734
1008806316573209295
504403158284850745
648518346369099528
1369094286737308280
1369094286737068969
648518346356812799
864691128474952996
864691128476875292
1224979098665455013
576460752335627524
504403158285408098
1369094286737659637
576460752317581778
504403158281444935
648518346354613974
1297036692707680397
576460752324526985
1224979098661960117
504403158281333383
504403158283886062
1224979098675157168
504403158296310657
864691128512381417
1008806316557165850
504403158282567916
504403158285391811
864691128500733668
1008806316573353051
1224979098675178253
1369094286747103382
1008806316570132567
648518346360181799
504403158281337501
864691128479785185
1008806316555552740
504403158290112413
576460752328185321
1297036692703688144
864691128474906635
504403158281716105
1008806316548904777
1224979098686974624
504403158287414654
1224979098682051122
1297036692700802264
648518346354317879
576460752324380547
1369094286741590512
864691128500810853
1224979098670531465
1224979098678323833
1369094286739674577
1224979098670435991
576460752357020130
1008806316548765127
1297036692721793011
1369094286751375720
1297036692700782296
648518346360171348
576460752318910624
504403158306944442
1297036692703606871
648518346356805066
1224979098666019980
504403158282132033
1224979098663651898
1369094286737171911
1369094286750915960
576460752320470972
1224979098664714561
576460752318922478
1224979098676380676
576460752365390296
576460752365275839
1369094286754725251
576460752347242043
504403158284598226
1224979098660014496
576460752326283397
1224979098660303191
1224979098660618784
1008806316547467308
1297036692701398289
648518346354319675
1224979098660632734
504403158282541115
1224979098660108659
576460752322788680
1008806316580689285
1008806316553684255
1008806316551189391
576460752347886737
1008806316547500949
1297036692707662022
576460752322810718
576460752324563536
1297036692721693773
1224979098687292996
504403158296286033
504403158281263383
1224979098660022188
1297036692699952979
1297036692703659498
1008806316573108697
1297036692701299154
648518346354163583
576460752317374331
1008806316568118517
1224979098660307381
1369094286737308280
648518346373594387
504403158289965860
864691128472668540
504403158300379836
504403158299790937
1008806316555584420
1224979098678343610
1224979098678699268
1008806316562636278
864691128472669350
1224979098670186579
1369094286737665679
576460752320397555
864691128481861692
1369094286737953951
1297036692700401219
648518346361714412
1369094286743102049
864691128489444433
1369094286759288873
864691128473536829
576460752320441106
864691128478103433
864691128498123184
504403158281328713
576460752328086795
1297036692703666056
1369094286756450394
1369094286754739427
1369094286743015147
504403158281232848
648518346386795063
1224979098660947823
1224979098664826564
864691128476956452
1297036692699994479
1008806316555404228
1369094286737076306
1008806316551180189
1224979098660303191
504403158281519555
864691128472667580
1297036692719908452
1224979098660016191
1369094286737292786
1297036692709810377
1369094286756500367
1224979098663637720
1297036692699986255
1224979098661953492
1224979098660957576
1369094286738461874
1369094286739712325
864691128525059601
576460752341038710
864691128476941987
504403158284616679
864691128474199544
576460752318349615
1297036692706207380
1008806316570235563
504403158281330771
576460752341101970
1224979098660114099
576460752326407463
1369094286750937255
1369094286751008599
1008806316548332240
576460752320500603
648518346354626169
1224979098681541336
1297036692702612603
864691128490191312
648518346356810707
1297036692724770578
1224979098660631366
1297036692704700839
864691128498110122
1008806316549402880
576460752328336148
864691128504646129
504403158281509205
504403158287459169
504403158297572817
1369094286737067180
1297036692716753359
648518346355045249
1369094286737944645
1297036692700188921
1008806316547711357
1008806316547951857
1224979098660015459
648518346356062118
1369094286754962008
1008806316562610103
504403158285422940
504403158281701714
504403158286657588
1008806316556967355
576460752320388738
1008806316579981015
648518346355469459
648518346356808181
1297036692700183541
1369094286737069042
576460752326207918
1008806316573121608
1297036692702703565
648518346373594354
1008806316547512416
1224979098687063444
504403158282568106
648518346356115323
576460752318308738
648518346386514273
1297036692701389318
1297036692700400960
1008806316568114522
1008806316548314119
504403158281452089
648518346356752476
648518346357792151
648518346354618039
1297036692704620572
1224979098663654511
864691128473535882
504403158290213062
648518346356146690
576460752317921651
1224979098681430527
1369094286750891980
864691128478183038
864691128476034544
1224979098664816260
648518346358866522
1008806316573238635
1224979098661957170
1369094286739062874
1297036692704633199
576460752354957650
576460752365322159
1008806316551270823
1369094286742998612
1297036692703684957
1297036692704571846
648518346373453641
1297036692700478762
1008806316547466708
864691128524113896
1297036692703671309
1297036692721797257
1369094286746797180
1224979098660029652
864691128481839588
1008806316551173720
1008806316552375514
1008806316567921217
504403158287418589
648518346357871385
1297036692709979666
504403158293839465
1297036692704629793
1224979098660307949
1224979098660628170
864691128472668465
1297036692699947314
504403158281229931
864691128479730944
1224979098660020314
1369094286744464290
1369094286740548596
1008806316568114522
576460752326244461
648518346354070654
1297036692700481720
864691128476961552
576460752321568246
576460752324361007
1224979098666026152
864691128483953373
1224979098660967151
504403158281451791
648518346363710825
504403158282047866
1008806316548317275
864691128483932497
648518346354164661
1224979098676474749
648518346360159655
648518346360148563
1297036692699948199
1224979098663636523
576460752343667708
504403158281331938
504403158300554136
1369094286737076908
648518346386747853
1224979098660116292
1224979098660212583
864691128472667580
1369094286756500367
1224979098663637720
504403158281326840
1224979098660304283
648518346357903398
504403158283139462
1369094286756607359
1369094286744520163
576460752355082299
1369094286737073300
648518346375559893
1008806316547700658
864691128478174629
1224979098660961535
1224979098661959832
1369094286742979282
1369094286747096795
1369094286754878146
1297036692704713354
1008806316547467308
1297036692701398289
648518346354319675
1224979098660632734
504403158282541115
1224979098660108659
1008806316557059435
1369094286737066802
1008806316547968140
576460752343846093
1008806316553684255
1297036692703647633
504403158287447194
576460752317373551
864691128490079863
1369094286737667040
648518346355502351
504403158282130142
1369094286746761470
648518346363533796
1224979098665908749
1224979098667212202
1008806316547715187
1369094286741717819
504403158286739846
864691128500871306
1008806316562671939
576460752326413397
1297036692699985460
1297036692699946969
648518346357915751
504403158289641131
1224979098687708878
576460752328100767
1297036692732584903
1369094286740547790
1297036692702732939
864691128515395984
1008806316547705562
1008806316547965903
1008806316549499503
1008806316557059435
1369094286737066802
1369094286756438134
648518346375815967
1008806316580812467
1224979098660110341
1008806316570010461
864691128498171409
504403158282542951
1369094286737581558
504403158285430611
576460752317574503
1224979098660308754
1008806316573099311
1297036692704695245
1297036692701951733
1369094286754667250
576460752317908401
1224979098676398733
1297036692714858535
1297036692701923974
1369094286744492266
1008806316562334079
1369094286737939028
1224979098660109986
1369094286737071975
1224979098660013951
648518346354741464
504403158287457114
1369094286751375720
576460752365322159
1369094286737293708
1369094286750849104
576460752328089586
576460752341267237
1008806316557095776
504403158283146798
576460752334446786
504403158281344641
1297036692704696115
648518346354114790
864691128501074940
1224979098661471593
1008806316548343742
648518346378748942
504403158281358191
504403158281229361
1008806316547952366
1008806316551177814
1369094286738436549
1224979098676344050
1297036692731072490
576460752322890178
1369094286737156791
1369094286737580183
1224979098664719302
1224979098681430527
648518346363667743
1369094286738433452
576460752323616021
1369094286737175098
576460752317584809
648518346358843133
1224979098674516913
864691128483920272
1008806316550230938
648518346354318950
1369094286738745468
1369094286737955232
864691128475936165
1224979098660018051
1369094286737069506
1008806316547717944
1369094286760480940
504403158283135616
1224979098660038201
1369094286737066538
576460752318254853
1369094286744446076
648518346361616051
1297036692700483258
1297036692704721157
1008806316551277679
1297036692699954834
576460752365421902
1369094286740506279
504403158283134905
648518346354311737
504403158297623139
504403158281511996
1224979098661331472
504403158300337740
504403158297846852
1224979098678186554
504403158289762076
1297036692705366290
864691128478040162
576460752317374481
648518346357875496
576460752324511147
864691128501013720
1224979098660290841
1297036692707512423
504403158297629484
1369094286737939613
1008806316567974648
648518346354607746
1369094286739819806
1224979098660108786
1297036692707636456
576460752318378142
648518346354612421
648518346354970631
648518346357791844
504403158297685699
648518346363664117
1369094286739683176
864691128501087011
576460752324435526
1008806316553837525
1008806316547466933
1369094286737169615
1224979098682057020
1224979098674755020
1008806316547507291
576460752365889996
1297036692701407820
576460752317582195
504403158283150686
864691128472877215
864691128524815594
648518346369277674
648518346355493893
504403158283129188
1008806316552421182
648518346375696237
1224979098687494247
576460752324364530
576460752355472786
1008806316548876496
1224979098661961374
1224979098678375670
1224979098664794427
1224979098667244159
864691128483908111
1369094286740517983
504403158290322559
1369094286766053875
864691128483961416
504403158281718365
576460752318304256
1224979098662683363
648518346386241649
504403158281697236
576460752344044105
864691128474141977
864691128481895151
576460752328311889
1297036692700176868
1008806316580381195
504403158301139357
1369094286737936002
648518346363543801
1224979098660034851
1008806316547502753
1008806316547714895
1369094286739737769
864691128490245764
1297036692731428304
1008806316555408808
1008806316547465328
504403158285472597
1297036692702717470
864691128500750114
1297036692706199958
1224979098681665738
1224979098670677212
1008806316551265766
1369094286737957984
1369094286739031698
504403158293905759
504403158282131300
576460752365107956
864691128504835258
1008806316550219968
576460752326299590
1369094286754848720
1224979098665911760
1369094286737078019
648518346373631942
576460752365642304
1224979098674443137
1297036692699947344
576460752324389001
648518346378707225
1297036692731183118
1224979098687510120
1224979098676508703
648518346356807990
576460752341033203
1008806316550206339
1369094286738431802
1369094286765929268
864691128504727536
1008806316547498856
504403158281514380
864691128479878965
1297036692702699407
504403158285010752
1297036692701385990
864691128481830520
1224979098681546420
576460752347546915
1297036692707662591
648518346363875488
648518346357858674
648518346364007508
1369094286754782783
1369094286743107329
504403158281323577
504403158296367846
648518346354069432
1008806316547466993
864691128479692401
1224979098665919497
504403158301139357
1369094286744418889
576460752317848674
1297036692709366939
576460752317852830
1008806316557096142
504403158281701306
576460752319576521
1369094286765445150
1297036692719745407
1008806316562475221
576460752322788680
1008806316550185381
648518346361612287
1224979098660122371
1369094286756591489
576460752328068603
576460752326371316
648518346356100486
864691128498136555
576460752354546902
1369094286739731059
1297036692701912981
1008806316580689285
1008806316553684255
1008806316551189391
1224979098660016651
504403158281229301
1008806316553783192
1224979098660415839
1369094286738451800
864691128474801108
1369094286746490769
576460752321559724
576460752321601504
1297036692721928896
576460752343967778
1369094286743125370
864691128472667580
1008806316547968140
648518346363755666
1297036692703665188
1297036692700180206
1008806316567910616
1008806316549497244
1008806316550157223
504403158290086723
648518346386217676
1008806316547502383
1369094286737951966
576460752318315407
504403158285389703
1297036692700412393
1297036692700478762
504403158281697016
576460752324354847
1369094286737077653
1297036692700778160
1224979098662838757
1297036692699947719
1008806316570111029
504403158282123872
864691128501046263
576460752317583332
1224979098664827972
1297036692721780967
1297036692724751196
1008806316547943847
1369094286741614976
1008806316547704441
864691128498237936
1297036692704599768
1224979098661950393
648518346354064482
576460752328336597
1297036692706246591
1297036692701385862
504403158306506560
1369094286751700065
648518346355501629
1297036692701885126
864691128475146796
576460752326401531
504403158282043738
1369094286750849104
1224979098660306786
1297036692700419444
1224979098662682637
1369094286738432121
648518346373617478
864691128472667985
1369094286741760228
504403158289604445
1369094286739027025
1369094286740513487
648518346354996645
1224979098675724870
504403158281710947
1224979098660030165
1224979098668082022
864691128511888098
1008806316556967462
1224979098660015492
648518346361693650
1297036692724442075
1224979098660017890
504403158300617652
1008806316573292782
1008806316573254598
1224979098660977398
1297036692699952388
1297036692703649874
1008806316570214141
576460752365621963
1369094286737957030
504403158285427418
504403158281336634
504403158297562277
1297036692721777040
1008806316547960052
864691128482001909
1297036692700479484
1369094286760400892
1224979098672706916
576460752365729641
648518346358714180
1297036692704565241
648518346356114833
648518346354317855
864691128481890299
1224979098687399160
648518346354973112
576460752341251102
1369094286743117428
1008806316562679764
648518346375637438
864691128475733425
504403158297605007
576460752318915340
504403158281239820
576460752317405027
1008806316570132567
1224979098663641705
1224979098661964276
1008806316555564541
1224979098687242810
1008806316552451857
864691128476926066
648518346356777272
1369094286754664922
1297036692702610628
1369094286737078555
648518346354116137
576460752365248279
1008806316548903685
1369094286737070823
1008806316550235327
1224979098660627978
648518346356766105
648518346361693241
1008806316573148751
1297036692719835397
864691128479672934
1008806316547962864
648518346357896423
1369094286751702687
1008806316562481437
1297036692714729649
1297036692700789296
648518346369209798
1369094286737165162
648518346360312950
1369094286754891664
1369094286754742184
1369094286756496863
1369094286750848773
576460752341292696
1369094286756472373
1297036692699954414
504403158289641131
504403158281229376
1008806316570128556
1008806316557046092
648518346361627576
1224979098678437058
1224979098661964644
648518346354637697
648518346356793348
1369094286737664514
1297036692703644636
1369094286740513657
504403158297745782
1008806316550199671
1297036692707574146
1369094286738465834
576460752355291440
864691128482000793
1297036692709699420
504403158290086705
1369094286737303026
648518346354068948
1297036692706254353
864691128480169353
648518346373499441
1297036692700412567
1369094286760485919
576460752347387492
1369094286744457574
1224979098662674957
504403158287501537
1297036692701303546
1224979098666021323
864691128500885084
1297036692700177557
1224979098675060787
1224979098666032509
648518346373591673
864691128481866373
1224979098660022381
1224979098661956472
1224979098664835563
1297036692709974082
1297036692701910407
504403158281244474
1297036692721852663
1224979098663603611
576460752326356357
576460752324485055
864691128500805281
576460752343846093
864691128498171409
648518346356100486
576460752354546902
1297036692701306400
1224979098665896679
1297036692699986255
1369094286737077913
576460752317569004
504403158281336690
864691128498173984
864691128475099972
1224979098660030493
504403158281715051
864691128483832024
504403158289725166
1224979098660019009
1297036692709986165
1224979098666003080
648518346360159942
1297036692704596908
864691128476878910
576460752317854803
648518346354624298
576460752321599710
1008806316548317489
504403158285416011
864691128504421130
1297036692709433163
576460752318327696
1008806316555584420
864691128523796226
1008806316547955384
576460752324439955
648518346357791668
1369094286760435083
504403158293835790
1224979098660619906
1008806316548910661
504403158282573346
1224979098663607805
1224979098660305307
1297036692699989053
504403158299764990
648518346373581525
1297036692719783033
1224979098669698316
1008806316568146373
1369094286754870805
1008806316548910293
1008806316552507498
648518346378490661
648518346378999386
1297036692700176744
1297036692724497441
1297036692707577368
648518346354164226
864691128474809114
1008806316555538412
648518346354065187
1369094286760735204
504403158281229331
504403158287424710
504403158283760593
648518346354617421
1297036692701912799
1297036692706178896
1224979098660308978
1224979098676356620
1224979098660968748
1369094286739698449
504403158281333339
864691128475937910
504403158292645410
1297036692701301097
864691128478045859
576460752343775167
1008806316580379134
1224979098664824226
576460752359105892
1224979098675165949
1297036692701946821
1224979098678251382
1224979098675155498
1369094286739835332
1297036692721776702
504403158300603027
1297036692699947704
1224979098676380932
1369094286737393384
648518346354608429
1224979098661981376
1224979098675178253
648518346356088120
504403158296253510
1297036692699951118
864691128476969451
504403158281239250
1008806316562555238
1008806316548910293
648518346363550291
1008806316549499503
1297036692701951733
576460752347183020
1369094286751477290
864691128473564645
1224979098660121551
576460752334278629
648518346373544056
1369094286737959576
504403158289965860
576460752319531544
504403158281706019
648518346363748971
648518346354064632
576460752343955403
648518346354168180
1369094286740517035
1297036692704616278
648518346386481821
1369094286751572502
648518346363550847
1369094286740492760
648518346355483362
504403158290206474
864691128473168581
1008806316548873717
1369094286737080052
504403158292714796
1369094286738436396
1224979098665933308
1297036692703673849
1297036692709699371
1369094286756643042
504403158281229931
504403158284580684
576460752317373671
864691128513050940
864691128489779443
1297036692710002204
1369094286738455093
1008806316547465613
1008806316573098053
1369094286754781251
648518346354637436
1297036692699990111
648518346354068948
648518346373638501
1224979098660620263
1369094286739685235
648518346368770801
1224979098667224363
1369094286737297437
576460752322747050
648518346354113218
576460752334310670
1369094286737157121
1369094286746819516
1369094286737071975
864691128483834446
504403158299924468
576460752318356593
1369094286751137941
1297036692704721157
504403158285472597
1008806316547950280
1369094286744410325
1297036692706199958
1224979098670677212
1369094286765646560
504403158297700992
1008806316573298942
1224979098662702210
1369094286739690233
576460752343784013
1224979098664792870
504403158283797588
504403158281710995
576460752326407463
504403158293798677
504403158281517927
504403158284598040
1008806316548878997
648518346360148383
1297036692700780992
576460752318252250
1369094286746528756
1008806316567936425
504403158282046093
1224979098660116431
504403158281228476
1008806316547505558
1224979098664793872
648518346357842698
1369094286739010200
1369094286737295478
504403158281329047
1297036692700786371
864691128473169618
576460752317373581
576460752319577773
1008806316562671939
504403158297621783
1369094286737666520
1297036692732584903
1369094286737936002
576460752317848674
504403158301222387
504403158297599175
1224979098663637720
648518346355465269
504403158281704768
1297036692699990922
1369094286740496798
1224979098661477612
576460752318356593
1369094286741774681
648518346378833600
1008806316550157223
1008806316553918531
1008806316548899268
1224979098660307882
1224979098667214252
1369094286740423753
1224979098681660082
1297036692700412082
1369094286741608423
504403158281353028
576460752317576793
1297036692700402560
864691128478039800
1369094286743080754
576460752320535147
576460752328178754
1369094286737078261
648518346358849936
1369094286737951966
1224979098687577810
864691128473537447
1224979098678169082
1369094286739111141
1224979098661464821
648518346361698892
1224979098670198123
1008806316562435638
648518346386384550
576460752326361251
648518346386540179
1369094286743072097
1224979098678472930
1369094286751375720
1297036692701318710
1008806316568135748
648518346355004325
864691128523953657
1008806316555591267
576460752333940802
504403158286650861
648518346354070479
1008806316570029342
1224979098660013951
1297036692701924857
1224979098660116887
576460752320535188
1297036692707492474
504403158296271339
576460752333902445
1369094286737666559
1369094286740543449
1008806316547946121
576460752317403837
648518346358837268
1369094286737684814
576460752341089785
1224979098678475988
1369094286765663805
1369094286750937255
1369094286751008599
1297036692700776311
504403158282129691
1008806316580100514
1224979098660014402
1224979098660015059
1369094286744463923
1297036692721854201
1369094286751545370
504403158287450348
1297036692703691302
1224979098674443137
576460752324388180
576460752341250728
1224979098678165364
648518346358732657
1008806316553772659
1224979098676359399
504403158296162344
576460752322888637
1008806316557065602
648518346360203484
1008806316557059435
1297036692721762101
864691128490140358
1008806316547465808
1008806316573108697
1224979098664792870
504403158282129691
864691128472668720
1224979098660016067
504403158284607098
504403158281453118
1297036692704700839
1297036692706202103
1224979098661080221
504403158306444782
1369094286739726223
1224979098678578793
1297036692704616278
1369094286738447320
648518346354313213
504403158287421393
648518346369167298
1369094286737071384
1224979098670313732
648518346386580012
648518346360301792
504403158287429579
1297036692703632086
1369094286746981016
1008806316553675589
1297036692699990879
1369094286740536627
1297036692719924217
504403158281334458
1297036692719971728
576460752347569505
1369094286756620569
648518346356064030
504403158288204332
504403158283898842
648518346361704919
1224979098676385475
1224979098660118756
864691128478070145
864691128501027018
1297036692699994576
1297036692701900804
1297036692731072490
864691128478088359
576460752343933617
648518346363880442
1008806316553863852
1224979098676472011
864691128497892066
1297036692709848126
504403158281813401
1297036692707639670
1224979098660013951
504403158287423286
1224979098682087389
504403158287454104
1008806316549431690
1297036692700176246
1369094286756516969
504403158281235751
864691128479849684
1224979098660113181
648518346355505942
1224979098660014323
504403158281229256
864691128475883870
864691128489591016
1369094286737069093
1369094286751531565
1369094286737163308
1008806316552403959
1008806316557049852
864691128500989460
1369094286739707975
504403158300396032
504403158284621001
1297036692701945878
648518346356059549
1297036692702681070
504403158282157862
576460752317568878
648518346378827919
1224979098662844788
1297036692707651963
1008806316557200925
1224979098660949208
1008806316547655156
576460752319532485
504403158285379059
1008806316547710399
1369094286765790471
648518346361639959
576460752322779943
1297036692731976205
648518346354325156
504403158285437177
504403158286726653
1297036692702732939
1369094286756591489
648518346386493727
864691128472669965
504403158286709416
1297036692706218742
1369094286740543449
648518346361685280
1297036692706199958
1224979098661982183
504403158285307396
648518346386269745
864691128524157867
504403158296267552
648518346354607816
1369094286737078019
1369094286737065117
504403158281346240
648518346354330983
1224979098660966444
1297036692702609904
1008806316553744390
1297036692719795488
576460752322926588
1297036692702693665
576460752318310170
1297036692714521094
504403158283773563
576460752321630972
648518346373573925
1224979098678367723
1369094286738431802
1369094286751381361
864691128475706388
1369094286739726223
504403158286727280
576460752320535605
504403158297618507
1369094286744486424
1369094286751001275
1008806316562222924
864691128474163535
648518346356089359
1369094286750896979
576460752326224433
648518346386912436
504403158283901163
576460752318316974
1008806316567893389
1369094286751116324
1297036692702688194
1008806316547944236
648518346378600555
1369094286749006649
1008806316555408808
1369094286746945362
864691128500750114
1369094286765480083
1297036692709406284
648518346354070600
1224979098686808654
504403158293922747
504403158283780074
864691128489942638
504403158285315297
1224979098678343610
576460752334164202
648518346375591362
1008806316555616568
1369094286740544414
1297036692715157144
648518346356772883
1224979098662687349
864691128513309063
1297036692731676914
1008806316552510693
864691128524331255
1008806316550032825
1369094286759288873
504403158296253510
864691128500887522
576460752334452879
864691128479707039
1224979098670214539
1297036692701926523
1224979098661980095
504403158282546196
1297036692703655265
864691128483982034
1297036692724442075
648518346354070654
1297036692700481720
864691128476961552
576460752321568246
1297036692719814373
648518346378769527
1297036692699947674
648518346354628697
576460752324440450
1008806316549420897
1008806316547715187
864691128476983106
504403158281514862
1297036692714909017
504403158281519555
648518346354068647
1369094286754667250
1297036692701301719
1008806316547961072
864691128524336360
576460752326422732
1224979098660311465
576460752317846906
1224979098660312342
576460752347711494
1369094286737933479
864691128479803790
576460752326267582
1008806316551272772
1224979098670523815
576460752334287865
1008806316548336135
1224979098675087370
504403158282046542
1224979098663644632
576460752322807964
1224979098674629491
1224979098660961556
1008806316548881338
504403158281793766
504403158284580564
576460752322758310
504403158296260794
1224979098687329315
1369094286737580563
576460752328294464
504403158281238882
576460752322768571
576460752317375081
1297036692707743205
576460752322806020
1224979098661480100
1224979098670523707
1297036692701297244
1297036692704599768
1297036692724479928
1008806316562704465
1369094286739027025
648518346356105068
648518346375731849
1224979098660728342
504403158283145006
504403158297704815
1008806316557049852
504403158287421393
1224979098660954678
864691128512990374
576460752318872065
1297036692699997380
1369094286740487918
576460752324530911
1008806316547959686
1224979098670519036
648518346356067810
1008806316547502616
576460752346265499
1369094286743107387
648518346354066240
1224979098682062993
1224979098674996283
1369094286737962090
576460752326222381
864691128479681976
1369094286737667906
1369094286741755246
648518346355992317
648518346354988627
648518346360313060
576460752317912501
504403158286718408
1224979098661979459
1369094286740527987
648518346375557698
1008806316547709801
1224979098660968779
1369094286756742637
864691128497866387
576460752322781136
648518346356805815
504403158288037462
1297036692702706570
576460752320449846
1369094286739819086
1369094286738456579
1008806316548911576
1369094286744477588
1369094286760470996
648518346361694919
648518346386349950
1224979098660117584
1297036692703658595
1224979098676472011
1297036692701394406
576460752317583581
1297036692714744672
1369094286760295067
1297036692719804294
576460752319530588
1369094286756438134
1224979098660014041
1369094286737161509
576460752324362220
1369094286737939028
1008806316548328542
576460752326272457
1224979098663527169
504403158297732362
1224979098660292897
504403158281236772
864691128504997782
648518346357788198
1369094286737304040
1224979098660291168
864691128489482345
1369094286737068498
1297036692706207380
1369094286740496855
1008806316580735983
504403158290221546
1369094286738444110
864691128478163309
1297036692700789189
1297036692701312984
1297036692731087724
576460752322888637
504403158283787903
1297036692731183118
1224979098670566967
576460752317375719
1369094286750894482
1224979098663630670
504403158299686024
1008806316570132437
1369094286746492965
504403158293641957
864691128500735250
1297036692700409467
576460752341060196
1224979098661961704
504403158281698391
504403158281706956
1008806316555542083
648518346360148563
576460752347156967
504403158281715475
504403158284590335
1297036692707627820
1224979098670669854
1008806316570036619
576460752328257028
1297036692719789734
504403158281701306
1008806316548349188
648518346360155255
864691128489543098
1224979098661470816
1008806316579884404
864691128472669965
504403158281228536
1008806316562503673
576460752321581580
576460752347215671
864691128483935880
504403158287457114
1369094286740425294
864691128481892174
576460752330944011
504403158281232981
1297036692719893245
1297036692731454768
1369094286744410325
648518346368776610
1224979098661202521
504403158281511103
1369094286754962008
1224979098675157398
1297036692714691251
1369094286751414308
504403158284516917
576460752317578212
504403158281242529
576460752347592786
1224979098660121093
1297036692721657720
1297036692701297507
864691128473562657
1369094286744445928
504403158281449923
504403158290446006
864691128511894072
1224979098665908749
1224979098686805126
1369094286765443404
576460752328100767
648518346354166108
648518346378595871
1008806316580003468
576460752317373926
864691128474200017
648518346375815967
1008806316580812467
1224979098660110341
1224979098667240838
1008806316573099311
1369094286744508411
576460752320476334
576460752318912588
1224979098660014922
648518346363557059
1297036692707639670
1369094286737300874
1008806316570022552
504403158282132985
648518346378704715
576460752326264126
1369094286740425294
1008806316550219801
576460752324499271
1224979098678438187
1224979098660966250
1297036692724632777
576460752318261044
1297036692701939561
1008806316562328689
1297036692704721157
1369094286738449095
504403158297819727
504403158293775347
576460752319507396
648518346368776610
1369094286756723585
576460752319495364
1224979098678242283
864691128500882095
1224979098660965968
648518346386316422
1008806316548882225
648518346375596407
1224979098670696968
1008806316557047904
1224979098670284260
1297036692699980031
1297036692700175368
1369094286737069255
1224979098665908749
1008806316581194565
1369094286756472373
1224979098674329925
1369094286739674577
648518346360148563
1369094286754678403
1369094286740551878
864691128474181472
1297036692704633199
576460752357020130
576460752355467719
864691128481830520
1297036692699953054
1297036692707662591
1297036692709661993
504403158281239432
864691128500826697
504403158284590335
1297036692699954004
576460752324377976
504403158281331540
648518346364007508
1297036692699954414
864691128472669680
648518346369274864
576460752354957650
648518346360171348
576460752318910624
1224979098687061518
504403158306795599
1297036692700773728
864691128474198198
1297036692699948199
648518346358843285
1297036692699946969
648518346357915751
504403158289641131
504403158281262864
1008806316580381195
1224979098660117188
1224979098680947450
1008806316548318587
504403158306944442
864691128504459186
504403158286646623
1224979098660026827
1369094286737069255
864691128504540857
504403158281706956
1224979098686805126
504403158297621783
1224979098687061518
1297036692699946969
1008806316547466993
1008806316568135748
504403158286646623
1008806316548910293
1369094286737067211
1224979098660023273
1369094286737068583
864691128523953657
648518346378595871
576460752317583581
1224979098660013951
1224979098660292897
1297036692701924857
1369094286741774681
1369094286754733335
1369094286737667040
1008806316570179357
1008806316547950280
864691128489482345
1369094286740543449
1297036692719819470
504403158297819727
1224979098661982183
1297036692706207380
1369094286740496855
1224979098662695984
1008806316547946121
1008806316573087885
1369094286739690233
1297036692714691251
1369094286751670908
504403158287421293
504403158287499021
1008806316548878997
576460752341089785
1224979098678475988
1369094286765663805
1369094286750937255
1369094286751008599
1297036692700776311
504403158282129691
1008806316580100514
1224979098660014402
504403158300420928
1008806316552411021
1224979098660633511
864691128473161685
1297036692719812406
1369094286739072808
1008806316547466993
504403158287409502
648518346358833560
1224979098660119833
1297036692724645511
648518346378833600
1224979098661967336
864691128498047262
1369094286751670908
576460752344015732
1369094286739071666
504403158281518163
648518346361891857
1008806316548332240
1224979098661482103
1369094286737076344
648518346363874031
1297036692709986165
504403158282135480
1297036692704572719
1224979098674421936
1008806316568070095
1369094286746771893
576460752344016691
1297036692715056442
1008806316547503614
1369094286739688072
1297036692703647126
1297036692699989948
1224979098660015193
1224979098681914207
1224979098660303760
864691128476876637
1297036692699988973
1297036692704627074
1224979098666031323
1224979098665923398
576460752326379868
864691128515389594
1224979098662679650
504403158306906566
1369094286737288590
1369094286755165074
864691128497852023
1224979098661477249
1297036692706232240
1008806316548352192
1369094286739693820
504403158282567916
1008806316547490301
1369094286740424977
1297036692703687257
1369094286737303666
504403158293893893
1369094286737159694
1224979098670545421
1297036692700774345
504403158283124095
1369094286740423996
504403158281701146
648518346361618844
576460752318309719
1369094286741717819
1008806316562312792
576460752321549182
864691128479906763
1008806316553771501
504403158281701066
864691128473614703
1297036692699985460
504403158281443859
1297036692703645991
648518346354166108
1224979098662819172
576460752317898304
1224979098660013981
504403158282151875
1224979098670399202
1369094286737171911
1297036692719789734
1008806316547499583
648518346386522302
1297036692699952667
1224979098682308697
576460752317578955
1369094286737174019
504403158281710750
1008806316557096142
504403158281701306
576460752317907968
504403158283139656
504403158296264852
1224979098660619623
1008806316557101861
504403158282542951
1369094286737581558
504403158285430611
1297036692719745407
1008806316570136447
1224979098667361621
1297036692706203729
648518346354319319
648518346357895323
648518346363910452
648518346355496248
1369094286739820346
1224979098660014041
576460752317908401
648518346354114124
1008806316552411021
648518346368770801
648518346373481739
504403158281239432
504403158281233191
576460752328327167
1008806316562281388
648518346354310164
1224979098660296971
1369094286740547790
1008806316547504549
1224979098669600403
864691128515395984
864691128474154218
1224979098660626739
1008806316547705562
1369094286737170366
864691128483836177
1369094286743123635
504403158287461786
576460752318877957
648518346375707121
504403158296172607
576460752317376319
1224979098681691677
648518346363755666
576460752343985571
1224979098661470816
576460752347279246
1369094286737302545
504403158286638284
1369094286737163979
504403158281448683
1369094286744492266
1297036692700177589
1297036692700168979
648518346361605637
1369094286759954478
1297036692704571297
648518346360156148
1224979098661450894
864691128481879972
648518346375574635
1008806316570020383
576460752318309885
864691128475998373
504403158287457114
1297036692701924857
504403158285320998
576460752334098200
576460752341254925
576460752324378965
864691128481895151
648518346356820184
504403158283135033
864691128474150496
1008806316549425900
648518346355468629
1369094286754973304
648518346354166108
1369094286756732868
1297036692732584903
504403158297829459
504403158287409502
576460752354659103
1008806316547951857
648518346378599077
1297036692701301145
576460752317574503
1224979098660308754
576460752347279246
1297036692701951733
1008806316562334079
648518346369024467
1297036692707639670
576460752347215671
1224979098664706176
1369094286744430069
576460752334317722
1008806316555563420
504403158304553654
576460752330944011
1369094286737667040
504403158281229586
648518346357837068
864691128474160548
1369094286756723585
1369094286737163379
1369094286765586006
1297036692700419586
1297036692714691251
504403158287421293
1297036692706164185
1369094286754848720
864691128475100601
1297036692731521262
504403158286644818
576460752326411029
864691128475129555
1369094286738460450
1008806316547702137
1369094286737066919
1224979098661466215
864691128513058869
648518346356081382
1224979098662837317
864691128498171409
1369094286744511488
576460752322810718
1008806316549341594
1369094286738464455
648518346358842979
1297036692714478193
504403158282132985
864691128475127018
864691128498246792
504403158282549126
648518346354323523
1224979098660015459
576460752321560442
1297036692721697703
576460752320346760
1369094286740543449
1369094286737293038
864691128474195389
1008806316551265766
504403158294018957
864691128489455002
576460752365313379
1369094286754857012
1297036692700176246
648518346363830914
1297036692700167942
1008806316555629875
1224979098660132118
648518346378808405
1297036692721821094
1369094286738456935
576460752323603867
1224979098678341761
864691128478060887
576460752324389001
504403158283050240
576460752321591622
648518346369168741
1369094286737971032
576460752343933302
1224979098676498411
1297036692702699215
1297036692704582216
576460752365132000
1297036692699947089
1369094286739077701
864691128473563211
1369094286750915960
1008806316562334079
576460752317845999
1297036692702681705
1297036692699948394
576460752334023870
648518346354975112
576460752317373821
1297036692721815053
1224979098666003080
576460752317568832
504403158281239024
1224979098660305481
1008806316548317864
648518346354985885
1297036692719785489
576460752326289025
1224979098664820461
1224979098661981922
1369094286739704222
1224979098676492978
1369094286760470050
648518346375566686
504403158297841804
504403158281518023
576460752318872065
864691128481976312
576460752317574740
1297036692724605913
864691128489791846
1297036692706224942
504403158281234974
504403158281324839
576460752334483529
1224979098660021918
864691128524562837
1369094286756482313
1008806316547496519
1224979098660117107
1224979098660307730
1224979098675702335
648518346369168421
1297036692704577200
864691128475757870
1008806316570130239
504403158283117593
648518346363725245
1297036692707636217
1297036692714740695
576460752317854286
576460752340997064
1008806316548910293
576460752328257028
1369094286754878233
1369094286737066802
648518346373499262
1369094286739712325
1297036692702705259
504403158284580497
1369094286737300741
1297036692701874854
1369094286740545752
576460752344017707
864691128474906951
1297036692714690646
648518346355501089
1369094286751005231
1369094286765667021
648518346368905015
1297036692721657720
648518346373636208
648518346378990580
1008806316549403156
1008806316567916409
1224979098676352817
504403158284605711
504403158283130935
1224979098687510120
576460752317570115
1224979098681322596
1008806316568030453
1369094286756727869
1008806316570019192
648518346379000879
864691128515389594
1008806316548897825
576460752321668789
504403158307182441
1224979098662684059
504403158300359732
576460752324951794
1369094286737165206
576460752343786126
864691128473157847
576460752320396411
1224979098676369581
1297036692709433163
1369094286737297437
504403158281339787
1369094286737170366
648518346354068834
648518346355465269
504403158287423286
648518346354741464
576460752365457246
504403158283890373
504403158283130715
576460752365153707
576460752347109294
576460752328089586
1008806316580658443
1297036692714553315
1369094286737069093
504403158281512506
864691128479680695
648518346378904259
1224979098664569272
1297036692701912799
648518346378877180
1008806316551202347
1369094286737944645
1008806316555584358
1369094286741704359
1297036692700174877
648518346378990097
576460752333617884
1008806316547465553
1369094286737663530
864691128504596840
1224979098674761571
1224979098665888068
1008806316547489694
864691128473625022
1008806316555604941
1369094286737579662
1297036692719963100
1224979098660621229
864691128473171067
1008806316573293419
1297036692700167000
864691128504722049
576460752333955403
864691128475707389
1297036692700172454
1008806316562514997
864691128479915698
1297036692699954158
648518346358833002
1224979098663638737
504403158293946996
1369094286746819194
1008806316551173702
864691128475099972
1297036692703656780
1224979098660310303
504403158297685699
1297036692724716381
648518346364413752
1369094286737074304
1297036692700418867
1369094286737296177
648518346354110863
1369094286741615462
576460752324438172
648518346355998973
648518346373617478
864691128515389594
504403158296298262
576460752321668789
504403158307182441
1224979098662684059
864691128478046711
504403158283145055
648518346363758478
648518346354161742
1224979098676456619
1369094286739709018
1224979098667214520
1224979098670442219
864691128512288472
504403158281228806
864691128490391092
1369094286759956323
1008806316570049578
1369094286741614322
576460752320397555
1224979098660297484
576460752365143438
1008806316551203017
864691128481861692
1224979098660110218
576460752348070125
576460752328175972
504403158284586292
576460752341097651
1008806316562332070
1369094286737079056
1008806316552519036
1369094286751375720
1224979098660295688
1369094286754733335
648518346355491073
1008806316555644080
648518346354065431
1297036692709704323
1008806316555562745
1369094286737079592
1369094286754875712
504403158289925557
576460752318933087
864691128476896829
504403158284874397
1369094286737299293
1297036692709388337
504403158300252259
1224979098669727567
1369094286737082260
1224979098660631958
1008806316570052658
576460752354720272
864691128473548103
1224979098660125188
504403158285313746
648518346357903362
504403158281345720
1008806316548865293
504403158284599118
1224979098676381688
576460752343664320
1008806316549356990
1369094286742977561
1008806316547473053
1297036692704704296
1297036692703673849
1297036692731178028
1369094286741622892
648518346363725245
1224979098674969589
1008806316573366583
1224979098664820160
504403158281326545
1369094286743110900
1008806316567911371
1297036692699951118
1008806316553839823
1224979098662842335
1297036692722558266
864691128483978215
864691128479838226
1297036692700178824
1008806316553863852
864691128479692401
1224979098665919497
1369094286751680066
1008806316551184118
1224979098678461729
1008806316547714895
576460752347242043
576460752365322159
1369094286751392946
864691128483970464
576460752317374826
648518346379366513
1297036692724619127
1008806316548327205
1297036692724645511
1008806316548354565
504403158306718942
1224979098675157423
504403158297819727
504403158290680867
1369094286750849104
1369094286737957629
576460752328089586
576460752365115857
648518346356818076
648518346354346813
864691128498047262
1297036692721945952
576460752341267237
1008806316555561069
864691128472667790
576460752318360096
576460752333852843
1224979098661482103
648518346363874031
504403158283146798
1297036692702697840
1224979098660121948
576460752317570115
1224979098678437656
576460752317401583
576460752334446786
1369094286754855168
1297036692715056442
576460752320396986
1224979098660970727
1297036692700891685
576460752341180153
864691128474164269
1369094286741714613
1369094286765476251
1297036692699954248
1369094286765848325
864691128472668690
648518346373597857
1369094286737687357
504403158300340463
1297036692724542428
864691128500828281
1297036692703682245
1297036692721821560
576460752328183683
648518346354310392
504403158282052202
648518346364012708
1224979098660296457
504403158297766948
576460752326407463
1008806316547503101
504403158284516151
648518346360181799
1297036692699992405
504403158301222791
1369094286744432580
1224979098661077735
864691128498084207
864691128473541658
504403158284597902
648518346386229635
504403158281240402
1369094286737066538
576460752318254853
648518346375810122
1297036692721839438
504403158281517224
864691128479851859
1224979098660025607
1369094286739019781
576460752347309174
1224979098682037042
1297036692714802307
1224979098660302108
1224979098664719302
648518346356784359
576460752347279921
504403158286709564
1369094286765483914
648518346358763819
1008806316552444498
648518346356781794
1008806316549338481
1297036692702698125
648518346356099775
1297036692719812406
504403158297598906
1008806316553663508
1369094286737187800
1008806316547466993
864691128479692401
648518346357839253
864691128504682021
1297036692707499731
1297036692721762101
1224979098686900838
1224979098661953492
576460752347740866
648518346386344940
1008806316562455785
864691128504584751
1224979098661099074
1297036692731946687
1224979098660013951
504403158287447194
576460752326264126
504403158281342218
1224979098661967336
1008806316551167471
1008806316550250804
504403158287396063
1297036692731097174
504403158287407253
504403158287421293
504403158281516881
1008806316555629875
1297036692701406634
1008806316567850453
504403158287438217
648518346361634947
576460752320466106
576460752318856951
648518346354171567
1297036692704572719
864691128472669500
504403158289916405
1008806316573287854
1008806316551275665
1008806316568070095
1297036692731577813
1224979098661084528
864691128475007815
1224979098666031323
1224979098665923398
576460752321611299
1008806316556927445
576460752365530120
648518346375834460
576460752320390686
1008806316547498052
1008806316553736405
1297036692699982865
1008806316548328218
1224979098676351807
504403158307429026
1224979098662686388
1297036692700413944
576460752318342564
1224979098660015340
1369094286737175098
648518346368983783
1224979098660299745
504403158281512218
1224979098682178356
864691128479889202
504403158281234342
648518346358860118
1369094286765487819
1297036692706166242
1224979098660962339
864691128474801108
576460752341292696
1369094286751002922
1369094286740423996
1369094286737578979
1369094286739715373
1224979098660965109
1369094286740494490
1224979098663610438
1297036692731581044
1224979098665910244
504403158286711578
648518346378507210
1369094286737293708
864691128489475199
1297036692731630995
504403158307433833
648518346386493727
1224979098660120224
576460752320489788
1297036692706218638
1224979098660119833
1297036692715026192
504403158282550584
648518346368967354
1008806316555629875
1008806316557047904
1369094286737068467
648518346360177285
1224979098660310612
576460752328089098
1224979098674421936
648518346357780338
1224979098660018522
1369094286738451658
1369094286746771893
864691128504674567
1224979098660015193
1224979098681914207
1224979098681453614
864691128475704501
648518346354114790
576460752320467609
648518346357844023
1224979098682083918
864691128484168489
864691128489878968
504403158286762166
504403158285438663
576460752326365960
1224979098676339888
1224979098674905563
1008806316552425548
1369094286737069276
648518346375600265
864691128474150496
1008806316580381195
1297036692700415572
576460752321680936
1369094286760295067
648518346373611874
1297036692709936858
504403158287485367
648518346356818076
648518346360208158
648518346363830914
648518346360145580
576460752341132543
864691128476931489
1297036692701886658
648518346356207781
576460752318316238
1369094286765929268
864691128474199065
1008806316547498856
1008806316549519802
1224979098660021159
576460752328336148
1369094286754855168
1008806316547503614
504403158297572817
1224979098662679650
1224979098660627893
1008806316548878623
504403158299688114
1369094286746811579
1008806316549500332
648518346354971880
1008806316547473038
1369094286765970225
648518346354316691
864691128512208613
1224979098663631058
576460752319533310
648518346378642577
1297036692721867211
1297036692700183541
576460752318320183
576460752317576826
504403158282126225
504403158283894829
864691128478086745
1297036692704632340
1224979098662080837
1369094286737654053
576460752347700817
1369094286737931454
864691128474953571
1369094286737164308
1297036692709986165
504403158281339139
1224979098660298207
864691128472669185
1224979098660618688
648518346354618760
1297036692719925898
1297036692700802746
648518346354068819
1369094286737069016
504403158283890526
504403158287555437
1224979098661490036
1369094286737162090
1224979098672697036
648518346358879354
576460752324410463
1297036692709379488
1297036692700182402
1369094286759498390
1297036692700865937
1297036692719803591
504403158283128041
504403158306788607
648518346386218023
576460752334482250
864691128481944209
1224979098660963959
1297036692719742736
1224979098660109837
1369094286741696067
648518346358833560
1224979098667361621
1369094286754865942
576460752318343277
1224979098674963592
1297036692706203729
576460752317577138
1008806316547711265
1369094286737175725
1297036692699953039
1008806316573059202
864691128498002539
864691128489939989
504403158307022748
1297036692699985186
864691128504727536
1369094286737292583
1008806316550024295
1297036692699988973
864691128476896829
864691128512380411
1224979098675152546
1008806316547704059
1369094286759549992
504403158297704750
1369094286756473549
1224979098660632923
504403158283127573
1297036692701906737
864691128512288472
1369094286751012920
864691128476907093
1224979098662691957
1369094286760634312
1369094286737955089
1369094286746775521
1369094286743083315
648518346358857817
1369094286756650226
1008806316553733032
864691128504799821
1369094286737664582
504403158296231094
648518346354981186
864691128501056762
1369094286737172857
1297036692707587456
1224979098681657541
864691128481872452
1224979098660306840
1008806316552402631
1369094286751648557
864691128489974670
1224979098681795928
1008806316573257464
1008806316547506298
1297036692701311711
1008806316547466588
1008806316551308371
1369094286737161952
864691128479878965
576460752341033203
1008806316550228377
1369094286746612619
576460752341207491
1008806316547465613
648518346378506955
1297036692719751033
648518346375739983
648518346360202049
504403158286707021
1008806316550038730
1224979098676503471
1297036692701909812
1369094286759624717
1369094286739064595
504403158287594840
1224979098662818772
504403158283774552
1008806316567974648
504403158307068540
1008806316552411021
864691128481895151
648518346360148563
1224979098687223600
1369094286751375720
504403158287409502
1369094286737932378
1224979098678177087
648518346358833560
648518346355465269
1008806316548349188
648518346360155255
864691128489543098
576460752347886737
1224979098667361621
576460752343985571
1224979098661470816
1369094286740425294
576460752334317722
1297036692701939561
1008806316562328689
648518346378833600
864691128498047262
1224979098664814193
864691128475100601
504403158284516917
648518346363830914
1369094286739071666
576460752344017707
1008806316548332240
1369094286751005231
1369094286737076344
576460752365545881
504403158283136288
864691128475706388
1297036692702711045
504403158281344641
1369094286738449137
576460752324344357
1224979098666029380
648518346387186000
1008806316547495346
504403158286654712
1224979098660297291
648518346375591362
1297036692703609094
504403158307455970
504403158281333383
864691128483865018
504403158281339004
1008806316551265690
1369094286738438197
504403158297845208
1297036692719812406
576460752326283397
1224979098667361621
648518346379366513
648518346386344940
1369094286754865942
576460752318343277
1224979098674963592
1297036692706203729
576460752317577138
1008806316547711265
1369094286737175725
1297036692724610082
1008806316551167471
504403158284508568
504403158287407253
864691128498047262
1297036692701875262
864691128474199065
504403158297572137
864691128473550938
576460752344016691
1224979098661084528
864691128475007815
1008806316547503614
1297036692699989948
1224979098666031323
504403158306906566
1369094286737288590
576460752321598094
864691128512380411
1369094286751040458
1224979098661464594
576460752326435965
648518346360317447
1008806316553785322
1297036692700178856
1297036692703609094
1297036692701906737
1297036692714654253
864691128483974801
648518346357901223
504403158284516151
648518346354323872
576460752334226466
1224979098664830609
1224979098678169767
1369094286737955089
504403158300759549
1224979098669736274
1297036692731499801
576460752343783001
576460752319577773
576460752324482418
1008806316557096142
1008806316562458091
504403158281813401
576460752347279246
1008806316547506280
1008806316551265766
576460752343784013
648518346386316422
1369094286746666006
648518346357862366
864691128500859285
1369094286746771893
1369094286757510252
1297036692704696115
648518346361702248
1369094286746495775
648518346360215380
1369094286739682600
576460752324439955
1369094286744454619
1224979098674677382
1369094286751054053
1369094286743185421
648518346363541097
1297036692709576614
576460752334002266
504403158286638232
648518346375681071
1297036692709961555
504403158282542602
1369094286737083609
1297036692731239284
1297036692701872616
1224979098660018909
1369094286740514450
1008806316551177814
504403158293593677
1224979098686763220
1297036692709699420
1224979098678447656
1369094286740488307
576460752347884574
504403158289639025
648518346360157571
648518346378630690
648518346375597005
1369094286756450750
1297036692699980031
648518346363696786
1369094286766010360
576460752354957650
648518346355465269
648518346378833600
648518346361891857
1369094286737956381
648518346357851282
1008806316547467578
1297036692701908210
864691128475947308
1369094286750904780
576460752322738024
864691128473537447
576460752328260491
1369094286743015549
1369094286739688072
1297036692703647126
1224979098660303760
1369094286755165074
864691128524991629
504403158297827251
1369094286756496604
648518346356770090
1297036692712499198
648518346373570707
1297036692704617033
1224979098660950980
1224979098666002242
1008806316580338321
1297036692714747674
1224979098661075141
1369094286765664463
648518346354163486
648518346361703767
1008806316555626679
864691128479869159
864691128473152985
504403158287499485
1224979098660118756
1224979098660622843
1297036692704700634
1297036692699992440
1224979098661449914
1297036692714675328
864691128490412516
1369094286744509383
1297036692700483402
1369094286747057338
1297036692700188921
648518346355997295
1369094286738454567
1369094286737080073
1008806316573099311
1224979098687577810
1369094286750894482
864691128498176699
1224979098662682637
1224979098681842778
1008806316547957623
1297036692702699215
864691128475125666
504403158287477704
648518346356749931
1008806316547467413
504403158283908668
1297036692704582216
1369094286743115889
1224979098660111831
864691128472668540
1297036692700478762
1369094286739683176
864691128501087011
1008806316548317489
1008806316562679764
504403158282048345
648518346358867103
648518346373581747
576460752347361610
1008806316547465478
504403158282554727
864691128475727881
504403158281235391
1369094286739726616
1369094286737578997
1369094286746502636
1224979098660627893
864691128476032195
1224979098661477249
504403158286736053
1369094286743013980
1224979098666012920
648518346361695874
1297036692699989053
504403158290123870
1008806316552523708
576460752322786863
1297036692724492484
1224979098687582682
1369094286743072097
1224979098660109837
1008806316547713220
1224979098664712977
1008806316567973102
1008806316551275383
864691128475129555
1008806316552440616
1008806316557095776
1297036692700800124
864691128472668285
504403158297572137
1008806316573269585
576460752341090114
504403158286737772
576460752321598094
864691128476896829
1369094286739014209
1224979098674510273
1008806316553665094
1369094286751375228
1369094286740522452
864691128481888860
1369094286743113633
576460752347528533
1297036692707579974
1224979098661468097
1224979098682157965
1369094286756570482
1008806316573846177
576460752326381636
576460752321603557
864691128481836049
1224979098682086260
504403158284581874
1008806316547712266
1369094286743213429
1224979098670443258
1224979098676494667
1297036692719846390
1224979098665899951
504403158281242210
1008806316568111370
864691128498224303
1369094286737294351
1297036692707577937
1008806316549343388
1369094286744480165
1369094286740423605
1008806316555540726
1224979098660289702
864691128523849511
504403158293687127
1224979098681795928
576460752344009340
504403158297736718
864691128500860770
1224979098676344050
1008806316548871119
1297036692699990624
576460752317569087
1224979098660629351
648518346355508318
864691128512161664
1297036692706304570
1369094286737943275
1297036692731566670
504403158282147014
504403158281229496
504403158294013313
1369094286746646292
1369094286739072808
1297036692721673491
648518346354180918
1224979098667203673
504403158281241321
1008806316551191950
1297036692719755589
1369094286737302489
504403158286726653
504403158297845208
648518346379366513
1297036692724610082
1008806316562640458
504403158287396063
1297036692701875262
504403158281709033
504403158300379238
648518346373621458
864691128473550938
1369094286743095078
576460752326371841
1297036692699947719
864691128497852023
1224979098661477249
864691128472668585
1224979098661207134
1369094286751040458
504403158283888322
1297036692702765779
1008806316548889881
1369094286760431724
648518346375591362
1297036692714654253
1369094286750908764
1369094286739710931
504403158307032790
1008806316550034451
576460752318252811
1224979098681577887
1369094286737069560
864691128472667955
648518346354323872
576460752334226466
1224979098664830609
1369094286740522365
504403158286768089
1224979098681941498
648518346356789299
864691128524805867
1297036692709514747
864691128474175074
504403158281243337
1224979098660123016
864691128477030520
576460752324330586
1297036692700167437
1369094286737579996
1297036692704700634
1008806316550241398
1297036692700800124
576460752317373611
864691128475855697
1297036692701875664
1297036692712523634
1224979098662701848
1297036692724552384
504403158304643500
648518346361718918
648518346361632279
1224979098660310429
504403158282538846
1224979098661946198
1008806316555624841
1297036692700000298
1224979098660973176
504403158282145898
648518346355496352
1369094286737067392
504403158281516612
504403158282568497
1369094286765563971
1297036692701313585
1008806316548767217
1224979098661195227
1297036692707733378
1297036692701309581
1224979098662825358
504403158297629484
1224979098675083986
576460752324483446
648518346360218138
864691128475885058
648518346361626018
576460752328174050
648518346361711191
1297036692707661723
1297036692704625428
576460752318939784
648518346354318183
1224979098666016940
504403158287547722
1224979098660290841
864691128472670385
648518346364147220
504403158283124095
504403158296271339
1224979098664718110
1369094286756514882
1297036692709500462
1297036692700483258
1008806316551193171
504403158281345356
576460752324554792
1297036692721662706
648518346356755223
1297036692701398082
1224979098660947450
1224979098660951146
1369094286754665336
504403158301492089
864691128473161197
1224979098660028381
1369094286737074866
1369094286739722042
504403158281516207
1297036692719736257
648518346355498235
576460752322712936
1369094286739012083
1297036692699986007
1297036692703631819
864691128476979023
1224979098669736274
1297036692704721157
1224979098666024712
648518346354165143
648518346363745979
1297036692707586121
576460752321643283
504403158281528828
1369094286754665336
504403158297629484
1369094286760562235
576460752317339526
1224979098660111610
1369094286737161489
1224979098674871356
864691128475883795
1297036692707512423
576460752317374226
1224979098678274987
1224979098664793853
504403158282049386
1297036692724441485
648518346363650635
1297036692719687236
648518346354619456
864691128472876744
864691128500768682
1008806316548892292
504403158281337869
1008806316553665568
1297036692701937496
1297036692709641981
1369094286765900336
1297036692712523634
1224979098681634660
1224979098662702342
1224979098665924639
648518346363829401
864691128476032983
1369094286766010360
504403158281333832
648518346361616051
1369094286740547790
1369094286744511488
1297036692731309616
576460752324376039
504403158281704768
864691128501022393
1224979098660415839
576460752317568771
648518346378866391
1008806316548346836
1297036692703647633
1369094286746417195
504403158281509687
648518346375721284
504403158281510852
864691128475008777
504403158285408098
864691128481977384
1008806316551277679
1297036692706232240
1297036692700181321
1008806316548352192
1369094286751688791
1297036692701315678
1297036692707674632
648518346363715347
504403158297740203
1008806316547496839
864691128481827863
1297036692709370150
1224979098662687349
504403158281241813
504403158281517469
504403158281229196
648518346358862168
1008806316547489694
1224979098660032822
576460752317376019
576460752343784175
1369094286756595042
864691128504672540
1224979098660303879
504403158282567916
1369094286739714512
1224979098661971181
1297036692699954834
648518346354627334
576460752328059827
504403158296169268
576460752319526043
504403158289622356
864691128472670070
1224979098676366134
1369094286751711341
1224979098664820498
504403158297846852
504403158299789933
864691128501013720
1297036692700177323
504403158281448405
1224979098661968915
1369094286754742486
504403158281511996
1297036692707623486
1297036692731499801
504403158281228596
648518346357861904
1369094286739014544
576460752343783001
648518346354065401
648518346363829401
1224979098662830462
1224979098660104996
648518346378919299
576460752347648832
576460752324732264
1369094286742975575
648518346375709928
864691128478049139
504403158281713588
1369094286737658120
648518346363875488
504403158294125323
648518346354607746
1369094286765443404
1224979098661464504
576460752326372653
1224979098661975915
504403158300463902
1297036692699985460
1369094286743107329
648518346363585547
1297036692714727551
576460752334310670
1224979098661957828
504403158281443859
504403158293964389
504403158281236434
1297036692724737621
648518346354070691
576460752318252762
1008806316549373659
1224979098660306211
1008806316579761767
1369094286759625130
1369094286737076908
648518346356075332
504403158285473510
1369094286738462374
648518346360222891
864691128512689878
576460752318350347
504403158281813547
1297036692699992674
1224979098678461889
504403158286711578
1297036692699952667
576460752318309719
648518346357895323
1369094286741741068
504403158281228656
1008806316557153768
1224979098676493683
504403158290680867
648518346361678780
1008806316549431690
1297036692704566507
648518346357781875
1297036692709554638
648518346354066383
1297036692714812354
648518346388869826
576460752324388180
504403158289953288
648518346356091418
1297036692724660468
576460752324347640
864691128472669860
1224979098666008729
1297036692704700839
1224979098660295238
504403158282158162
1008806316553981789
1297036692700184466
1008806316556972209
504403158282548924
1369094286739010131
1224979098660956480
1008806316548897825
1008806316548313736
648518346354311015
576460752320396215
1369094286738435158
1369094286754787407
1369094286740524339
504403158284609513
1297036692719807661
576460752365713095
1369094286737667114
1297036692704617033
1224979098665932425
1297036692701911416
1297036692709687931
1297036692699978330
1008806316547709119
1297036692719846800
648518346379035599
576460752322723501
576460752328085428
864691128473563211
1008806316553758868
1369094286744508411
1369094286765655975
576460752320476334
648518346363910452
1224979098676372624
864691128473563913
1008806316550222535
1008806316579884404
648518346373499262
1008806316547500949
1297036692707662022
864691128476909704
1008806316567910616
504403158297781576
1297036692699980681
648518346354070479
504403158283120327
648518346354633084
864691128472669965
504403158297757344
864691128472669560
1224979098675081892
1369094286737302545
504403158283899144
504403158286641282
576460752365918511
504403158284610206
504403158281512309
576460752322810718
576460752319484216
1008806316549341594
504403158286740466
648518346354066428
504403158281244946
576460752324563536
648518346375721392
1224979098660020939
1297036692700396731
504403158285316745
648518346355496248
1297036692721693773
1224979098660020079
504403158306822083
1008806316579690635
864691128504786480
504403158297700992
1224979098678240098
504403158285010752
1369094286737066919
1297036692700779188
1297036692706148974
1224979098660124415
1369094286737157542
504403158281443859
864691128478205427
1224979098660123154
1369094286756647906
1297036692707676654
1224979098660127001
864691128483799708
1369094286739080471
576460752343846093
1297036692719745407
1297036692706247898
864691128500867387
1008806316547945709
504403158281229091
1008806316557202327
1369094286739820346
576460752317403430
864691128476932307
576460752324533674
1297036692699990270
1369094286744489506
864691128481892174
1224979098661483851
1224979098660291168
1008806316579797104
576460752334438223
504403158281229706
1369094286737176502
1224979098660614719
1369094286737160224
1224979098678377497
1369094286740496855
576460752343873351
1008806316568047584
1369094286765586006
648518346378914823
648518346354065832
648518346356812799
648518346361615954
1008806316549363686
1369094286765480083
576460752317567934
1297036692704571846
1297036692700482400
1008806316547713953
1224979098666035313
1369094286743072097
1224979098678323833
504403158285010752
1369094286740423996
648518346354635353
1369094286737157542
576460752317913208
504403158281244808
864691128479906763
1008806316553771501
648518346356894237
648518346357858674
864691128498020061
648518346354990009
1369094286744411171
504403158281237180
1008806316580381195
576460752334310670
1224979098665919497
1224979098660117188
648518346360280562
1369094286739814268
1224979098660296971
576460752320480321
1224979098670215338
864691128472882072
1224979098661080136
1297036692715162600
1297036692707659108
864691128473228128
576460752321640792
1224979098660619098
1297036692707676791
504403158287409502
864691128523953657
1008806316547504413
1369094286737171911
1008806316547499583
1224979098661966782
1297036692700418884
1008806316547501881
504403158306843102
1224979098660121309
504403158282555300
1369094286737944785
1224979098660619623
576460752333940802
648518346354608650
1297036692707676791
1224979098670399202
1297036692704695245
576460752343861270
1297036692707773759
648518346354975112
1224979098660104716
1224979098660113435
1369094286737951966
648518346354990955
504403158283111767
1297036692703659546
504403158281700198
1369094286746749390
648518346354639505
1369094286737066670
864691128478213488
1369094286760432656
504403158287393182
504403158282134152
504403158287483323
576460752318915115
504403158284514384
1224979098669694923
504403158290039756
504403158287394269
1297036692709688960
1008806316547465073
1369094286760425234
864691128478067028
1369094286754905205
864691128489392732
1224979098675083698
504403158300660960
1008806316548353851
504403158283162412
1369094286746890549
576460752320391336
576460752343961406
1008806316553834639
504403158281237879
648518346354066649
648518346361663016
1297036692700185560
504403158281337766
648518346354319267
1369094286738450805
1224979098661470027
1297036692703686838
1369094286739674577
648518346355487761
648518346364007508
648518346354166108
576460752317574503
576460752321594225
576460752365205020
1008806316547706555
1224979098674781560
1297036692719945154
1297036692707649123
576460752324383314
576460752317374436
504403158281333579
648518346378600555
1369094286737165592
576460752340996979
1008806316551270823
1224979098660628619
648518346354980667
1224979098660014041
504403158307166042
1224979098660301310
576460752322924454
504403158281713963
1224979098661469985
1369094286741735891
576460752326422732
1297036692707773759
1224979098663653236
1008806316573298942
1369094286765447691
576460752318872916
1297036692700419586
504403158287477030
1297036692700000342
1224979098660310612
864691128472668285
1369094286765929268
576460752318330175
1224979098678169082
648518346357907241
504403158287488724
1297036692700400471
1369094286765480178
648518346378877180
1297036692721790205
1224979098660019415
1008806316553765753
1369094286746915790
1008806316553765103
576460752318378142
576460752347107285
648518346356787551
648518346354989864
576460752334278629
1008806316557065602
504403158287409885
864691128478203214
864691128504446236
1224979098674321221
1224979098661473826
1224979098667191755
504403158297618919
1297036692714747674
1224979098664794427
864691128512036785
864691128474876266
1224979098670217823
1224979098664828965
1369094286746828305
504403158283139862
864691128472667880
1008806316547964850
648518346378857011
1369094286756608496
648518346375595049
1369094286739678673
1224979098665989925
1369094286760445544
1297036692721836245
1224979098661468453
576460752347182396
864691128512943385
504403158286741833
648518346361696215
504403158281698453
1297036692731633363
1224979098662830567
1297036692702723233
1369094286737077600
1369094286744495769
1369094286740420345
1224979098670514568
1297036692702694408
576460752317567362
1008806316548868288
648518346386353690
576460752317574958
504403158282142174
504403158300653180
1224979098670284260
576460752326365960
576460752324482418
648518346355997295
576460752347478737
864691128500871306
504403158281237004
504403158281235767
1008806316579953229
504403158282057520
1008806316553771501
504403158281701066
1224979098660976478
1008806316547711357
1369094286751375720
1008806316570098226
576460752326413397
576460752347723695
1297036692700176868
504403158281331540
648518346369266969
504403158293812487
864691128473614703
504403158306524007
1369094286737307524
1369094286751541052
648518346386320778
1297036692703640137
504403158299819936
576460752344051306
864691128474198198
576460752365899390
648518346358843285
1369094286740544712
1369094286739029283
1369094286739819806
1369094286766041256
1224979098660296971
1297036692700867451
1008806316555653661
864691128474172192
504403158286743845
648518346378764186
864691128504616105
1297036692700415572
648518346361710673
504403158286747164
504403158281228971
576460752317376094
1297036692700417300
504403158284607098
504403158296257822
1008806316555603533
1297036692700417961
576460752343786126
1297036692699954215
576460752341252492
1008806316553921083
864691128472667895
648518346368992182
648518346356064396
1297036692700186670
576460752343966137
504403158281347812
1008806316551277264
1224979098660117465
648518346354167572
1008806316568096567
504403158294116458
576460752334233256
1008806316547498594
1297036692701874020
1224979098660025099
504403158287434514
1297036692714536924
1297036692707512163
1297036692700414717
1224979098665921108
576460752358524675
1224979098687553171
1369094286744437302
504403158281332132
864691128480169410
1369094286737178294
1224979098664798159
504403158308580538
504403158296220266
504403158281511373
576460752321620067
1008806316557017092
504403158286732764
1297036692700178824
576460752365752007
1008806316547714895
1369094286737944785
1008806316557059435
1369094286759938352
1008806316570183201
648518346354317823
1224979098676353332
1369094286746980779
1369094286737078617
1369094286754667250
504403158286638284
1369094286737163979
1297036692700177959
576460752347739639
576460752326415214
1297036692699954233
648518346354115667
576460752317908401
1008806316579878984
504403158293522116
1008806316557017164
576460752343852710
1224979098661450894
1224979098660022188
648518346378750176
1008806316550157223
576460752320384687
1369094286739817309
1008806316567944633
504403158290225750
1297036692700184327
1224979098663527952
648518346356091339
1224979098661953974
1369094286737958185
576460752343998904
576460752317375809
1008806316551209767
576460752318360096
1008806316552523535
1297036692700180041
504403158283133086
864691128524308104
1224979098660030991
1369094286765761297
576460752326296330
1369094286756483031
1008806316550026488
1008806316567852958
864691128474150496
1297036692699985318
1369094286743071567
1297036692704565241
1224979098660014450
504403158284598226
1297036692699947119
864691128473622353
1369094286737159545
504403158290001448
1297036692721819253
1369094286759532391
1008806316555730616
1297036692724476543
1369094286741774681
648518346363895570
1224979098660617613
1297036692702726099
504403158281517927
576460752320535147
1297036692724485169
648518346375749253
1297036692700403677
1224979098660959001
504403158281241177
1369094286751549944
1369094286739713361
576460752320460072
1008806316552403959
1369094286737304369
1297036692700183729
1008806316551275665
1369094286756483031
1369094286737088402
1008806316550024295
1369094286751377254
1224979098681940327
1224979098676340076
1008806316547494801
864691128478070900
1008806316553785322
504403158281229901
576460752347734332
648518346357898727
1224979098674321221
648518346356819573
1297036692719806847
648518346356773300
1297036692706216974
504403158297598906
648518346354970740
1369094286741717819
504403158281229301
1297036692706203729
648518346373611874
1224979098660024272
504403158281341797
1297036692707586146
504403158284850745
1008806316548318946
1369094286759392961
864691128484181020
648518346354317855
1297036692707733965
504403158284612433
1224979098660635274
1369094286760314019
504403158281448683
1224979098676398733
1297036692709936858
576460752317568476
1297036692719951096
1224979098660291168
576460752317403389
864691128512380532
1369094286737959576
1297036692714532152
864691128478163309
864691128475736956
504403158284607098
1224979098681552759
1008806316547946027
504403158306917132
1008806316547498856
1224979098670678852
864691128525017995
1297036692731793709
1297036692702726782
576460752320388738
1369094286739111141
1224979098660020888
576460752343973311
1297036692699953461
1224979098661490257
1008806316547497961
504403158300261993
504403158306553131
576460752317578062
1224979098674553527
504403158281701146
576460752321601504
648518346354113218
1297036692699946969
1224979098662819172
1297036692719789734
1369094286739013115
648518346363910452
504403158286641282
648518346355496248
1369094286759938352
1008806316548910875
504403158293097841
504403158306444763
1297036692714858535
1297036692701923974
1369094286744492266
1008806316562334079
864691128481890299
648518346369099528
648518346354741464
1369094286744493054
1224979098663610497
1297036692731403289
648518346354609357
1008806316555538412
576460752328229248
1008806316547712963
1369094286743104158
648518346378914823
648518346354065832
1297036692712632586
648518346356812799
1224979098665911760
576460752334316274
1224979098660956605
576460752317375809
1297036692699948394
1369094286750930400
1008806316552442074
1297036692719898592
504403158286657588
1297036692732043347
1369094286737161727
504403158293890320
864691128500859285
648518346356749931
1224979098661462641
648518346355504752
648518346386592422
1297036692703658595
1008806316581194565
1224979098686805126
1297036692699947089
576460752319577773
1297036692707516821
1369094286740551878
864691128474181472
1297036692704633199
576460752357020130
576460752347156967
648518346373481739
1297036692707662591
576460752354613412
1369094286751375720
576460752340997064
1224979098670669854
504403158306795599
1369094286739686614
576460752322747050
648518346354113218
1224979098680947450
1008806316548318587
648518346355468629
1369094286737067211
1224979098662837317
1369094286743125370
1369094286737666520
1297036692732584903
504403158281514862
576460752316907856
1369094286737077225
1224979098669600403
1369094286754878233
648518346378595871
864691128474154218
1008806316547951857
1369094286746819516
648518346378599077
1369094286760295067
504403158301222387
1369094286737170366
864691128483836177
1369094286743123635
1369094286756666180
504403158287461786
576460752318877957
1297036692714909017
576460752317373926
864691128474200017
1224979098660109837
1224979098687223600
1008806316557096142
1008806316562455785
864691128504584751
1224979098660120224
1008806316551201419
1008806316552440616
1297036692701886658
648518346361634947
1008806316550138871
1297036692699947719
504403158286654712
864691128524991629
864691128476896829
1297036692703622775
1369094286740540200
1297036692712499198
1224979098666012749
576460752317580998
1008806316550249151
648518346354311395
864691128481872452
1224979098674510273
1369094286760431724
648518346375591362
864691128498017732
504403158281333383
864691128474865815
1297036692709961555
648518346357901223
648518346358836127
504403158285444724
648518346354631575
504403158299715055
1008806316547956653
504403158286768089
1224979098660304170
1297036692706334639
1369094286738439233
648518346356085565
1224979098661948956
504403158287491818
864691128481888860
864691128472668375
1369094286739030665
504403158283134905
1224979098661468097
1224979098674960327
648518346357893236
864691128484026159
576460752324359505
504403158281510852
1297036692700181321
1297036692707674632
1008806316550216343
1008806316551193171
864691128498127470
576460752365813893
576460752318938200
1224979098661097416
504403158296184925
1297036692704625428
1297036692703631819
648518346357878949
1369094286751642864
504403158282561293
504403158287547722
648518346363650635
1008806316580287567
864691128497875511
1008806316552440385
1008806316549421112
576460752343748025
504403158284590335
576460752340997064
504403158281443859
1297036692724737621
504403158281453094
648518346375707630
1297036692732584903
648518346386522302
504403158287461786
504403158296264852
1224979098661959832
576460752317568476
504403158301436805
504403158281713889
1224979098660295688
1297036692721671012
504403158281519405
1297036692699950931
1369094286754908187
1224979098674664771
576460752347980040
1008806316547493290
504403158294433129
1369094286751996872
1369094286746801974
1008806316548899268
864691128482016917
864691128483802766
504403158282144844
576460752347587809
1224979098660614041
648518346357781875
1224979098681968207
1008806316551192934
648518346363722983
648518346356091339
576460752317403837
1224979098661953974
1008806316562677878
1297036692700398910
1297036692700000342
1008806316555652371
864691128479918857
864691128476878910
1297036692724660468
1224979098681653086
1369094286750894482
1369094286754960530
648518346363580734
648518346354998160
1297036692707674028
1369094286750895647
504403158286655206
648518346375600265
504403158292707708
1008806316580700424
576460752317898304
1224979098660013981
1369094286741712887
648518346361652805
1369094286738464455
576460752318862323
576460752321610866
576460752346660532
1297036692704579442
504403158281326282
576460752328206059
504403158281343536
1224979098661953974
1369094286746900993
1297036692699953069
1224979098665911760
1008806316567936425
864691128475129555
1369094286737069093
1224979098681918471
864691128473611853
1369094286754875712
1008806316579807827
648518346356777048
864691128504674567
864691128478089800
864691128473168020
1297036692700399907
1224979098666031323
1224979098665923398
1369094286737288590
504403158281241192
1297036692701933543
1224979098664824158
1369094286744431497
504403158284511601
1224979098660108619
864691128472667985
504403158289604445
1224979098661460231
576460752347734332
576460752318344750
1224979098660299099
648518346354629979
648518346356218950
576460752347546915
864691128481824417
1369094286750901729
864691128504682021
648518346357848927
1369094286737174019
1297036692719908452
1224979098681971651
1224979098676398733
1297036692721671012
648518346358842979
504403158287496985
1297036692707639670
1369094286737938405
576460752324362220
576460752354744494
504403158282584807
504403158297617515
1008806316580314722
1369094286741763740
576460752322877797
576460752318875463
1369094286765721622
504403158293636350
1369094286740496798
864691128501016242
504403158282122531
504403158282564032
576460752319498547
1297036692700177589
1297036692719772962
1369094286768853789
864691128476932307
576460752318378142
1008806316562455785
864691128504584751
1224979098660120224
1008806316552421965
1224979098686813258
1297036692724619127
1369094286737078571
648518346386236655
648518346355998788
504403158285327020
1297036692719790132
1008806316573222864
864691128474803998
1369094286737939028
1297036692699980031
1224979098667212202
1297036692703609311
576460752343748025
576460752321549182
1224979098661946409
864691128476025743
864691128504459186
504403158281703039
648518346361704846
864691128497892066
504403158287453628
1224979098687293369
648518346354065524
504403158281701306
1224979098686815881
1224979098660415839
1369094286739820346
1297036692700168979
576460752324533674
576460752318873807
864691128473547161
1224979098660108425
864691128473620757
1297036692706161745
864691128479684815
576460752344014708
1369094286737088945
504403158283890373
1224979098661086064
1224979098674624552
504403158285315721
1224979098676493683
504403158281230160
1297036692731785163
1008806316570218446
504403158293103013
576460752333957844
1297036692731097174
576460752347711494
1008806316579679142
1297036692709725725
1369094286737076344
504403158306803730
576460752324438172
504403158282571026
1008806316570043121
1297036692700180041
1297036692700795941
648518346357888457
648518346354319319
1297036692724718426
1008806316547467548
648518346360316231
1369094286737068498
864691128478082240
1224979098664819772
1224979098666008729
504403158307015666
1008806316553911487
504403158281446002
504403158299713636
576460752318345348
576460752322807964
1297036692701403294
504403158281326015
504403158283907818
504403158296298262
1008806316555557173
1369094286737163420
1224979098661464272
1297036692704557320
1297036692701917222
1369094286739077716
504403158282566356
1008806316547502558
1224979098660014241
1008806316549481560
1369094286765473212
1224979098660977866
648518346375747497
1297036692700400960
576460752322925738
1224979098675168900
1297036692701309173
1297036692714675328
1369094286754866678
576460752333827734
576460752341091767
648518346378732941
648518346354985630
504403158282137819
1369094286739074078
1008806316547953964
1369094286737942245
1297036692724497548
504403158287594901
1224979098660117207
1369094286741723953
1297036692700408783
1369094286739814268
576460752324416681
504403158281236753
1224979098678329482
648518346375680648
1297036692719774469
576460752343970982
504403158287495479
1369094286741608529
1008806316551202723
864691128476977049
1297036692699952651
1224979098667253912
648518346363634490
1297036692706212492
1297036692700421321
1224979098662702108
504403158301098085
1369094286739085281
1297036692724607185
1369094286737956131
1369094286743101762
864691128472880806
1224979098660618150
504403158282048160
504403158281246307
648518346354064677
864691128476929197
1224979098660119870
648518346355041939
1297036692702713724
1224979098661465380
1297036692700412792
1369094286746601796
1369094286739032900
1224979098686898242
1369094286743014551
504403158283782993
1297036692700912731
1369094286739819269
1224979098678183263
648518346364147220
504403158281712753
1224979098663654146
648518346373731400
1224979098660121974
864691128525138325
1008806316551272756
1369094286739681329
1369094286737674452
864691128475146796
1224979098660018333
864691128479684815
1369094286743088244
864691128481872452
648518346363872030
504403158301218709
1369094286739082409
576460752320400326
576460752322825873
1008806316570108326
648518346368600202
1369094286756614942
1224979098660123413
1297036692702691783
1297036692700780809
1297036692709582418
1297036692699947284
504403158293781577
1008806316562698600
648518346386817535
864691128504463123
1008806316547702619
648518346354066988
1224979098683674849
648518346356769858
504403158286757263
648518346354068494
504403158284615774
504403158283895865
648518346378641455
1008806316567937710
504403158300274776
648518346356087142
1008806316568035260
1297036692699978354
1224979098660015662
1224979098665924107
648518346354324160
1297036692707625728
504403158283796855
1297036692721656147
504403158299683429
864691128500924378
1008806316549421112
1224979098678477321
1008806316567928500
1369094286737672138
504403158284590335
504403158292707708
648518346364007508
576460752322766780
1224979098662688981
1224979098687061518
1224979098670638831
1369094286737940697
1224979098667242681
1008806316570036619
1369094286765840075
504403158281453094
1297036692705032934
1369094286741720636
1224979098660212583
504403158282552050
576460752319576521
1224979098681964577
1369094286759612205
864691128479819069
864691128525420537
1008806316547493765
1224979098674968440
504403158285430611
1008806316570136447
1369094286751392946
1224979098660024272
1008806316548869046
1224979098676370234
1224979098660014707
576460752320489788
864691128489710367
864691128473626103
1297036692699950931
1008806316552407115
864691128478035956
504403158281329244
1008806316548870676
648518346379035062
504403158282144844
576460752347587809
864691128472668195
1008806316551181495
1224979098678242283
648518346357791844
576460752354770266
1297036692707638928
1008806316573137024
576460752320384687
1369094286737079592
576460752326296330
504403158281325002
864691128524991629
648518346354635625
1008806316547466813
504403158285388158
504403158281701409
1369094286737684895
1008806316549494516
1008806316548315412
1369094286737069042
1008806316553863135
648518346369002628
1369094286746773359
1224979098681931611
864691128472668930
1369094286741768317
576460752324420586
1224979098662708249
1008806316555582067
1297036692704620545
864691128476977587
1297036692719814975
504403158285387936
504403158281331673
1224979098660618688
504403158281328145
576460752343775202
864691128504633607
504403158294037687
1008806316551263828
1224979098660021667
1224979098664815202
1224979098661955212
504403158281514738
576460752322759786
1224979098663618390
1297036692700410723
648518346356114933
864691128497920402
1297036692700186072
504403158281248678
1297036692700056505
648518346354162177
864691128473535277
1297036692703609311
504403158283123372
864691128473550138
1297036692721782384
504403158284611056
864691128501017376
576460752320400074
864691128474909917
576460752333596557
1369094286754791365
1224979098678472930
504403158281713588
576460752328058934
504403158282057520
504403158292707708
504403158306795599
576460752365899390
648518346356101138
504403158281237180
1369094286756732868
1369094286740547790
1369094286737654655
1297036692707659108
864691128473228128
1008806316568060948
576460752316907856
864691128472668180
1297036692700178083
504403158287453628
1224979098664707537
1297036692731581044
1224979098660626739
1224979098660116292
864691128500805281
504403158296251629
504403158281329185
504403158297599175
504403158281229301
576460752317577138
1008806316568118297
1369094286741774833
648518346361652805
1369094286741763740
1224979098660108425
864691128473169054
1297036692702681607
1224979098660957576
1224979098660109986
1369094286739736546
1369094286746497333
1224979098669600403
576460752317376319
1297036692703665188
1008806316557017164
1297036692731901634
504403158299832041
1369094286756459233
576460752328178754
576460752326296330
1369094286739024809
576460752326266161
576460752317907402
1224979098660022892
864691128481848618
648518346363856750
1224979098672793498
648518346386324949
648518346356793446
1008806316553800613
1369094286737088564
1008806316548320840
1224979098662686995
504403158283804242
504403158282147518
576460752320466241
1369094286739019889
1369094286744496470
1297036692710024027
576460752326399098
648518346364420543
504403158287496573
576460752326369790
1008806316573099531
504403158285397197
504403158294060266
1369094286738450829
1369094286754669049
1224979098660953478
1224979098661085613
1369094286742978501
1297036692704699065
576460752320518355
648518346361693241
1369094286737654328
1369094286737302404
504403158296238036
1224979098661086158
576460752324565543
1297036692721790638
864691128504472418
1369094286737674538
1369094286740423996
1224979098660619623
648518346363755666
1224979098669714214
648518346356088725
576460752321603415
1369094286737076633
864691128504521034
1224979098686971509
504403158297742598
1369094286737168461
1369094286751463202
864691128473164642
1297036692721854201
504403158281453118
1008806316573156045
1369094286737971032
648518346360210131
1224979098674342433
864691128477031100
1369094286737076454
1369094286737655199
1224979098687005612
1297036692699983534
1297036692701929033
576460752318310114
648518346355483362
1297036692721677383
1369094286739064211
504403158281444935
1369094286741614976
504403158281448422
1224979098660015760
1369094286737947035
864691128475005026
1369094286737074062
1369094286754996780
648518346360180407
576460752341201470
648518346378498969
1369094286737161311
1297036692700792731
576460752317376154
864691128473170482
648518346356064790
864691128472668450
1369094286737162281
504403158284611377
864691128472668900
576460752326255584
504403158286709416
648518346375749253
1008806316547510798
1297036692700184466
576460752317405277
648518346357900146
648518346354330308
1008806316547710399
648518346361639959
1297036692706160896
1297036692702688032
576460752359089666
864691128473541007
1297036692719780820
1008806316562656304
576460752318338173
1297036692706319984
1369094286754872155
576460752317376169
504403158281239672
864691128481983350
1369094286739680294
1297036692701295295
1224979098676455610
504403158281229526
504403158281229946
648518346358763644
1224979098682043866
1369094286744412700
1369094286754744793
1224979098660113234
504403158282044243
1008806316580683201
1297036692699947599
1369094286738462667
864691128479720448
1224979098675063825
1369094286746772778
1224979098666009492
1297036692699947854
504403158283123750
1369094286744452515
576460752319529399
1224979098660624152
648518346378848328
576460752334517040
1297036692716760239
1008806316557099757
648518346354323093
504403158299833876
1224979098681546420
1297036692706148974
648518346375600265
576460752320480321
1008806316549373659
1224979098669600403
1224979098661974697
504403158287461786
576460752318877957
504403158297730631
1224979098660116471
1369094286747096795
1369094286739737769
648518346363755666
1008806316562458091
1369094286737163979
1008806316555730616
1224979098660014922
648518346363557059
1369094286738464455
648518346358842979
504403158282584807
1369094286737307732
1224979098661469985
1297036692702698500
1008806316553671804
1297036692701924857
504403158283143207
1297036692701880972
1008806316550157223
1297036692719823017
576460752324379580
504403158284589420
504403158293905759
864691128476904535
1224979098661953974
1008806316580316171
576460752326256198
576460752328089586
504403158287499021
576460752328285243
648518346386316422
576460752365642304
504403158286743389
648518346358757430
504403158283146798
504403158283114458
864691128479685845
1224979098674355559
1369094286737170366
1369094286737174019
504403158293156106
504403158281515203
1369094286759428638
864691128474952411
864691128476004452
648518346357920073
504403158297758587
504403158307433865
576460752347165929
1297036692701389153
1224979098661455697
504403158283780384
648518346356069124
1008806316547503123
504403158281230051
1297036692703693748
648518346356780340
1369094286737661363
1008806316549379000
648518346355502919
1369094286737161470
864691128478195090
504403158282556329
864691128473157661
864691128473534406
504403158281332003
1297036692706149916
576460752341053029
648518346363637740
576460752320396511
1224979098660294502
1297036692699948559
1297036692700777203
1008806316557057956
504403158297700418
1297036692699947149
1224979098660013981
1224979098681964577
1369094286739096870
576460752324575327
504403158296252340
1369094286756465490
1224979098665911760
576460752324389001
504403158284621001
576460752317578062
576460752355153595
576460752317373791
1008806316547466213
1297036692721666766
1369094286737962032
1008806316573219546
1224979098660122017
1369094286746491054
504403158306814301
1297036692700781386
504403158283117955
1008806316555611242
648518346368797772
576460752354998499
1369094286746887047
1297036692699953566
648518346361656619
1224979098674665656
1224979098660294565
1369094286740497725
1369094286740501755
1369094286751502317
1297036692699993152
1224979098660307615
1008806316568060065
1224979098661984830
1297036692700181794
1369094286749021516
1369094286755162172
576460752324573116
864691128501053085
648518346373564520
1297036692707480116
1224979098660646416
648518346354115793
648518346354317343
864691128478222317
1297036692724710835
504403158282122885
504403158287468211
1297036692724626978
1297036692699980031
1297036692707636217
1224979098686805126
576460752318858314
648518346356820184
576460752343748025
504403158286655206
1008806316553746115
648518346361616051
576460752326374954
864691128512052462
648518346354069432
504403158284605343
504403158301139357
504403158300355195
1224979098666019980
648518346358754973
1369094286744478617
1297036692707676791
1224979098678480067
1008806316548351387
864691128490245764
576460752318343277
648518346363699015
1008806316562617184
1369094286756449487
576460752343852710
1369094286740496798
1297036692700168979
1008806316547950083
1297036692721674117
1008806316547961072
1369094286746779904
1369094286737071975
864691128498175965
504403158297767731
1369094286737656572
576460752321581580
1224979098661946851
864691128483929924
1369094286765796332
1369094286737163611
1008806316548328542
648518346369099528
1369094286737938827
576460752330951101
1369094286743198658
1369094286754876515
1224979098687399160
1224979098660296845
504403158286726653
648518346356820184
864691128498129631
1224979098660124415
1008806316547501735
504403158281237180
1224979098665919497
1224979098660296971
1224979098660030450
1008806316557170170
1369094286743123635
1008806316573051194
504403158296242210
576460752324427699
504403158281242250
864691128472667670
1008806316557101861
504403158297621977
1224979098660618784
1224979098660108659
1224979098674963592
576460752347279246
1297036692731309616
576460752319484216
576460752318862323
576460752322877797
864691128473169054
1224979098678175849
504403158282564424
1008806316551191757
1297036692701392297
1008806316548327205
576460752321657266
648518346354323523
1224979098660111101
864691128479676712
1224979098661968031
576460752326422732
504403158282047042
1369094286739690213
864691128476879543
648518346363818449
1008806316557046092
576460752324581456
1369094286737162586
1224979098660111754
504403158282131300
864691128474952996
1297036692699947479
648518346378968667
504403158297617515
504403158281697033
504403158286752807
1224979098676498463
648518346386596640
1224979098660118756
1369094286751675503
576460752347187320
576460752317909250
648518346354626944
1369094286737157790
1008806316547467443
1224979098670553872
576460752318939589
576460752319527289
576460752341301592
1297036692701388464
504403158281247960
648518346354322014
1369094286739824232
1224979098661464201
1297036692701882222
864691128481928903
1297036692719687236
1008806316547493702
648518346354608410
648518346355997295
1369094286750901729
1369094286759938352
648518346357907732
648518346360211687
648518346361656116
648518346375574635
648518346355499947
504403158306822083
576460752324581456
1369094286737162586
1369094286737938033
504403158281326282
1008806316550039051
1297036692709497760
1369094286744465894
1224979098665911760
1224979098660015059
1224979098674443137
504403158281709993
504403158286762301
864691128504727536
1224979098663631036
648518346356072055
1297036692699989948
1369094286751565570
864691128479876657
1008806316579800556
576460752334164202
1297036692699947419
1224979098670313732
1008806316556981188
576460752317403411
1297036692719962620
1369094286737073147
504403158281522503
1369094286756482313
1369094286756629901
648518346354065416
1224979098660413696
1369094286737656188
504403158281243304
576460752317911561
648518346369168421
648518346354317690
1297036692699951331
648518346378871703
1369094286737066885
504403158283136733
864691128479878965
576460752333596557
648518346368998120
1297036692699990270
504403158281229586
1224979098661967336
1224979098676498345
1008806316573281778
648518346354115468
1369094286756506507
1369094286738431802
864691128473537447
1224979098674645450
648518346354065780
1369094286741758040
1297036692699991776
576460752334239302
1297036692703666884
1297036692719783033
576460752317910574
576460752317583960
504403158300405849
1297036692703655940
1297036692699946654
1369094286737664514
1297036692700421321
504403158282147134
1297036692700180979
648518346355992282
648518346364119097
504403158306928300
648518346355498143
864691128473152985
1224979098676472139
504403158289828056
1008806316555582067
864691128478186878
1224979098676356207
1008806316550035621
648518346354170691
1297036692703645974
1369094286754719707
1008806316547466003
1297036692700177879
1369094286744412193
648518346378583262
1224979098660127618
1224979098660294952
504403158283112700
1369094286737068532
504403158293599756
1297036692700773728
576460752320518790
1369094286739822687
648518346363543801
1297036692731630995
1224979098664706176
1369094286754739521
1369094286737304040
1224979098667251070
504403158281710052
1369094286739020637
1297036692699953069
1297036692702720083
504403158283146590
648518346386605838
1224979098660109330
504403158287453817
648518346356060825
864691128472669485
1297036692699980729
1369094286737290307
576460752320535605
1224979098660307132
1297036692721792867
1369094286739815532
648518346354636237
1008806316553837525
1224979098665923398
504403158286712006
1008806316547466933
1224979098674553527
576460752347181604
864691128472667985
1008806316552443336
1369094286746420771
1008806316548321353
1224979098678377458
1369094286737581217
1224979098661961919
504403158287393182
504403158297702220
1224979098660299099
1297036692719751458
576460752324526985
864691128524179651
864691128473151745
1297036692699988784
1224979098660015044
1224979098661491438
1224979098676398733
504403158283130715
1297036692699979138
1224979098681918471
1369094286750795362
1008806316570019192
576460752317373611
1224979098661477249
1224979098660967904
576460752365707903
1297036692703625253
864691128481950867
576460752328195817
504403158281240767
648518346360315181
1224979098676491412
864691128483867000
1224979098661087240
1008806316553830385
504403158281515554
864691128479869159
504403158281446723
576460752326234279
1369094286737064624
864691128500887522
1224979098661980660
504403158281341194
864691128524283024
576460752318913285
648518346358769905
1008806316547465823
1369094286737082664
648518346354313598
504403158286730024
1369094286759564803
864691128483871753
576460752317374361
504403158283144965
1008806316547712266
1369094286738570919
1369094286737288975
1224979098663527825
864691128476035845
1369094286744419855
864691128523851053
1369094286737157857
864691128478185266
1224979098670514568
576460752318873426
504403158306831972
1369094286743072097
576460752355467719
576460752347156967
504403158281715475
1297036692699953054
504403158281239432
1369094286739072808
1224979098662819172
1369094286737936002
1008806316580003468
864691128500805281
1297036692699952667
864691128483836177
1008806316547714895
864691128525420537
648518346355465269
1369094286738905097
1008806316579878984
576460752318875463
864691128524336360
1369094286759954478
1369094286744430069
504403158282549126
864691128480174555
1008806316555408808
576460752318261044
1297036692701939561
1008806316562328689
504403158289938373
576460752317403837
504403158281517040
864691128524157867
1297036692700176246
504403158281235751
648518346375596407
576460752317576793
1008806316567936425
576460752365642304
1297036692707506673
504403158287414312
648518346378707225
1224979098682037065
504403158281702757
864691128472879938
1369094286737157981
1297036692701908210
864691128475947308
1369094286750904780
1008806316579807827
576460752324443375
576460752357022153
576460752326365960
864691128481895151
1297036692700178824
1008806316553863852
1008806316580381195
648518346357839253
1369094286751680066
1369094286760295067
1297036692709936858
1008806316548327205
1297036692731946687
1224979098660013951
504403158287447194
1297036692706218638
504403158281342218
504403158306718942
1008806316551265766
1369094286737957629
1008806316555629875
576460752318360096
576460752333852843
576460752341132543
1008806316547498856
1224979098678437656
576460752320466106
576460752318856951
648518346354171567
1008806316573269585
1008806316549519802
576460752317401583
1369094286738451658
1369094286743095078
1008806316547495346
1369094286737288590
864691128472668585
504403158299688114
1369094286746811579
1008806316549500332
504403158283888322
1224979098675152546
504403158297827251
1297036692702765779
1008806316551168916
1008806316547473038
1008806316573261547
576460752321669045
504403158286636070
1224979098667200650
1224979098667199445
1297036692721867211
1369094286766010360
1369094286740547790
1297036692701315678
1297036692709370150
1224979098662687349
576460752343784175
1369094286756595042
1224979098660303879
504403158299780723
1224979098675083986
1224979098676459156
576460752347346786
1224979098660111610
576460752322743536
1297036692707661723
1369094286742991873
576460752341104434
648518346378739033
864691128473159225
1224979098660301035
864691128504846219
1369094286739687693
576460752324483446
1224979098660298262
576460752354664852
1224979098675074427
864691128484241969
1224979098661458022
648518346386974702
504403158285397037
1297036692703656618
1297036692719944479
1224979098662702342
576460752355316224
1369094286739080518
1297036692714912435
1224979098682421418
1369094286765743864
864691128504577378
648518346354065747
1297036692702687043
1224979098665908295
504403158285432258
1369094286744425656
504403158283137537
648518346386773821
504403158281344907
504403158282148922
1008806316549482777
504403158294130334
1369094286737161509
1224979098660617118
1297036692719898126
1297036692719790896
504403158281338239
1224979098660022415
1224979098674321221
576460752320531538
648518346375681071
1008806316548876496
1008806316553782590
1224979098681334074
1224979098661978491
504403158281228836
648518346354971752
1297036692709527374
1224979098678254534
1369094286760567144
1224979098662701593
1224979098676477620
1224979098676384503
576460752322892101
648518346363897386
1008806316550199710
1008806316567899203
576460752317374616
1297036692701308586
576460752317577887
1297036692714507777
1008806316555627918
504403158286725493
1297036692706333337
1297036692700397377
1369094286740494086
576460752320392368
576460752320448247
1008806316547466783
504403158283135959
576460752326208849
1297036692721815951
1297036692701917586
1297036692710030815
1008806316550199860
1369094286737937271
1224979098675408491
1297036692700052630
1369094286740537682
1224979098687492307
864691128479670369
1224979098682175545
1008806316552411021
648518346355515085
1224979098660122147
504403158285309776
648518346368770801
576460752355467719
864691128474909917
576460752333596557
1369094286754791365
1008806316547501735
1369094286737658120
504403158282057520
504403158281237180
1224979098665919497
504403158281331938
576460752316907856
1297036692700178083
864691128474154218
1224979098664707537
864691128500805281
1224979098661966782
1369094286743123635
1369094286737174019
1297036692709848126
504403158282574662
504403158297621977
1369094286747096795
1224979098674963592
1297036692731309616
648518346363557059
1008806316547467548
1224979098678329482
1369094286737307732
1297036692714478193
1297036692706218742
1297036692699990270
1008806316553671804
648518346354323523
1297036692701939561
1008806316562328689
1369094286740423087
1297036692714703785
1008806316547506280
504403158282047042
1224979098667251070
1297036692731901634
1297036692705011412
504403158299832041
1369094286765431559
864691128497866372
1224979098660962339
504403158285010752
1297036692701385990
504403158281333832
1369094286739674577
1224979098667357213
504403158281235767
504403158297621783
1224979098661946409
648518346356100152
1369094286737074009
1224979098670215338
1369094286737084496
576460752317376094
1008806316553758868
576460752317898304
1224979098660013981
504403158285473510
1224979098661080136
1224979098660618980
576460752324429246
1008806316548322861
1224979098660034851
576460752320470972
1297036692701391945
504403158290087533
504403158281242250
1297036692701322214
864691128472667670
1297036692700180112
1008806316547493765
576460752322788680
648518346361612287
1297036692701912981
576460752343985571
1224979098661470816
576460752320476334
1008806316547500949
864691128472669965
504403158284610206
1369094286739820346
1369094286740545193
576460752321594225
1369094286737669899
1008806316580314722
1008806316549497244
1369094286740426104
648518346354641121
576460752318347535
1369094286741719054
1008806316552411021
1369094286737071295
1224979098676339888
1224979098660124415
1008806316551208432
576460752359151664
504403158287405509
1008806316547502753
504403158281451275
1297036692724445025
576460752321610866
864691128473558575
1224979098660110652
864691128481879972
1008806316552510874
648518346361652117
864691128481991638
576460752318859242
1008806316547506175
1008806316567887714
1297036692701939561
1008806316562328689
1008806316548326854
504403158290221546
864691128475129555
1224979098687510120
576460752347361610
1224979098678365655
1008806316568103505
504403158285434281
504403158307144415
1224979098674753088
864691128478089800
864691128475936689
504403158290197520
648518346375850613
504403158281707116
1369094286751711625
504403158282128065
1369094286751054053
576460752347734332
504403158281708668
1369094286737064947
1369094286741731089
1297036692719783033
1224979098669698316
648518346360218633
576460752324336641
1008806316555547310
1008806316549343315
1008806316550238151
1297036692714616516
1369094286739809374
504403158285439249
864691128481972829
1297036692702733874
1224979098662691379
1297036692709494790
1008806316553845346
1008806316548328600
576460752321665161
1297036692719682258
1369094286738443168
648518346355478043
504403158289616401
1369094286766040174
1224979098661953290
648518346363530457
648518346375734332
504403158293145229
1297036692700779469
1369094286737960425
1008806316567858883
504403158285432492
1224979098661944793
1297036692701322194
1224979098686761505
864691128478104958
864691128481865504
1008806316570100532
1369094286746751213
1369094286741719694
1008806316547953224
576460752341107976
1297036692731428304
1297036692724632368
1369094286751685550
1008806316547467803
1297036692699947689
1297036692721828029
648518346354617421
1369094286737934543
576460752343780482
1224979098660124567
1224979098669698316
1297036692699948424
1008806316580792416
1224979098683590943
1224979098667207156
1008806316556995056
504403158296302900
864691128475761300
1297036692700775936
576460752359164213
1369094286743111776
1369094286747037836
504403158294056849
504403158284783418
576460752347117205
864691128481990430
504403158285426063
864691128476954986
1297036692701900274
1008806316573254598
1224979098660304958
1008806316551211159
864691128472668135
648518346363679523
1008806316547707920
1008806316555632739
864691128490082922
648518346373613438
1224979098660615925
1369094286737307113
504403158281718976
1008806316550038730
1224979098676394265
1224979098676394323
576460752334243292
648518346354642233
648518346354999873
864691128524893969
576460752328189980
576460752322924454
1369094286739031698
576460752333861355
576460752328195817
1224979098660018769
648518346354997954
1224979098662706939
504403158281712415
576460752318322894
864691128524344089
1224979098687130445
864691128474178845
1224979098667201259
648518346363875706
576460752318915296
1297036692699978410
1369094286760540649
1224979098661473392
1224979098660122147
1369094286737084373
1297036692704565241
1369094286739680913
1297036692701920603
1224979098660022188
1224979098663527169
1008806316557046617
648518346354326223
1369094286760316763
1297036692702716380
1224979098660014527
1224979098676354213
576460752347170659
576460752324347640
1369094286737068467
1297036692702726782
1224979098661980200
1224979098674996146
1224979098687570912
504403158290248982
1297036692724879208
1224979098687729254
1297036692721879756
864691128476915633
864691128483996689
648518346386688747
1224979098670290075
864691128497981993
504403158296280028
1224979098661454456
504403158281349756
1369094286760634312
576460752320383669
648518346354163486
576460752326418949
576460752326228147
1297036692699954572
504403158281326783
1297036692700800320
576460752328313662
1369094286738743975
1224979098660122017
1008806316553825231
504403158281235887
1008806316549364588
1297036692715162438
1224979098663609796
1008806316581240570
576460752318863697
864691128477029653
648518346373932345
1369094286751227407
1008806316548873016
1297036692731455054
1369094286754795900
504403158281335282
576460752355013662
1224979098660622467
1369094286743012985
1297036692701313585
1297036692719769660
1369094286737174542
864691128523967425
1369094286746743100
864691128475832181
648518346354976977
648518346354987878
1369094286738438607
504403158283888477
1369094286751481097
576460752321582751
864691128476971049
504403158281711227
1224979098660946930
1297036692700180902
1369094286737580800
1369094286760454962
576460752343847902
1008806316552411021
1369094286738438197
1224979098660117917
648518346354629979
1297036692701385990
504403158281333832
1224979098670435991
576460752347546915
648518346375600265
648518346364007508
1369094286744411171
504403158285410019
864691128482014526
1224979098686934913
1224979098662837317
1224979098670215338
1369094286737084496
576460752317376094
1224979098660123154
504403158287409502
1369094286737160610
576460752324339942
648518346355499112
504403158281242250
576460752321677188
504403158284620402
576460752319576521
1224979098660014496
576460752326283397
1224979098660303191
1008806316562475221
576460752322788680
1008806316550185381
1297036692701912981
1369094286740545193
1369094286737669899
1224979098660635274
1369094286737938405
576460752324362220
1008806316580314722
576460752319488642
1224979098664706176
1008806316549497244
1369094286740426104
648518346354641121
576460752318347535
1369094286741719054
576460752341016591
1224979098661450894
864691128473159833
504403158296269423
1369094286739819394
576460752347546915
1008806316580003468
504403158285440096
504403158293946996
1369094286737938033
1008806316573298942
576460752347109294
1008806316573319284
1297036692706164185
504403158297762293
648518346364413752
1224979098675087370
1297036692732043347
1008806316562538094
648518346356072055
576460752322715131
864691128500879783
1297036692704599768
1224979098664827863
648518346354999155
1369094286741614322
1297036692704595938
864691128525130603
504403158282541373
1008806316548338475
1369094286737299955
504403158281336460
864691128500789770
1224979098661943131
576460752320440130
1297036692700872097
648518346361714848
864691128475998994
1369094286738436374
1369094286754777618
576460752318868686
1008806316548335472
1224979098660114807
864691128474142845
1297036692724545764
864691128477025813
504403158299764915
1297036692706210944
864691128489693790
1224979098660119050
648518346354066479
1008806316547506662
648518346354070530
504403158296367846
648518346354069432
1008806316547466993
1369094286740547790
1297036692707639670
1224979098687399160
864691128472670355
1297036692724614564
648518346378718015
1008806316547654041
1224979098663527952
1297036692712632586
864691128479803790
1369094286738460450
504403158293881438
648518346354066122
1297036692700406401
504403158283114906
648518346354318493
1008806316573111440
648518346358867103
1224979098663631036
1297036692699992161
1297036692706319351
504403158294045137
864691128472669170
864691128475731450
1224979098663625094
648518346375637438
1224979098664799596
1224979098660024364
1297036692719930969
504403158282559237
1008806316547493233
576460752322895685
1297036692721666766
504403158287469000
648518346355003653
864691128500773929
1369094286756641210
1224979098678261934
864691128504420666
1008806316550223767
1224979098660614957
1297036692724613932
1224979098675739371
504403158290196869
1369094286737076875
1297036692715010201
864691128504829410
1224979098667216789
1297036692706156269
1008806316547957623
504403158283111767
1224979098664816241
576460752334287152
1008806316552377260
504403158282132894
1224979098660120324
1008806316550156149
1224979098665905289
1297036692715008763
1297036692704631283
648518346354323508
576460752347726313
1008806316547708160
1224979098663633324
1297036692721757518
648518346369023027
648518346356086602
1369094286738466725
1369094286744432580
1369094286737956554
1369094286751674452
576460752343970496
1224979098660618882
648518346386831062
576460752324574331
504403158281334093
504403158283892479
1297036692731984489
576460752354812025
1224979098667206250
864691128472878971
864691128476921185
1297036692702715845
1224979098662079960
864691128504662630
576460752317911471
1224979098667215419
864691128504664811
504403158282057200
1369094286737073126
1008806316573271048
576460752347309152
1297036692704545422
576460752344016018
1297036692702699407
1224979098676339888
504403158285010752
648518346354970740
576460752347156967
1224979098667357213
1297036692709661993
576460752347723695
1224979098661946409
576460752321601504
576460752322747050
648518346363585547
864691128474150496
1297036692699946969
504403158301139357
1297036692700403574
1008806316553758868
576460752324429246
576460752317901055
576460752354659103
1224979098678461889
648518346373492030
1224979098660034851
576460752317404571
1369094286765968151
1369094286741720636
1224979098660293281
1224979098678448663
1369094286756375506
576460752317374346
1224979098687293369
1008806316547951857
1369094286739683543
648518346378507210
1297036692701322214
1297036692700180112
504403158297599175
576460752347242043
1297036692704713354
1224979098660308754
648518346361612287
1224979098660122371
1369094286756591489
864691128498136555
504403158281229376
576460752343985571
1224979098681971651
504403158281244946
1224979098687292996
504403158282122531
504403158284607098
1008806316552403959
1008806316553829119
1008806316550178296
504403158300355573
864691128484001117
1008806316562703320
1008806316547492921
648518346354983623
576460752347528533
1008806316573247417
864691128512660081
648518346355503368
1369094286737069924
1008806316573282638
1008806316547467248
504403158296283882
648518346358821229
1369094286754786825
1369094286743199454
1008806316550380838
648518346361681632
1224979098664824792
576460752317851326
1224979098660118225
1224979098661459910
1008806316548313124
864691128489780055
1008806316548350784
504403158285389465
1224979098663528012
504403158307061065
504403158293722956
1369094286737670073
1369094286737302088
1224979098661484300
1297036692709491873
1224979098660971542
1297036692706166179
864691128473155004
1224979098681359671
1369094286740483229
648518346354998160
1297036692719745407
1008806316573099311
1008806316547494515
648518346375820320
576460752334243185
504403158297762400
576460752334484034
576460752317568832
1008806316547961934
1008806316556963754
504403158282554614
1369094286746907682
1297036692709679922
1297036692703696472
648518346361665392
1224979098664795252
504403158281357362
1369094286737958098
1297036692699994576
1297036692701307975
1224979098660109516
1224979098667232736
1224979098664821423
576460752321657657
1008806316547492396
1224979098661227267
576460752343791967
576460752322720649
1369094286751679351
1224979098678154805
864691128489910265
1297036692699993152
1224979098676514168
1224979098670532852
1369094286741592639
1369094286737167084
864691128504564054
1008806316550372758
1224979098661954693
504403158283786433
1297036692719952715
1369094286737669724
1008806316547466378
1369094286751525792
504403158281235457
1369094286744424438
1369094286744453722
1008806316552523614
504403158281706956
504403158285309776
648518346354998160
504403158284624429
576460752328311889
1224979098674791442
504403158282143930
504403158283135033
648518346375709928
576460752347546915
576460752334305685
864691128479906763
864691128474166417
504403158281233191
1369094286737064872
1297036692699985460
1369094286754782783
1224979098670669854
648518346356100152
504403158287424174
576460752344051306
864691128474198198
1224979098670638831
1369094286737940697
576460752326257113
504403158281262864
1224979098674658423
1369094286743071567
576460752317904113
1297036692700867451
648518346354067003
1369094286744418889
1369094286737300946
648518346354166108
1369094286765840075
504403158281331938
864691128472882072
504403158297829459
1008806316573318708
504403158282149713
504403158285440096
1369094286751389348
1224979098682308697
1224979098667223786
1297036692719805536
648518346354065524
1224979098670198923
648518346357848927
648518346378599077
1297036692709366939
864691128479878965
864691128481895151
1369094286746490769
1008806316562671939
1297036692707662591
864691128500826697
504403158284590335
864691128481824417
1369094286743107329
504403158285410019
1369094286737074009
1224979098678461889
1297036692701921247
1008806316568067264
1224979098675199140
576460752334141988
1224979098660303191
1297036692701912981
1369094286751392946
1224979098676502034
1224979098660020939
1297036692700396731
504403158285316745
648518346363557059
1008806316552421965
1224979098686813258
1297036692724619127
1369094286737078571
648518346386236655
648518346355998788
504403158285327020
1297036692719790132
1008806316573222864
864691128474803998
1369094286737656572
648518346355516636
1008806316562300744
1297036692721773347
1224979098663638737
576460752321651102
864691128479749098
1297036692731230429
1369094286740520100
504403158281229406
1008806316573139258
576460752334317722
576460752334098200
1224979098678438187
1297036692700170697
1369094286737176502
648518346364426676
1369094286750894482
504403158287429579
504403158281698747
504403158281229601
576460752317374796
1369094286737072862
648518346373621420
864691128524166599
504403158298056848
1224979098660037744
576460752320383597
1008806316547493267
504403158284619598
864691128473154299
504403158286727622
1224979098678360041
1008806316568045811
504403158281446809
648518346361657416
1297036692706320659
648518346358713819
864691128474159392
576460752317374931
1224979098661978600
576460752326359687
576460752347648235
1224979098660625897
1369094286754959742
1369094286739078708
648518346375872639
1008806316547467728
1224979098660026135
576460752321676728
1369094286737076112
1369094286737076717
1369094286737077575
504403158281249155
576460752317400334
576460752317401385
504403158281449092
504403158281452711
1297036692700769830
648518346356819161
1369094286739677105
504403158281246635
1369094286737075315
504403158281247342
1297036692721659572
1369094286737187665
864691128489498934
648518346355468629
576460752317376319
1369094286756653409
1369094286751118847
1369094286737172366
1297036692702694135
1224979098687561582
1224979098676498463
1369094286739015664
1224979098660613259
1008806316550178296
648518346355468536
504403158283118510
864691128478171807
1369094286743114124
648518346355496171
1008806316552416921
648518346373633865
1369094286739808452
576460752326381636
648518346373457001
1369094286737297694
1008806316547707529
576460752326214708
1297036692721835501
504403158283793696
1369094286743213429
504403158296244518
1297036692703649874
648518346354318127
648518346363873071
1224979098678279924
576460752341073330
504403158290735732
576460752319489047
648518346358831559
576460752355638258
576460752324567220
1008806316573220136
576460752328067601
1297036692707494144
1297036692714982291
504403158286731364
864691128504576009
648518346361683230
1369094286739716152
1224979098664835274
648518346361618408
1224979098669700923
1224979098669738738
576460752317405257
1224979098674968440
1297036692719908452
504403158297767731
1224979098667216789
576460752321651102
504403158281229616
1008806316550184398
504403158296252340
1008806316567887714
504403158283905189
1008806316547501608
1224979098660292897
576460752330944011
1224979098660307882
576460752365878811
504403158281230160
1224979098660614719
1008806316551181495
1369094286751564111
1297036692709561465
1224979098660946570
1369094286751463202
1369094286740483587
648518346354607816
1297036692719933635
864691128489591016
648518346373602890
1297036692731087724
864691128473605142
1224979098662841902
648518346356068921
1224979098687314230
1369094286738463161
1224979098666029380
1369094286740517035
1369094286751572502
1369094286746502636
1369094286737939220
648518346354321304
1008806316547466138
504403158297702220
1224979098661950393
576460752320398273
864691128481976312
504403158281240767
864691128500773929
576460752328101001
648518346356115323
504403158281229061
504403158283115716
1008806316547706555
1224979098662826141
1224979098667357775
504403158297732497
1008806316547465808
1369094286744450626
648518346361699988
1297036692701307812
1008806316550036601
1008806316555634695
648518346386460114
576460752320455744
864691128481950867
1224979098664718055
1369094286737658553
576460752334062386
864691128472890360
1224979098678472219
1224979098676495104
1297036692699947044
648518346357898193
648518346358882830
1008806316547699887
648518346358876941
1224979098660114807
576460752320390349
576460752328177949
1297036692700401322
1224979098667217613
648518346363640651
1008806316555611242
576460752343889317
648518346360213083
1369094286759956853
864691128481994632
1224979098667226400
576460752344014363
504403158307069051
1297036692702705866
864691128476977608
648518346361636522
1297036692701937496
1369094286740557663
576460752317585292
504403158287399149
1369094286744497694
1008806316556970231
504403158281327911
1297036692700188921
1224979098681918471
1008806316549418856
864691128498176699
576460752347361610
1008806316547465478
504403158296285939
1369094286737077653
576460752326399341
1369094286739708989
1297036692714920519
864691128473536829
1369094286737075449
1224979098660025443
504403158287402484
648518346360319697
864691128481829276
1224979098660294952
648518346354065292
1369094286760419372
864691128474184674
1297036692699947734
1369094286765900336
864691128525016676
576460752317375524
1369094286737080123
648518346355991771
1369094286746776858
1297036692706252179
1224979098660958140
1369094286738431116
576460752347657707
1008806316556940622
504403158281715363
648518346386433590
1224979098660124968
576460752318254853
576460752320438637
1224979098682175545
576460752344039242
576460752344238793
864691128483972249
1224979098660028241
1369094286737582115
504403158281235635
1008806316557001754
648518346354318725
504403158296276062
864691128479825861
1369094286737181475
1297036692700175368
1008806316555542083
648518346354632940
1224979098660633511
1008806316562555238
504403158281701146
648518346356218950
1224979098667224363
576460752328327167
1224979098660117188
1297036692703645991
1369094286754973304
576460752317898304
1224979098660013981
504403158287409502
648518346368775243
648518346360203484
1369094286737157121
576460752317578955
1008806316557096142
504403158281701306
648518346361612287
1008806316580689285
1008806316553684255
1008806316551189391
1297036692721762101
1224979098661470816
576460752347279246
1297036692701951733
648518346355496248
1369094286737163979
1224979098676398733
1008806316562334079
1297036692707639670
1369094286737939028
576460752317580542
1008806316562693783
1297036692706218742
864691128483935880
1224979098687203866
1297036692704571297
504403158297732362
504403158287457114
648518346378704715
576460752326264126
1369094286740425294
1008806316550219801
576460752324499271
1224979098660628857
864691128504466589
1224979098674905563
864691128479692401
1369094286739071666
1008806316555561069
864691128475129555
1224979098660627893
1369094286739064211
864691128490391092
1297036692721655177
504403158301912332
864691128473161484
648518346358865149
1224979098660024027
1224979098667211697
504403158300264453
1224979098660300966
1297036692707577937
1297036692709641981
504403158296164542
1297036692704547284
1224979098665999603
648518346386814012
1224979098660312594
504403158283893598
504403158283775253
576460752317914994
1224979098663632422
1224979098675157570
864691128478215504
648518346375721284
864691128504672540
576460752319592780
1008806316549429773
648518346357861904
864691128476979023
504403158281334127
648518346354998160
504403158281235767
648518346363875488
504403158285473510
1369094286738462374
1224979098661080136
1008806316548322861
504403158281813547
1008806316547951857
576460752320470972
1297036692701391945
648518346378507210
1224979098660016651
576460752320476334
864691128476909704
576460752321581580
1008806316548328542
1224979098661949200
576460752321657266
1369094286739737266
1297036692719897604
864691128472669785
648518346360162776
1224979098660951235
504403158282549662
864691128489547284
864691128479680180
504403158281330160
1008806316570022552
648518346360156148
1224979098661450894
864691128483834446
504403158299924468
504403158287423286
504403158282132985
1224979098660119833
1224979098660960833
576460752344014708
1008806316570183084
1369094286743186396
1297036692702695510
576460752318860671
1224979098687132943
504403158281233071
1297036692724645511
504403158283890373
648518346369089342
1369094286744410624
1008806316551167471
1297036692702717470
1297036692707636217
1297036692701385990
576460752326374954
1224979098665919497
1369094286756732868
504403158287405509
1369094286756607359
504403158281229301
648518346354167135
864691128475706585
1369094286740423087
864691128477029653
1369094286744454521
504403158289917563
1297036692704581901
648518346354326223
1224979098660310244
1008806316573281778
1008806316555561069
504403158285381882
864691128473533630
1224979098660014527
1008806316551261082
504403158286644818
504403158290221546
1369094286737076085
648518346386605838
648518346354111598
1297036692731979995
648518346379144339
1297036692699952911
1224979098660617500
1224979098687577810
1224979098660030991
1224979098664861762
504403158285434281
576460752320388475
1297036692700778160
504403158281448980
1008806316570111029
1297036692721788741
504403158306943287
504403158281235391
864691128476032195
1224979098661477249
504403158290197520
576460752347181604
1224979098687296244
648518346373546286
504403158281706901
1008806316552411021
504403158306524007
1224979098686934913
576460752317901055
576460752354659103
1008806316549499503
504403158284620402
1224979098674968440
1297036692704713354
1224979098660308754
504403158287496985
1008806316570022552
648518346355468405
576460752318316334
864691128479749098
1297036692731230429
1369094286740520100
1224979098660292897
504403158281236772
864691128504997782
648518346357788198
1297036692704579442
864691128474953571
1224979098660307882
576460752365878811
504403158281230160
1224979098660614719
1008806316551181495
1369094286751564111
1224979098660118519
1224979098665987699
648518346354624067
576460752343873351
1297036692719824995
504403158283012404
1369094286737163379
1008806316568116883
1297036692709554638
1369094286737957629
648518346354326223
1297036692709952823
864691128501078749
1297036692714812354
1297036692699953069
1369094286743110376
504403158293532117
504403158281329047
504403158293881438
864691128489591016
1224979098666019067
1008806316551189965
1224979098660962339
1369094286737187800
1369094286737658120
648518346363875488
504403158294125323
1369094286738454567
648518346357858674
864691128473613973
576460752328189980
1369094286737171911
576460752317848674
1369094286737174019
1297036692719908452
576460752317568771
864691128476909704
1224979098674781560
1369094286746417195
576460752326267485
504403158281233054
576460752318344610
1008806316552518179
1297036692721695483
504403158297767731
1369094286739016041
1369094286761221606
504403158293953524
504403158284591334
648518346356797312
504403158286633070
576460752318339470
1369094286754887479
1224979098675531508
648518346356111172
1369094286737067377
648518346356117463
648518346388869826
1297036692719933635
1224979098660617500
1224979098660109330
1369094286737971032
504403158281697033
504403158286762301
1369094286756506507
504403158282554727
648518346355486043
504403158289980041
576460752333602328
1369094286739024809
648518346356059549
1297036692721673491
1369094286760463412
1224979098660618980
1008806316549499503
648518346354319675
648518346360316231
648518346386644922
1369094286760312408
576460752347719894
864691128472669500
864691128500856048
648518346356777048
576460752355514576
1369094286740528507
1369094286741760228
576460752334002266
504403158296264032
648518346375599282
1224979098660954648
1224979098660031495
504403158293593677
1369094286737300443
504403158281239998
1224979098660620710
504403158282558225
648518346373456735
1297036692702609080
1369094286737307450
864691128504623682
1369094286746416840
1369094286756509908
504403158293082626
1297036692706245457
1369094286739019693
1297036692721810777
576460752334448244
1369094286737687357
1008806316553683763
648518346373475377
576460752365905928
648518346356747790
576460752319616909
648518346368901059
1297036692700190904
1224979098676379810
576460752341304680
864691128472669530
1369094286739029609
1369094286737959094
864691128473157083
504403158281251985
504403158281329486
1224979098676372885
1369094286750901729
1297036692707649123
864691128473552717
1369094286737659076
864691128513126549
1369094286738444848
504403158283901075
504403158296275979
1369094286746918976
1297036692700407890
1224979098660970249
648518346375538872
1369094286757246017
648518346356073622
1008806316573249074
576460752365918547
648518346355992539
648518346354308883
1008806316555626679
1297036692709573437
648518346354065509
576460752318864528
864691128504699921
1369094286765679077
1008806316548343640
1224979098660949760
1297036692701301509
504403158282544799
504403158284592188
1008806316549431277
576460752347331134
504403158306702599
1369094286739019693
648518346355496912
1008806316549356067
504403158286744254
576460752347322011
648518346354634172
864691128476893927
864691128498238708
1369094286754769203
1224979098676394265
864691128473151498
1369094286737182958
1224979098676394323
1369094286746768141
1224979098660299932
576460752365813870
1224979098676394146
1224979098660016146
1224979098669687153
648518346368645090
504403158282570135
1297036692700191615
504403158282122709
648518346373559999
1008806316551182986
576460752317375066
1369094286739019277
864691128478095693
576460752317568013
1224979098682098686
1369094286737942860
1224979098661466608
1369094286737807088
1297036692722583152
864691128473164106
1369094286756622221
576460752343945157
1369094286739674577
504403158306524007
1224979098661193414
648518346378764186
1297036692719789734
504403158281329348
1224979098670286505
1297036692721671012
1008806316552421965
1369094286737300874
1369094286739096870
576460752322826012
864691128504521034
648518346369089342
1369094286754739521
1224979098676466854
648518346357871551
864691128474953571
1369094286744447509
576460752347118451
1008806316547964608
648518346354624067
1369094286737160224
1297036692714691251
648518346357842698
576460752334287865
504403158293881438
648518346354992071
1297036692701406634
1224979098687314230
576460752320440001
1369094286756625029
504403158287477704
576460752341090114
504403158283125839
648518346355477471
504403158281229211
1297036692699987086
504403158284584325
576460752321598094
1224979098660631958
1224979098682180507
504403158297773178
1224979098660301137
504403158301138994
648518346361695874
1008806316570112079
1224979098687005612
1369094286737934306
576460752343783001
504403158281236593
648518346356110060
1008806316553783192
1224979098660628619
1297036692699982674
864691128479668319
1224979098669692374
1224979098666008357
648518346354065461
648518346354611803
1008806316551261082
648518346358742371
648518346355481113
1008806316552412640
504403158281451386
648518346354064782
1224979098660627568
1008806316548313736
1008806316547493780
864691128511878362
1297036692724751196
1008806316547496398
1224979098664718565
1297036692701885126
1369094286737579221
1224979098686884768
504403158296168381
1008806316547472530
1297036692707644278
1297036692721820534
576460752317375914
1224979098660309626
504403158296287789
504403158282580263
576460752347554024
576460752321670812
864691128504608766
648518346375837943
1008806316568071858
648518346354999401
1297036692701900804
864691128512942857
864691128504706688
504403158299761182
864691128524771673
576460752318879744
1297036692714809678
1297036692707587456
648518346354628697
1369094286737187800
1369094286737658120
648518346363875488
864691128481824417
1369094286740547790
1369094286744511488
1297036692731309616
576460752324376039
504403158281704768
864691128501022393
1224979098660415839
576460752317568771
648518346378866391
1369094286746417195
576460752324575327
1369094286743003079
1224979098661480187
864691128500707047
576460752347361610
1224979098678365655
1008806316568103505
504403158281342914
1369094286751688791
1297036692701315678
648518346363715347
504403158297740203
1008806316547496839
1297036692709401223
504403158281232833
504403158281229196
648518346358862168
1369094286739012254
864691128504672540
1297036692700177484
1224979098661087240
1224979098661971181
1008806316547966870
504403158283898842
1297036692701389318
1369094286741705406
648518346360200366
1224979098660031495
864691128524837315
1008806316557063447
648518346354064572
1224979098676459156
1224979098661471048
1224979098660023240
576460752322734435
1224979098660297271
1224979098661468707
576460752317373581
1224979098660308754
648518346363755666
1297036692703665188
648518346358833002
1008806316553778384
504403158283908591
1297036692719813644
864691128504521034
504403158285315721
1297036692704592317
504403158281699419
1369094286737666559
576460752317902910
1297036692721798001
576460752347711494
1297036692706162494
1369094286754857012
1008806316579679142
864691128473154646
504403158281710995
1008806316548346096
1224979098660132118
648518346358745338
1008806316555652371
504403158289638788
648518346369168741
1224979098670399349
864691128473538274
864691128473549706
1008806316547502383
504403158283146798
1297036692721660371
1369094286737164982
1008806316570014541
1224979098681522162
1297036692700877427
1369094286746736547
648518346368909072
504403158281252020
1224979098676354213
1297036692700773706
1297036692700413190
864691128479706558
504403158281703428
1369094286737578997
648518346355484704
864691128474164269
1297036692704561693
1224979098687507518
1369094286756647906
1297036692707676654
648518346356100486
576460752321611299
576460752317577138
576460752324533674
1224979098660020653
1008806316551201419
1008806316547465898
1297036692704579442
648518346363830914
648518346378808405
504403158289953288
504403158306803730
576460752324438172
504403158282571026
1369094286740490808
648518346354992071
1369094286739063300
1369094286744450626
648518346379144339
1224979098675087370
504403158289607597
864691128473626132
1008806316555553283
504403158297572137
504403158297750334
576460752320388475
576460752320397607
1297036692703686995
1297036692700181702
1297036692701385823
864691128478089800
1224979098660302438
576460752322765884
576460752319434338
504403158300359732
1224979098662688520
1369094286740424307
648518346363856750
576460752334287152
864691128523810077
576460752347734332
576460752334496943
1369094286744420464
1224979098660625289
504403158296263574
504403158296229575
648518346360298499
504403158299833876
1224979098662840631
1224979098681964577
1369094286744511488
1008806316548910875
576460752318873807
864691128473547161
576460752344014708
648518346378704715
864691128498246792
504403158282549126
1008806316547953944
504403158281450964
1224979098660015459
1008806316573848899
1224979098660953969
1369094286737067377
1008806316549366922
648518346354066383
1008806316570043121
1297036692700180041
1297036692700795941
648518346357888457
1008806316547709135
1297036692709802332
864691128473611853
504403158282547361
1297036692700185912
504403158283114458
864691128476886415
1224979098678278257
1369094286754960530
1008806316547957623
1369094286743115889
504403158282136570
648518346356771665
504403158300322743
648518346357912718
1297036692699946924
504403158299685433
1224979098660303760
648518346355507122
648518346363812288
1369094286754885616
1297036692699947239
504403158286760569
1297036692721792867
1297036692719844020
648518346357784624
1224979098681626894
504403158281509687
864691128480174555
1369094286765641215
864691128483993814
1224979098675157423
1224979098661480187
648518346375721284
504403158281510852
864691128478054845
504403158281330771
1008806316547507600
1297036692706233921
504403158300651021
504403158281703533
648518346373453641
576460752365587640
504403158281325108
504403158286634417
1297036692701946019
1369094286737672056
1008806316548332240
864691128472667790
1008806316557047904
648518346360145580
864691128489939989
1369094286751005231
1297036692709725725
576460752317576793
576460752318360096
1369094286738440012
1224979098660303536
1224979098660297772
1369094286765667021
1369094286749271372
648518346368905015
1297036692701893655
504403158299771199
576460752333852843
1297036692719933635
576460752347592786
648518346354638504
864691128476875292
1297036692700777021
864691128481977384
1369094286739024809
1369094286765919569
1369094286739815532
1224979098660627245
1008806316551277679
1297036692706232240
504403158283124446
576460752321559724
1008806316567973102
1224979098660014056
864691128500876996
1369094286740532346
1297036692707512408
1008806316549495368
504403158281701714
1224979098660617500
1369094286765669067
864691128474952411
576460752347734332
1297036692703626973
1369094286760284835
576460752322714156
1297036692706224378
504403158296269220
1297036692704622881
1297036692714687707
1297036692721847760
1224979098664804558
576460752354960400
504403158297595867
504403158296225032
1297036692700182488
504403158282555816
1224979098667235925
1369094286740507575
576460752317374751
648518346355502718
1369094286754665031
504403158281710438
648518346386786132
576460752341128722
1369094286754902003
1008806316570142321
1369094286739713571
864691128489922200
1008806316553861798
576460752343961406
1297036692724607748
1369094286739098205
1008806316547467218
1008806316580268000
1224979098660300334
576460752326250132
648518346363710825
1008806316547465988
1224979098676494667
1369094286737945083
1224979098660014496
864691128473558575
648518346357906654
1369094286738455346
504403158281229406
648518346368645090
1008806316548354565
504403158290086723
1369094286740543449
864691128474809114
1369094286737949578
576460752365313379
1369094286737937315
1297036692721821094
1369094286738456935
1224979098687510120
1008806316547502383
1224979098660017936
648518346354331428
504403158283781536
504403158307022748
504403158306526600
576460752341026244
504403158281702757
1297036692700777021
864691128501040936
1224979098687418720
1297036692700778160
648518346364108255
1297036692701945878
576460752322758310
1297036692702703842
1224979098662694718
1008806316548355101
1369094286737161549
864691128524630680
864691128489396322
1008806316557200925
504403158282558059
1297036692701902346
576460752355311273
576460752328336597
1297036692706246591
504403158287847425
1369094286746757877
504403158282569726
648518346354166525
1224979098667215272
648518346356793446
1008806316557013794
576460752317923292
1297036692700168979
576460752318339470
1297036692724485169
864691128476931489
504403158283781536
648518346354633117
1224979098661486226
1224979098665902892
504403158285389703
1224979098660615062
576460752322763268
1224979098670654036
576460752317401543
864691128500711675
1008806316551189376
648518346356755596
504403158281511856
1224979098667219672
1224979098660034346
1369094286737289264
1008806316548912777
864691128476920606
1008806316552409545
504403158297622979
648518346354642071
1297036692701930971
1369094286739721639
648518346354639321
1224979098661971570
1008806316547467443
1008806316551202118
576460752328076746
576460752318874189
648518346373497459
1008806316550230938
504403158299832455
504403158285389047
1224979098660617310
1224979098688813358
864691128498012092
576460752365889361
1224979098660026204
648518346363814770
1369094286751767360
1224979098667368704
1297036692731859372
1224979098675179060
864691128481878367
864691128476032983
1224979098676339888
1369094286766010360
504403158281333832
1008806316553663508
648518346361616051
1224979098660020226
1369094286739029283
1297036692724610082
1008806316548346836
576460752317403430
1297036692703647633
1224979098661469985
864691128524974156
1297036692709377505
1224979098676493683
864691128475008777
1369094286737168461
1369094286751463202
864691128473164642
576460752318252250
1224979098660116431
864691128475129555
1369094286737160346
504403158281697033
864691128474158587
1008806316547510798
1297036692709954635
504403158285408098
1224979098663625094
1297036692699987086
648518346386826284
1008806316548352192
1224979098660111660
1297036692704597554
648518346358858702
648518346361642636
864691128472669470
648518346373594354
1224979098662687349
1369094286754959539
504403158281241813
576460752318323798
1008806316547489694
1224979098660032822
576460752317376019
576460752343784175
1369094286756595042
1224979098660303879
504403158282567916
1224979098667344392
504403158283890373
1369094286746798126
648518346354977713
648518346369167298
1297036692700412898
1224979098663648535
1224979098667206999
1224979098681236982
1008806316579967522
1224979098665903222
1369094286746432250
1297036692701910879
1224979098667221614
1224979098681346062
648518346356818634
504403158289629438
576460752317588397
1008806316579819253
1369094286744468872
504403158281324277
648518346355498810
504403158282576630
504403158281229526
504403158281229946
864691128513088063
1297036692721791232
1224979098663618390
504403158282043956
576460752326347274
1224979098660033409
1297036692724554056
1224979098661463282
1369094286750888201
1297036692703625650
504403158285444739
504403158282570578
648518346355478070
1008806316548888743
864691128476028704
864691128498147931
648518346369309235
1224979098669701360
1369094286737688437
864691128483940327
504403158283791784
576460752318931901
1369094286765448477
1224979098660127001
504403158281701306
1297036692700180206
1297036692702723899
864691128478223619
1224979098660108425
864691128475127018
1224979098663646624
1008806316548326854
576460752343811364
504403158285422940
1369094286744452341
1008806316580534104
576460752321666421
1297036692704552925
1369094286746502636
864691128512214195
1369094286760435083
1369094286754737955
1008806316547717205
1369094286740541964
1297036692701938906
1297036692731337012
1008806316547465553
1224979098660301626
1224979098663607134
1224979098676360322
1297036692699980257
1297036692703282799
1008806316580261752
648518346386912638
576460752365143438
864691128482013985
1297036692707647503
1369094286750900348
1297036692702607311
1297036692701885557
1008806316550170401
1224979098661478024
576460752324428362
1297036692714920519
864691128479936673
576460752318327771
1224979098660121027
1369094286742980782
1297036692700781366
1224979098661466215
576460752334305685
576460752321601504
1297036692703691619
864691128497892066
1008806316547968140
1297036692707649123
576460752321610866
1369094286737078571
1297036692706218742
1369094286739016041
576460752317373551
504403158285446143
1224979098665905449
864691128476930668
648518346354323523
576460752318921494
576460752347107285
504403158284591334
1008806316573848899
504403158284580497
1224979098661202521
1297036692701874854
648518346356117463
1297036692700176246
1224979098660015059
1297036692709725725
1008806316552391617
576460752323603867
1224979098678341761
1369094286738444848
1297036692707512408
1297036692700773706
1297036692700168876
504403158281236024
576460752319492076
648518346356073146
1369094286754875712
1224979098687781773
1369094286741721634
576460752321630972
504403158281327068
864691128475732525
504403158281337355
1008806316556861914
1297036692724770578
648518346373553155
648518346375749253
1297036692700412393
1224979098660622131
1008806316552411021
864691128476025330
864691128474801108
576460752326349100
864691128481830520
1224979098661946409
576460752359151664
864691128500791291
1369094286744478617
1224979098665922936
1008806316547705562
648518346354068647
648518346378866391
1297036692707662022
864691128504584751
864691128473620757
504403158281696460
1224979098660110652
1297036692701920603
504403158294034644
504403158293953524
1224979098670428005
1297036692701939561
1008806316562328689
1224979098676503166
1297036692699947509
1008806316553915806
1224979098660299557
1297036692721798001
576460752341127323
1369094286746528756
1008806316567936425
504403158290221546
1008806316552440616
864691128473546980
648518346354994927
864691128479918857
504403158307660317
504403158281706019
864691128501040936
1369094286738460406
648518346356066171
1297036692701406634
648518346358874809
1224979098681653086
1297036692700800124
1008806316570054205
576460752317577547
864691128501087011
648518346361708221
648518346363829401
1369094286737071295
1224979098667212202
864691128479838226
1008806316548765127
576460752326374954
648518346361704846
504403158281700213
1224979098660014450
1008806316549499503
1369094286737174019
576460752354546902
1369094286737077913
1224979098660415839
1008806316549367117
1297036692706161745
864691128475706585
1297036692714478193
1008806316549497244
864691128481879972
1008806316552510874
648518346361652117
1008806316547506175
1369094286737088945
1369094286740520100
1369094286761221606
1008806316573139258
576460752334317722
648518346369089342
1369094286739712325
864691128501033490
648518346355502351
504403158283897023
1297036692704721157
1224979098667235080
1224979098670677212
576460752322810620
1008806316562343637
576460752347587809
1008806316570218446
504403158307132581
864691128489455002
504403158296315542
1369094286737666088
576460752320500603
864691128478060887
576460752324389001
576460752322908790
1008806316547495596
864691128474980643
1008806316580273154
1369094286744462722
1224979098661968124
1008806316547496012
1297036692699980048
648518346373607470
1224979098660021727
864691128525887396
1297036692700797076
1224979098682486322
648518346375689123
1224979098662708879
648518346358757299
504403158285415524
1224979098660122815
1008806316570108402
504403158285401781
1224979098660020211
1224979098660017987
1369094286743102377
504403158282135741
1297036692719910106
1008806316550032538
1297036692704616215
1297036692701909095
864691128490151087
1369094286740505568
1224979098666016411
648518346356099775
1369094286737080073
1297036692702697840
1224979098660121948
1369094286737956381
1369094286750894482
1008806316567850453
864691128479706558
504403158281235391
576460752321598094
1369094286739704222
1008806316549342516
864691128474164269
1008806316547503101
1224979098661464594
576460752326435965
648518346361702248
648518346354971880
1297036692724714547
1297036692709576614
864691128489878968
576460752322786863
1297036692699948079
1224979098660126439
1297036692700178561
1224979098681941498
1297036692700774842
1297036692721831027
864691128504793622
1008806316549377964
864691128472668630
648518346354322905
1224979098682157965
1369094286754739427
648518346375749467
1297036692709733761
648518346379034690
1369094286740424977
504403158287473683
1369094286757268941
1224979098661955162
648518346356803787
504403158281228626
1008806316547712266
504403158281337869
1369094286743213429
1224979098670443258
1008806316553818789
864691128472668690
1224979098660027467
1369094286746417195
504403158281337869
1008806316548879552
1297036692700405059
1224979098660028381
1369094286737074866
1224979098670297323
1297036692703658595
1369094286743072097
1224979098660109837
576460752354770266
1369094286737066919
1224979098660124415
648518346375600265
504403158294125323
1008806316553771501
864691128476025743
648518346357858674
1369094286739686614
1008806316547947719
1008806316551208432
1369094286765840075
1008806316579761767
1369094286737666520
864691128473614133
504403158287453628
1008806316550039527
648518346356061215
504403158293526265
1008806316573417578
504403158281230021
504403158284511029
504403158281451275
576460752319576521
1297036692719908452
1008806316549341594
1369094286759938352
1369094286768853789
864691128476932307
576460752318378142
1008806316562455785
864691128504584751
1224979098660120224
576460752326267485
504403158281233054
576460752318344610
504403158297767731
648518346369099528
504403158293801504
864691128481991638
576460752318859242
864691128504521034
1369094286738455346
864691128513052186
1297036692700186223
1297036692701924857
1297036692724732897
1224979098660962339
1224979098686805126
1369094286739674577
1297036692703609311
1224979098674791442
576460752343748025
864691128478049139
504403158294125323
576460752321549182
1369094286738454567
1224979098661464504
864691128476025743
864691128513058869
648518346386976872
1008806316547713220
648518346356081382
576460752326257113
648518346354069432
1297036692721928896
504403158296251675
1369094286737074009
1224979098664712977
1369094286743125370
864691128473613973
576460752328189980
504403158287453628
1369094286737171911
1224979098660030450
1369094286741616793
1008806316557170170
1224979098687293369
648518346354065524
1008806316573051194
1297036692724445025
1297036692700180112
1369094286747096795
864691128498171409
576460752317574503
576460752328068603
1008806316551189391
1224979098686900838
1224979098674963592
1297036692731309616
576460752317568771
1224979098676502034
864691128476909704
1008806316567910616
576460752322810718
1008806316549341594
504403158286740466
1369094286746490769
576460752347156967
1224979098680947450
1369094286746604924
1224979098670198923
1224979098660628619
504403158287496985
1224979098660020079
1369094286737662042
576460752346660532
1224979098678438187
1224979098660966250
1297036692724632777
1008806316555563420
504403158293953524
1297036692724614564
1297036692704579442
504403158282557077
1008806316551265766
1008806316573298942
1297036692700790005
1297036692731097174
1224979098660946570
1297036692709952823
1297036692700167942
504403158293922747
504403158293881438
648518346354068678
1297036692707512408
864691128473605142
864691128483831203
648518346357897679
1297036692700406401
504403158283114906
1369094286740484235
576460752317375719
1224979098681653086
864691128472669860
1369094286737956381
1224979098660113435
1369094286737951966
576460752334484034
1224979098662841902
1297036692699952911
1224979098660617500
1297036692704582216
1369094286765761297
504403158294045137
1369094286737077653
1224979098662838757
1008806316547506175
576460752322810620
1297036692709407272
1008806316549337409
1369094286737067180
1224979098665998561
1297036692715018579
648518346356082110
648518346354316107
1297036692706224378
1008806316573095111
1008806316580069356
1224979098681346062
648518346354311140
1008806316572960375
1008806316553850468
648518346386786132
1297036692702591129
1008806316548912777
504403158283010101
864691128472669425
1369094286739706210
1369094286746530382
864691128479810160
504403158283128347
1369094286743311358
1297036692721927650
504403158281716105
1224979098669687088
1224979098681681286
504403158283788135
648518346378676533
1224979098667244121
1369094286751380224
504403158282043956
576460752334288894
504403158281697198
864691128479671719
1297036692699948649
504403158281246970
1297036692700773879
1224979098662841104
504403158282561346
576460752343958643
1369094286754748446
1008806316548354143
1297036692724554056
1008806316562345374
504403158283761845
1297036692724548830
1008806316557188624
1224979098660128385
864691128504459186
1297036692721695483
1369094286737079083
1369094286737300153
504403158282056124
648518346354316536
576460752320535605
1297036692709378867
864691128475950898
1008806316555566775
864691128500766559
864691128476981528
1008806316553777013
1008806316580069356
648518346361627899
504403158284064513
1297036692721792982
504403158285429822
864691128472668765
648518346356750830
1297036692709971596
1369094286739026660
648518346375822684
576460752326250132
648518346354628461
1224979098667257754
1369094286740561796
1008806316579937946
1224979098674326377
1369094286738438057
1008806316547465013
1008806316570029781
864691128475771588
1297036692703686579
648518346354066273
576460752317901692
1224979098678578622
504403158287342519
1297036692700479642
1224979098674744235
864691128472670115
504403158294110164
1008806316555653680
1369094286746517337
1369094286741745929
864691128497891118
1224979098666035217
1008806316548354976
648518346357922806
1297036692719897094
576460752317848220
1008806316573156475
1369094286737304423
1369094286737970527
504403158296261529
1224979098662697099
1369094286737075472
1008806316547466318
1369094286740421943
1224979098681971420
1224979098660014772
1008806316547709693
1008806316562474119
1297036692724724555
1369094286746630157
1224979098662694055
864691128478049139
576460752343967778
864691128473170097
648518346360163604
1224979098670428005
1369094286744489506
1369094286756723585
1008806316580707791
1008806316562435638
1297036692701403294
1008806316556935965
1224979098667253566
864691128478066553
1297036692699954503
648518346354978266
1224979098660110011
864691128472667955
504403158283113675
864691128472667475
864691128472667820
648518346356085767
1224979098660014271
1008806316573153512
1297036692700781017
1297036692699947614
1369094286765679077
1224979098670678325
504403158296314201
504403158281234192
504403158289945865
864691128500741657
864691128500996545
1297036692724605568
1224979098660843335
1008806316547467143
1369094286741749794
1224979098670414178
504403158290067823
1008806316570134793
1369094286746831227
864691128473545774
1224979098661951046
1297036692700397377
1224979098660120590
576460752326261658
1008806316549482104
1224979098663633967
1008806316573160853
1297036692706175332
1224979098670507913
1297036692700779188
864691128472667580
1369094286737300741
1224979098660132118
1224979098676483224
648518346354068882
1008806316580534104
1297036692699985186
1369094286746492965
504403158281518023
1008806316547702326
1369094286750900348
1008806316572960375
1224979098662701550
864691128473532574
648518346369113553
576460752334446042
648518346355022665
1008806316547501944
1008806316553839823
1297036692704631283
1369094286737952313
1369094286737069675
1369094286746531123
576460752319596950
576460752341127274
648518346357919083
1297036692699950841
1224979098667244121
1297036692724749395
1297036692719944833
1369094286740521507
576460752341233190
1297036692703626830
576460752365737930
504403158281253208
1369094286756516491
1008806316547466393
1297036692719820972
1369094286741729098
1224979098661984830
1297036692699953940
1369094286754742343
504403158297589950
1297036692704579631
648518346375831462
504403158283774294
864691128504552830
864691128524122293
504403158287450671
864691128476032983
864691128498149248
504403158285440274
504403158285444248
1297036692719920723
576460752347364107
864691128500707047
648518346354609415
1224979098670696968
1008806316581196575
648518346378990580
1008806316557095776
1369094286737658310
1369094286746602787
1369094286737160346
1369094286750795508
504403158286711207
504403158281703134
648518346354972641
504403158307144415
648518346358832435
576460752317899680
504403158299700301
1008806316555597136
1297036692714722132
1297036692702682345
1297036692699991932
1224979098660120944
648518346369277674
1369094286756620569
864691128478077822
648518346368928700
504403158300476136
1008806316547505924
576460752334085211
504403158306957095
1369094286744423994
1224979098663645554
1008806316547466633
1369094286743194393
1224979098667209438
1008806316553744266
1369094286747103382
1369094286743081452
1224979098660290914
576460752326229481
1008806316547702735
504403158285397219
576460752317374106
864691128479810160
1297036692699947089
648518346361616051
504403158290102003
864691128475146796
1008806316580700424
864691128474154218
1369094286750915960
864691128474170844
864691128472668975
1369094286739013115
1369094286746819516
576460752317578955
648518346354319675
648518346378866391
1297036692724718426
1369094286754876515
864691128524336360
576460752326264126
576460752326416752
1369094286737174972
648518346357842164
864691128504429679
864691128490079863
504403158285421295
1297036692703611650
1369094286737073906
576460752319527697
1297036692700768404
864691128474953571
1369094286737297057
1369094286737300153
1224979098663649953
1224979098660121948
504403158283760933
504403158286711885
1297036692700783977
1297036692714616516
576460752317568832
1369094286737071448
504403158281239024
648518346356777048
648518346378920701
648518346354316536
1297036692701403294
1369094286765480178
576460752326289025
1369094286738432121
1224979098661981922
864691128476032195
1369094286739809374
1008806316547466648
1369094286738752874
864691128472669530
504403158281329486
1369094286737072390
648518346373457700
1008806316555588503
1297036692700483878
1224979098660296749
648518346354309103
1369094286754874756
1369094286739029609
1224979098661943208
1297036692701296571
864691128490657482
1224979098663525648
1297036692702726897
648518346375597378
648518346360189635
1008806316570175062
1297036692700187035
504403158281251985
1369094286760551096
1297036692709489059
504403158281715475
648518346357858674
504403158292707708
504403158281237180
1224979098665919497
1369094286737076908
1008806316547504413
648518346356800437
576460752324376039
576460752324383314
1297036692701392297
1224979098681329373
1008806316547466198
648518346373559952
1369094286737065947
1008806316549376270
1224979098660110866
864691128480174555
504403158283764892
864691128490140358
1297036692706195165
864691128481996742
504403158281519405
1369094286759617131
576460752322921392
1369094286737079083
1224979098663610497
1369094286737176502
1297036692700184327
1297036692702681705
864691128478082240
1008806316573281778
1224979098660311385
1369094286765663805
1297036692699948394
648518346378990580
1008806316553797236
864691128489663089
576460752317373821
1297036692700185912
1224979098666003080
504403158293958917
504403158307015666
1008806316553911487
504403158300509601
504403158285306782
1008806316549519802
1297036692700413190
576460752318857640
864691128476956452
576460752318871724
1008806316555408808
1369094286737300741
576460752365621963
1297036692700181410
504403158282539991
1297036692724463304
864691128478104958
1369094286739082344
1297036692721817188
1369094286737959094
864691128473542829
1297036692699990778
576460752317854646
1369094286737579958
1224979098662830462
648518346378919299
576460752334051721
648518346361618844
576460752318858314
864691128473563211
864691128513058869
576460752321550863
576460752365899390
504403158307041845
504403158282149713
1224979098660291064
1008806316547466108
576460752326401531
504403158282043738
576460752347739639
1008806316562334079
1369094286737161509
1297036692721695483
1008806316547467548
648518346360162776
1369094286741687963
1224979098681963964
504403158281336690
1224979098663641578
1369094286737679340
576460752319491940
648518346354621925
1224979098660119137
1008806316557065016
864691128497988652
648518346368759366
504403158289622633
1369094286737068498
1369094286760312408
648518346354632016
576460752334023870
648518346354975112
1297036692724770578
1297036692700419444
648518346375749253
1369094286740532531
504403158281700259
1297036692702699215
1369094286754907174
504403158282056124
504403158281446002
504403158299713636
864691128472669500
1297036692709971596
504403158281696242
1297036692721815053
864691128479815849
1008806316548328600
504403158283139862
504403158299703050
1297036692721876990
1224979098660623723
1224979098678468675
576460752321655153
1008806316547499712
576460752343772480
576460752320381984
576460752328253373
648518346354988959
1224979098667238548
1008806316552381699
1297036692700797366
1224979098676455610
576460752326250132
1369094286760446883
1008806316547501623
648518346355533197
1369094286737955232
648518346375734332
1297036692731547033
576460752354907176
1224979098660018036
1369094286739810429
648518346354331922
1224979098660629336
1369094286737064654
1369094286738435506
648518346355483944
1008806316570204926
1297036692700773144
1369094286737072413
648518346386813451
504403158285414184
504403158290735836
1297036692731014106
1369094286746751213
576460752321620067
1297036692700177557
1008806316550040070
576460752355059150
576460752321666468
504403158281229691
864691128481944209
504403158290370451
1008806316548876496
648518346363725245
648518346361627899
1369094286754866678
648518346386458405
1224979098660289702
1008806316547712875
648518346354974123
1297036692701880218
1297036692700183122
1297036692721840517
1008806316562531638
576460752344237549
1224979098661975284
1369094286754764206
864691128475740307
864691128481890385
576460752319580294
1297036692699948199
864691128504459186
504403158297599175
864691128472669560
1008806316550238151
1224979098661477612
576460752318356593
1224979098676493423
1224979098660015459
576460752318349615
1369094286750849104
504403158281511103
1369094286737933479
504403158281325108
1224979098687204874
1224979098660306786
1224979098660121948
1224979098661464821
648518346378904259
576460752322807964
576460752320535605
1008806316547947949
648518346373617478
1224979098661464272
1369094286761216969
1297036692704557320
1008806316579878778
576460752317373626
504403158290461950
504403158294063904
1369094286737580563
1008806316548340322
864691128481972829
576460752322768571
504403158281239820
576460752322806020
504403158281518023
576460752318872065
1224979098660021918
1297036692704688275
504403158281228806
1369094286738452475
1224979098665888464
1369094286739027025
648518346373456034
1008806316548892605
648518346354114271
504403158283138383
576460752317376019
576460752334002266
1297036692700410723
504403158293687127
1224979098681795928
864691128473157083
1224979098662818772
1008806316581194565
1369094286759437748
864691128473626103
1297036692719844020
864691128472667985
1297036692699984367
1369094286754737955
1297036692721853971
576460752321585959
1369094286743110900
648518346355481508
1369094286738440456
1369094286737074127
1008806316547714416
1008806316550179322
504403158283122005
1008806316549417852
504403158293082626
1008806316555547062
648518346354643236
648518346373484770
1369094286756455086
504403158282150395
1297036692700868747
1008806316547712720
576460752320549855
1008806316550169296
576460752319523072
504403158300477444
1224979098660291225
576460752318929901
504403158286634879
1297036692699991116
648518346360316231
504403158281517040
1224979098666008729
1297036692719770414
1369094286741731089
1008806316555566775
1224979098676491412
648518346369168421
1369094286737066885
1008806316570365694
1008806316573254598
576460752365621963
648518346354631515
648518346354612716
1224979098676394265
648518346360148151
1297036692701320016
576460752318871724
864691128477079557
648518346356880691
504403158287342519
648518346356076249
504403158287955693
504403158281236772
864691128504997782
648518346357788198
648518346360316231
864691128513010486
1008806316553839823
576460752326258594
1008806316573292782
1297036692703649874
864691128513264564
576460752344009340
504403158285427418
1008806316548901302
504403158297736718
1297036692700794192
1224979098662821091
864691128472670115
1008806316548343834
1297036692702733874
504403158285380285
1369094286737158618
1008806316580069356
1224979098661471048
504403158290191379
1297036692721792982
504403158287594901
1224979098662098262
864691128478196998
504403158281335852
1369094286751380224
576460752347905250
648518346357842717
504403158283154435
1224979098687404039
648518346356074019
1297036692731703359
504403158294384519
648518346363814770
504403158300511410
576460752318880889
1297036692721770486
1008806316547504159
1369094286740513709
576460752324356237
1224979098674355705
1224979098681522118
1369094286756514478
504403158282135741
648518346363543427
1369094286737065294
1224979098660015122
1008806316547466873
1297036692699985259
504403158296162873
648518346354065097
1369094286737064962
648518346358731460
1008806316573259317
576460752334094358
648518346355501571
1369094286737168583
1224979098660122784
864691128504997782
648518346357788198
1297036692704573009
648518346354996645
1297036692719818706
648518346355483811
864691128472669290
1008806316579937946
1369094286754903970
648518346354321258
1008806316555562091
504403158293142625
1297036692719832893
1224979098672706916
864691128478045874
504403158281334915
576460752347547758
648518346354162794
1297036692724590412
1008806316573250598
648518346373457700
648518346354066273
1224979098670502339
1297036692701912596
1369094286737157525
1224979098661950744
1297036692700177323
576460752328061595
1008806316553733393
1224979098662703521
1224979098687061518
504403158282590980
1369094286739712325
1369094286756483508
864691128500766559
1008806316549481560
648518346354996645
1224979098675724870
864691128473540221
504403158306731059
504403158307156256
576460752321670812
648518346378859417
576460752365203915
648518346360192688
1369094286744509383
864691128500765902
576460752324364145
1297036692731096142
1369094286737307450
864691128475857249
1297036692724558496
1008806316547492396
864691128472669845
576460752365156827
1297036692702686446
576460752328065135
1008806316548907462
864691128472669290
864691128512424171
1297036692699947074
1224979098674652044
1369094286737294661
1369094286743084186
1369094286744485342
504403158286764348
1224979098660027711
864691128482001909
576460752341117350
1297036692704686082
648518346354634643
648518346363745979
648518346361638583
648518346386773765
864691128474917956
1224979098661450119
504403158282578014
576460752321505848
504403158283901580
576460752344009214
864691128500770869
504403158292726519
864691128483842582
1369094286737157542
576460752365552400
1369094286754974490
1297036692724760132
504403158283139462
648518346356114833
864691128481890299
1224979098661946851
504403158281717697
504403158306799630
648518346354612421
1008806316573024996
1297036692700419528
576460752317374121
1369094286737942281
1297036692724632368
1369094286737300741
1008806316547942555
504403158281346240
1297036692721657720
648518346378990580
864691128474190189
576460752358533551
504403158283130935
504403158283114906
1224979098663627580
504403158284578504
1008806316562679764
576460752347584628
504403158281705444
864691128483824348
1297036692700420400
504403158283111767
1224979098662679650
504403158296269390
1369094286737165206
864691128474184593
1224979098661465347
576460752324571713
1297036692700479566
1008806316551202723
1297036692731670109
576460752318915340
576460752341291852
576460752334496943
1369094286744457328
1224979098662696004
1369094286746918976
1297036692699952651
648518346363634490
1224979098687076545
648518346361615954
504403158294018912
864691128515389594
576460752321668789
504403158307182441
1224979098662684059
576460752343786126
1369094286759646016
1369094286738436396
504403158286768089
1369094286756576629
1297036692706216392
1297036692704564142
1297036692706319180
1224979098660115618
1369094286756474738
576460752318925390
648518346356092917
576460752334098937
1297036692700782091
1224979098661465687
1369094286754667926
576460752347857158
504403158297719576
1224979098675726451
1297036692707485418
1369094286746489949
1297036692703695656
1297036692715023599
864691128490257068
1224979098678326814
1297036692700174246
864691128501048673
864691128513290433
1224979098678447835
1008806316562665865
504403158281351413
864691128473153831
504403158290244848
1008806316551264798
576460752326410885
1224979098662841206
864691128476035845
504403158296266293
576460752326352953
648518346355507864
1008806316547502944
1224979098676395725
1008806316570121290
576460752344001205
648518346369111062
504403158290098543
1008806316549403156
1369094286756727869
864691128512769976
1008806316552401171
864691128473162279
576460752322799618
1008806316557158118
1297036692699950794
1008806316551208983
1008806316550026276
1297036692703630272
504403158293181068
1008806316548337960
864691128498003640
576460752317581986
648518346357896423
648518346355515983
1008806316547467263
504403158282573805
648518346354066009
864691128504700164
504403158286645900
1224979098667229978
648518346356067426
1008806316547953224
504403158286655206
1369094286746826148
648518346369078040
1369094286750901729
1369094286754878233
1297036692731428304
504403158281704768
504403158281236753
1224979098660111101
576460752318261044
1297036692701939561
1008806316573144779
1224979098676498345
1369094286746511804
864691128481936986
504403158282570135
576460752344017707
1369094286751005231
648518346355501918
648518346373636208
1369094286743080754
504403158282123438
1008806316547467803
1008806316555553283
1008806316550228377
1008806316547705313
648518346379000879
648518346375680648
1369094286756715801
864691128473553986
1224979098660018366
1224979098660297291
1008806316548346609
1297036692699948424
1297036692700407890
1008806316548354976
576460752334286148
1297036692700401520
576460752365918547
1008806316573293419
1297036692714525945
1297036692700765875
576460752324350658
1369094286739707553
1369094286737290181
576460752365456425
1297036692719760775
576460752318310429
1224979098660309754
504403158293599756
864691128473157847
864691128473162279
1224979098660016016
864691128498024949
864691128473607854
576460752317901215
648518346354624468
1008806316553854163
576460752320396511
504403158287477030
504403158297743009
648518346363758478
1369094286751153680
504403158283138814
1224979098676478358
648518346373480157
1224979098660021141
1224979098667263621
1224979098674900319
648518346378711804
648518346356086602
1224979098660301740
504403158285396125
504403158296297002
1369094286739064816
1297036692706252179
1369094286737948182
504403158296287006
504403158281520982
1369094286751670908
648518346354325661
1008806316567916409
576460752355290012
504403158293835790
864691128475739498
648518346386464885
1369094286739027579
648518346355490055
504403158286663842
1369094286741756455
576460752347117205
504403158297762507
648518346375629998
1297036692704584805
864691128511984450
1224979098675169836
1369094286737166404
504403158281451864
1369094286744480611
504403158297739153
1008806316548880850
1369094286760411986
504403158281517611
1008806316551196451
648518346360312950
1297036692701299019
1224979098660617789
864691128478205341
1369094286751767360
1297036692724446876
576460752317902197
864691128472667535
1008806316547703146
1369094286743076489
576460752319516161
864691128500878723
504403158283111299
1297036692699947944
504403158283941151
1008806316570194877
864691128479668517
1369094286737083787
576460752322761074
504403158290646123
1008806316573015326
864691128472668510
1008806316551192388
648518346378716010
648518346354993307
576460752341107976
576460752324416681
1369094286739080471
576460752343846093
648518346354317855
1224979098678329482
1224979098687399160
1297036692724732897
1297036692699950931
504403158304553654
504403158294110164
1224979098667193874
1369094286737938033
1369094286737659076
864691128513126549
504403158293532117
1297036692714690646
1369094286751685550
1297036692699947689
1224979098674355559
864691128497887994
1008806316573111440
1008806316568030453
1297036692719839557
576460752319598255
648518346354617421
648518346375637438
1224979098660124567
1297036692719774469
1224979098687005612
864691128474165257
1008806316568040544
1369094286737657159
504403158287495479
1008806316553751322
1224979098660970913
1224979098660297291
1369094286741608529
648518346355489109
1224979098675156205
504403158296275979
1224979098669698316
576460752320397740
648518346368741817
504403158283135669
1224979098667253912
1297036692719930969
1369094286760279911
1297036692709518062
504403158281697403
1224979098670773674
1297036692719813685
504403158287337390
504403158281245111
1297036692707493353
1297036692704560200
1224979098660016714
1224979098660305085
648518346354170691
1369094286754881675
1369094286737080243
1008806316547708300
648518346355507523
504403158282129470
1224979098664795925
1224979098660298011
504403158283796198
1369094286739021317
1297036692714800478
648518346375595049
648518346355472697
504403158297706143
648518346355018122
1008806316547466978
504403158294062911
648518346357863386
1297036692699994734
1369094286765757243
1224979098660303089
576460752322730540
1297036692700784495
576460752322750686
1297036692701317106
1008806316555403251
1008806316568072001
1369094286751156750
504403158281712601
1008806316547700979
1008806316550028565
648518346354064932
1297036692724709553
504403158294013313
864691128478100904
1369094286742997314
1008806316562286533
1297036692714740695
648518346373499262
504403158299896846
1369094286765667021
1224979098661962872
1297036692700868418
1297036692700783977
864691128483958277
864691128481848618
864691128479842440
648518346356819573
1297036692699946879
1008806316547465838
864691128474155836
648518346355476412
1297036692719949358
864691128498017145
648518346357860756
576460752317374361
1297036692724493461
576460752317585187
1008806316549365909
1369094286737666882
504403158281229766
1008806316552426618
504403158306526389
1008806316547698397
1224979098687016213
504403158300264453
864691128478078919
576460752355742260
504403158281235533
648518346354064602
576460752343836919
576460752347206831
504403158284606105
1297036692731704997
576460752343697878
1008806316570154693
504403158290084769
648518346354320859
1224979098661464201
1297036692702698658
1224979098665985780
1008806316553925481
1297036692707525227
576460752324349615
1224979098660646416
504403158285328089
864691128498116346
504403158281239820
1008806316570051689
504403158281446167
1369094286740544414
1224979098663613418
1297036692700401322
1369094286737065580
1297036692701927794
1008806316547490551
864691128476026457
504403158297890574
1369094286738570919
648518346355491696
648518346354114105
864691128475860498
864691128478177354
1224979098660018570
1297036692719742684
648518346356079474
1297036692700406512
576460752334468988
1369094286751151177
648518346355484686
576460752318349978
1297036692709806397
504403158284586769
1008806316548910293
1369094286739712325
864691128489536551
1224979098687510120
576460752320396411
1224979098676369581
1297036692709433163
504403158297827251
576460752347173346
1369094286765970225
1224979098660029652
1297036692699947419
1008806316579934193
1369094286738434463
1224979098674755020
1008806316547507291
504403158297605007
1297036692714534091
1369094286756482313
648518346354742291
864691128501069168
1008806316547467458
504403158282577225
576460752326300826
1297036692701392406
576460752328086795
648518346358764860
576460752328173965
504403158289639025
1297036692700185890
1369094286741718117
864691128475857249
1369094286754745559
1224979098663633324
864691128478045171
864691128473551672
1369094286737164287
1224979098682099267
1008806316547466363
1008806316552416972
1224979098660021315
1297036692699947554
864691128512324120
648518346378752347
504403158281246485
1297036692724444744
648518346355508318
864691128512161664
1297036692706304570
504403158293772056
1369094286754678403
1008806316568135748
1224979098660023273
1369094286737068583
576460752328257028
864691128523953657
1297036692704565241
576460752317583581
864691128489543098
1297036692706203729
1224979098660013951
504403158281236772
864691128504997782
648518346357788198
1369094286741774681
1369094286754733335
1224979098661086064
1297036692719951096
1369094286740496855
576460752317578212
576460752326407463
576460752347592786
864691128478163309
504403158282561323
1297036692724485169
1369094286743117428
1297036692721828029
504403158281342811
1369094286737934543
1297036692724900242
1224979098661464594
576460752343970982
1008806316568126292
864691128475733425
1008806316555584358
504403158285308774
504403158283901075
504403158297605007
648518346363849890
1224979098678374142
1224979098674761571
1224979098683590943
1297036692731249760
648518346375538872
576460752322780760
1224979098667207156
864691128479806080
648518346355992539
648518346354308883
864691128479858720
1297036692700174892
864691128501033490
576460752317570115
1369094286737066568
1224979098675178816
864691128479701830
504403158283111810
864691128478091725
504403158296266293
648518346363851717
504403158283773973
864691128504717033
1297036692721751810
1297036692732034339
1008806316549410748
864691128473166962
576460752317374706
1224979098660293142
864691128479889202
648518346375886162
1224979098662708164
648518346354113112
864691128483967790
504403158281448405
576460752347648832
1369094286739814268
1369094286737066802
1297036692701385511
576460752318344201
1369094286767173010
1297036692721660371
1369094286739726223
504403158283129953
1297036692703636686
1297036692731795939
864691128481830413
1224979098676506604
1224979098676494684
1297036692699950740
864691128500737827
504403158283925939
1369094286737652539
504403158296168610
1224979098670518261
864691128483928952
1369094286760159935
1224979098661478703
1297036692700409995
576460752347687173
1224979098682045328
648518346354324277
1008806316548355702
1369094286760183137
1224979098687494371
576460752320532289
504403158281240803
504403158282549384
1297036692721844211
1369094286765889549
648518346356783276
648518346355508902
1369094286737658748
504403158282551586
1369094286738455632
504403158297616097
864691128474145195
504403158282127504
1297036692701321343
648518346363728828
1369094286754777693
1008806316552440385
576460752355412955
1369094286760271483
1008806316562328689
648518346355501089
1369094286751685550
648518346354982859
864691128524308104
648518346357848227
504403158281514380
1369094286742995438
1297036692701879918
504403158300359732
576460752324951794
1297036692703610304
648518346375626154
1297036692719962620
1224979098670290075
1297036692699995875
1369094286737950449
1224979098660110011
1008806316553830385
1224979098663651133
1224979098666027961
1224979098660626278
648518346355514738
1297036692701388082
576460752344000792
504403158283122251
1224979098661951091
576460752341304174
504403158281719021
1224979098674749874
1008806316551192368
576460752341177908
576460752321635462
648518346354621991
648518346356882759
648518346363667743
864691128473160658
504403158293888670
1224979098660021268
864691128474178445
864691128476981177
1297036692699952418
648518346363593432
504403158289487769
648518346354999873
648518346357898428
576460752328273719
1008806316570113731
504403158283135959
1369094286754739521
864691128474906951
1224979098676352817
504403158284605711
576460752318933177
504403158283943169
504403158283801880
576460752347528533
1369094286737082664
1224979098661946169
1224979098660109516
1369094286756563305
504403158306702599
1369094286737162801
504403158307015411
1224979098678158255
1297036692719891956
576460752318350184
864691128476893927
1297036692703674831
576460752321576436
504403158281337333
504403158283137725
504403158281445580
864691128504534317
1369094286751118952
1008806316549401460
1297036692700417344
576460752322910293
1369094286739822904
1297036692703691619
1297036692707649123
864691128476908798
1297036692701874854
576460752321637611
1369094286738444848
1008806316555553283
648518346361708221
1369094286746517337
504403158286755691
1369094286741745929
576460752328292535
648518346378984888
648518346354166525
864691128497891118
504403158281710207
1224979098666035217
1224979098660297314
504403158297595867
504403158282555816
1297036692699993030
1297036692719897094
1297036692719787335
1297036692699947614
1297036692731829555
504403158306903456
648518346354064677
1297036692700168858
1369094286737075472
1008806316547466318
1297036692704719021
1008806316547962864
1224979098660299932
1297036692700789296
1224979098674767543
576460752320499037
1224979098681971420
504403158282054859
504403158282156092
1224979098660020725
864691128512198971
648518346354993903
1369094286756611083
1369094286737070980
648518346354630395
1224979098660613992
576460752324532037
648518346356797405
1369094286749016280
576460752317920710
1224979098660300075
1369094286741687818
1224979098678249528
1369094286754739521
1297036692702705259
1369094286756607526
504403158282550040
1224979098661964276
1369094286744408496
864691128511984450
864691128498003640
1008806316547714374
1297036692707526178
1297036692703690899
1224979098675180622
1369094286739077260
1297036692700794932
504403158307161250
1297036692699950824
648518346354615957
576460752318349978
576460752341267810
576460752322760151
1008806316552452374
1008806316562474119
864691128481974705
1369094286738448097
648518346368756362
1297036692701913046
648518346354973112
1369094286740535239
1008806316555653680
1369094286741615462
1008806316568103023
1008806316550033155
1369094286739678869
1224979098660016684
576460752318354052
576460752343780482
504403158287488860
864691128476977049
864691128478206204
1369094286766054715
648518346357897853
1224979098660110771
864691128500886394
1297036692700405865
1008806316555640965
648518346386371261
576460752317339425
864691128472668000
504403158283886904
1297036692700409908
1369094286738444707
576460752317848220
1224979098687395417
1297036692700775936
1369094286737956131
1369094286737167664
648518346355508371
1224979098667229141
1369094286754664922
504403158285321834
864691128525044324
648518346355041939
648518346375702075
1369094286737651789
1224979098660036699
504403158283131605
648518346363847383
1297036692700912731
1369094286739084952
1369094286741742466
1008806316550235327
648518346363699359
648518346369107139
1224979098663654146
1008806316567908515
648518346356064396
648518346355619784
864691128498230816
504403158283140844
504403158281515752
1297036692701917342
1008806316547465373
504403158307041845
648518346356075910
1297036692707676791
1369094286737077225
1224979098660291064
1224979098660618784
1008806316550219801
1297036692701913824
576460752355459191
1297036692699993108
1369094286748560864
648518346378990097
1369094286744446807
504403158289485777
1297036692719838975
1224979098661954176
1008806316555643663
1008806316547958805
1008806316553922123
504403158289694367
1224979098675702335
1369094286737079195
1297036692704587798
504403158307156256
576460752341290721
1297036692699954158
864691128489486410
576460752318342838
1297036692701915513
1369094286756581697
1008806316547698554
1297036692719757296
1224979098686974624
576460752318915518
504403158281446566
1369094286737672158
504403158289945865
504403158287501537
1008806316548863753
864691128481979346
1297036692706156831
1369094286746796268
576460752321616614
648518346369138368
1297036692702795274
1224979098662707505
1008806316557197526
864691128501030577
504403158284580846
1297036692721674241
648518346375811640
1224979098660311385
1297036692701912799
1297036692701302994
1369094286737067195
1224979098660293613
1297036692724884880
1008806316568103120
1224979098674514965
648518346355487947
1369094286765897880
864691128475136541
1297036692700768885
1297036692714631660
1008806316552417854
504403158281444919
1369094286757248033
1297036692724662041
648518346368776906
1008806316572953603
864691128478049139
1297036692703670959
1369094286746487230
648518346361669676
1008806316556935965
504403158287404878
648518346363872030
864691128472882970
504403158307156389
864691128483964594
1224979098660306840
576460752333955403
1224979098663647140
648518346363893426
1008806316547703928
648518346368832552
1008806316550238565
1008806316547465253
576460752347745502
648518346361703615
648518346355475226
1224979098687130445
504403158284518052
1224979098667368704
1008806316547949000
1297036692721750425
1224979098663628162
1369094286737087566
1224979098660300499
1008806316550228586
1224979098667262457
576460752317403124
1297036692699978410
648518346356096167
1369094286741719694
864691128504429440
504403158284605138
648518346386747853
1369094286756647906
576460752347740866
1369094286739031698
864691128512093331
1369094286746507182
504403158283113675
864691128512942857
504403158285307641
1224979098667208394
864691128482000793
504403158283128073
504403158296314201
648518346386755924
576460752343977447
504403158286757263
1008806316562505771
504403158286650824
1224979098660302941
504403158286748510
504403158282148922
1369094286737955735
1224979098676363341
504403158300274776
1224979098678475515
864691128489899692
504403158285400155
1369094286739015554
1369094286756622221
1224979098678344607
1297036692700791359
1297036692731499801
504403158282568532
864691128497866337
648518346355494189
576460752321505535
504403158294065100
1224979098674905563
1297036692709411047
1297036692703626010
576460752317375509
576460752317374436
504403158306799630
864691128479676712
1224979098670319079
1224979098674624552
576460752328078132
648518346363550847
648518346386591106
1369094286750867549
648518346354316691
1224979098660628882
1369094286744420430
648518346361625539
864691128473625022
1224979098662681207
1297036692707656537
576460752320396841
1224979098664804558
1224979098678458140
864691128479915698
1297036692699954158
648518346357888265
504403158286749645
1369094286740513657
1224979098660957611
648518346356063245
648518346354165126
1369094286737066719
1224979098660024958
648518346364012220
864691128489470044
504403158290086705
576460752324440450
1297036692700180250
648518346373501449
648518346354308939
1369094286739826354
504403158296314201
576460752343889317
864691128474193996
1224979098670183885
504403158284609291
648518346361631287
1224979098674620433
1297036692704610622
1224979098666032509
1008806316548898269
504403158281339787
1224979098681626894
864691128476931073
864691128500733041
1297036692700176923
1297036692700799656
864691128473545774
1224979098664835563
504403158281241321
576460752317375539
864691128474178845
1297036692699979622
1224979098662830293
504403158287454955
1224979098676467263
1008806316551203814
864691128472669080
864691128497877979
576460752322822894
1297036692701882594
1008806316548346499
504403158297731839
648518346373559999
1297036692704577200
864691128515347445
864691128500802617
1369094286744457574
864691128478095693
576460752317567773
1369094286744475990
1369094286737946336
1224979098660634135
504403158283796855
648518346354611348
864691128479684815
504403158287347792
864691128475707389
1297036692701300070
648518346357848623
1297036692701934812
1369094286737577899
1224979098662674957
1297036692701303546
1369094286760397612
1369094286737295560
1008806316547466978
1008806316567893065
1369094286751519138
1369094286743011171
1369094286741605399
864691128478050578
864691128483949769
1297036692703667563
504403158287466092
576460752357020130
504403158289641131
1224979098660306211
576460752328189980
1008806316547504549
576460752328250781
1224979098669600403
1224979098665893236
576460752343829245
1008806316557072837
1369094286739014094
864691128513093527
504403158281229376
504403158281698797
1224979098670428005
1224979098676503166
1008806316557208215
1008806316551204069
1008806316580658443
504403158282570135
1297036692700191615
864691128479680695
1224979098664968551
1369094286737074321
864691128472669485
648518346354313213
504403158282573928
1369094286738446861
1369094286738445018
1297036692700181098
1008806316555597136
1297036692709792000
576460752317910574
1297036692701316352
576460752355263257
504403158285416759
648518346355622216
1369094286765428135
864691128504596840
1008806316547489694
864691128497878935
1224979098662705568
648518346373630517
1224979098660959998
1224979098662707622
1224979098660629167
864691128472667475
864691128472667820
1008806316570124399
1297036692731239284
1224979098665885404
1224979098666018565
1008806316549498531
1297036692702694361
1369094286754868097
648518346358877370
576460752318917794
864691128474976016
504403158284582453
648518346361702992
648518346361631111
504403158281339551
1369094286754737713
1008806316555551280
504403158297570845
1369094286756472373
864691128473154284
648518346386493727
1369094286744489506
864691128513075766
576460752343999584
1008806316550138710
1224979098665898314
504403158285421219
1008806316573457269
1008806316547473374
1008806316548351075
1297036692704882185
1008806316555604941
576460752365152025
1369094286738465834
1224979098667203673
504403158290203577
576460752322891209
1008806316547710199
1369094286737070321
504403158281234192
576460752343935168
648518346373484770
648518346355995772
1224979098662833223
1008806316573444059
648518346361672521
504403158301513619
1369094286737157525
1224979098660109822
504403158284598015
1008806316548879930
648518346354068587
1224979098660311911
1369094286737080073
1369094286755149674
576460752343829245
576460752365457246
1224979098660291168
1369094286743087051
1297036692699952930
576460752321611457
1297036692714846897
576460752322823639
1297036692700172454
1297036692709968340
1224979098670695644
1297036692731229234
864691128504668139
504403158285419012
1224979098661078709
1224979098674627548
576460752324564873
576460752322899922
504403158307070262
648518346354308258
1224979098666019096
576460752347699789
1008806316562498519
576460752317375854
648518346354324160
1224979098661607953
1297036692721656147
504403158282142287
1297036692700403408
1369094286754742486
1224979098678323833
504403158286644517
1224979098676508703
864691128512395114
504403158281237506
576460752318870164
576460752317374421
1008806316562492231
864691128501069344
864691128475139384
1297036692702731664
504403158281708348
1369094286737807088
1297036692719755589
864691128483945399
576460752328061595
1008806316553733393
1297036692699978410
648518346373457700
1297036692704587309
576460752365258275
1369094286737297437
1224979098660025948
864691128481892174
576460752330944011
1369094286756723585
1369094286737069093
504403158281512506
1369094286751531565
1224979098664569272
1224979098661480100
1224979098674761571
504403158285444536
1369094286755351638
1369094286765457500
1224979098676381688
648518346373587530
648518346358865797
1369094286751481507
1369094286754797314
864691128504737101
1297036692710002204
1008806316547500273
1224979098661468097
576460752347505049
576460752328126968
648518346368912136
648518346355513779
1224979098660035648
864691128500996545
1369094286737070054
1224979098670668685
504403158283903776
864691128504463123
1369094286737942860
1224979098676489390
576460752343684720
648518346369128694
1008806316570152910
576460752347529137
648518346354973813
1297036692700171238
1224979098676391127
1297036692706175332
1369094286739063605
1369094286757506609
1369094286737306317
648518346373460697
1224979098678369129
504403158286721478
1008806316580664937
1369094286737672929
576460752343783001
504403158289919215
1297036692700188921
1369094286744419506
1369094286741696067
576460752322924454
1297036692699953039
1008806316547506280
1008806316550250804
1297036692700800124
504403158286737772
504403158285308774
504403158281339004
576460752320459955
1369094286760634312
504403158284511147
504403158287444672
1224979098660110011
864691128472667955
648518346358728141
1369094286740514450
1369094286737664582
1369094286737959558
1224979098661468097
1297036692709699420
1224979098670414178
1297036692703686838
576460752341196595
1008806316549481118
648518346363875706
864691128501083043
576460752318309616
576460752347398699
1224979098660304319
1297036692719755589
648518346356781794
504403158283896075
1369094286738445950
1369094286746646292
1369094286754742486
1297036692704887513
1297036692707623486
648518346361626018
1008806316552506402
1008806316552407115
1224979098661968454
1224979098661460038
648518346357900625
1008806316580567909
1369094286754669521
648518346355487609
1008806316547506582
1008806316551271025
648518346356087142
1369094286751525792
1224979098663633290
1369094286756661528
576460752320537422
1297036692699947224
1008806316553836117
1297036692707625728
1297036692704545422
648518346363881549
864691128524198781
576460752326365960
1369094286740423996
1369094286739072808
1369094286765925725
576460752328089586
648518346355495321
576460752328195817
1008806316562514997
864691128484181543
504403158283795415
648518346354972298
1224979098675060787
648518346361730317
1224979098665997611
504403158281716858
504403158281229436
504403158282133493
1297036692719818286
1369094286760466482
1297036692709974082
1224979098670520628
1369094286740494086
648518346354068494
648518346361647902
576460752328183683
1008806316555569209
1224979098664718993
1008806316549370929
648518346368793470
576460752326358008
504403158282554311
576460752317373656
1297036692700413750
1224979098670405035
1297036692719922475
648518346373601313
504403158285390128
504403158293783426
504403158281239465
1369094286756474287
1297036692700168255
576460752347723695
504403158282149713
1224979098660030631
576460752317373716
1008806316547944097
504403158287818312
864691128504786480
1369094286737659076
864691128513126549
1008806316573079968
1369094286737949041
1297036692721673491
1297036692701899362
1224979098660765926
1008806316551184002
504403158282548571
504403158287396124
1008806316580779549
1297036692700783487
1369094286741751314
864691128483867000
1369094286741606058
648518346358882458
1369094286759556396
1369094286765848325
648518346358877370
648518346354997954
1369094286737297694
1369094286765679077
1224979098660634803
504403158281236250
1369094286737157438
1369094286741618435
504403158306820949
1224979098676382244
1224979098682098686
576460752318322894
504403158284517109
648518346368952005
1224979098664826940
1224979098660118853
648518346354982791
1224979098661466608
1297036692714701818
1297036692701314814
1008806316549481753
1297036692701912596
1224979098661985593
1224979098661484019
1008806316557188624
1224979098660020653
1224979098661968031
864691128475750890
504403158287495171
1297036692724714547
1369094286737293868
1008806316580671279
1297036692724605568
1224979098660843335
1369094286741749794
1224979098662839919
1297036692702691783
648518346363570144
864691128476978520
504403158281710124
1224979098661967519
864691128504585300
1008806316573419525
1224979098687774340
1369094286761216648
1297036692714546596
1297036692700409774
504403158281452970
864691128478165486
648518346357790462
1297036692702607791
1008806316573041630
1008806316567959527
1008806316573206257
1008806316550197961
1224979098674744235
864691128478066553
504403158301218709
1008806316547958533
1297036692701912596
576460752321707518
864691128504997577
1008806316555646737
1297036692719839557
576460752318344924
1224979098660111857
648518346356799184
504403158284593882
1369094286737660830
1008806316552449947
504403158299683429
648518346378760903
576460752341292696
1008806316570097962
1224979098660306211
1008806316557072837
1369094286740425905
1369094286751224783
1369094286737659076
504403158297731839
864691128479680695
864691128472668090
864691128472668825
1297036692699948724
1369094286757510252
504403158284789242
864691128472669905
504403158289485777
1297036692707656537
648518346363864317
1008806316570124399
1297036692704577200
648518346357888265
1224979098660628942
648518346356085767
1369094286756650226
1008806316549372795
504403158296245061
864691128489486410
576460752365152025
1369094286746611735
1369094286756581697
1369094286754738249
648518346354165126
1008806316550199671
1369094286765543675
1369094286765848325
1224979098660018769
1224979098661455697
864691128489470044
1297036692707574146
576460752328126968
1224979098661478215
1369094286765972841
1369094286739707927
1008806316547467143
1369094286741749794
576460752343889317
1297036692701409988
864691128474193996
504403158281327351
504403158281337047
1224979098678437058
1008806316551202347
576460752317373791
1008806316555584358
1369094286743088244
1297036692714717463
504403158281330127
864691128504600554
1008806316562658377
1369094286765628957
1224979098660628942
1297036692709647307
504403158299780723
504403158301142266
1369094286741596610
1297036692699947614
1369094286738443570
576460752328090813
1008806316550228511
504403158281337047
1369094286744436882
504403158294138465
1008806316555810249
1224979098660014371
864691128474149561
864691128481849600
864691128513266479
1224979098662839376
504403158285387893
1369094286737651514
1008806316549410748
1297036692700184094
648518346354319851
648518346354624468
1297036692724975526
1224979098660033234
504403158297727625
576460752317375231
1297036692706198963
1297036692707489607
1297036692719927110
576460752341139711
504403158281706596
576460752341220993
648518346375825687
1297036692699948694
1297036692700767818
648518346360278785
864691128504607742
1008806316547466588
1297036692699954503
1224979098664705720
1297036692719963100
576460752322825873
1224979098660114408
864691128475997415
504403158307063700
576460752317375381
1008806316553683211
1297036692701935569
1297036692699952833
504403158284615774
648518346386743547
864691128523917441
576460752326204700
1224979098678480699
1224979098681692582
648518346373623779
648518346356795971
1369094286737076766
1224979098686849417
648518346361671136
1297036692731724314
576460752365909090
576460752322723501
1369094286739674577
1008806316567928500
1369094286751485771
504403158290312799
1369094286746604881
576460752343667708
1008806316567887483
864691128483977763
1369094286765840075
576460752326356357
1008806316568067264
576460752318871011
1297036692701306400
1224979098665896679
1297036692699986255
648518346358833002
648518346354980667
1297036692700177959
576460752318862323
1008806316548869046
1224979098676370234
1369094286739680913
1224979098663638737
1369094286741735891
504403158281336690
504403158286714758
1369094286739737205
1369094286739695457
504403158281232981
1297036692719893245
504403158287465415
648518346354642708
504403158282550584
1297036692706206856
1297036692709870925
864691128478187005
648518346354970631
1369094286754968835
1369094286751118847
1369094286746528756
864691128483832024
504403158285326883
1369094286744421607
864691128479696050
504403158285422940
1369094286741610798
1297036692699985186
864691128523814002
576460752322807964
648518346386750860
1369094286759938352
576460752321624827
864691128498173984
576460752341038710
648518346356091339
1224979098660946570
1224979098664792870
504403158281329047
576460752334287865
504403158293881438
504403158281709033
504403158296162344
1369094286746736547
1297036692701406634
1369094286750795508
1369094286738450445
648518346373621458
504403158294045137
1369094286743095078
1224979098660617100
864691128497852023
576460752321668789
1224979098675408451
576460752322733887
1369094286738433158
864691128483820839
1008806316548313736
1369094286746749390
576460752319504762
1297036692707674632
504403158281706901
504403158296298066
1297036692719774469
504403158282056752
648518346356880553
648518346356770090
1008806316555596483
576460752365946459
1297036692715018579
504403158281518023
504403158282134152
864691128481947441
1369094286737074062
1369094286737299485
504403158299723084
1369094286750908764
648518346355485943
1297036692700781759
576460752317911561
1224979098662822990
1224979098661473392
1224979098678477321
504403158286723639
576460752347121836
648518346373492030
1297036692719789734
576460752319576521
504403158287496985
648518346378833600
1297036692700418867
648518346375678408
648518346358745338
1297036692704596908
1369094286737951966
1224979098660411496
648518346354610206
504403158297621942
1224979098669727567
576460752322935034
648518346354608376
1369094286754802471
504403158286739171
504403158301138994
1008806316547699154
1224979098660037002
504403158297827251
1369094286756496604
648518346373755566
1008806316557155776
864691128483935063
576460752322786863
1008806316555640965
864691128476904674
1224979098667207765
576460752317852132
864691128513050940
1369094286756621200
1224979098676385335
1008806316562332070
864691128477030520
1224979098669691063
576460752326250281
576460752320461857
1297036692731569185
1369094286746828305
576460752318868686
864691128512383634
864691128481853691
576460752354548338
1224979098678435113
864691128473154284
1369094286741755980
864691128474200017
864691128489847921
1224979098681964577
576460752317374826
1297036692700177959
1369094286737667040
1008806316547465328
1369094286746819194
864691128475099972
1297036692700786371
1297036692703668930
504403158283780074
504403158286760569
1369094286738451782
1008806316547947510
864691128472669245
864691128476029279
504403158282573104
864691128489542384
1008806316549376007
864691128476977049
1224979098661966685
1224979098687403304
1369094286737295577
576460752343954781
648518346354629690
648518346373545798
504403158287412297
1224979098664830609
1008806316557183284
1297036692701402751
1224979098663645554
648518346356789299
576460752322827614
1297036692709514747
576460752334446042
576460752324330586
504403158307365164
648518346354318558
1369094286737949561
504403158281235146
504403158306527376
1008806316555624391
864691128475708640
1369094286737070028
864691128472668630
576460752317376139
1297036692700173926
1224979098678240098
576460752343945157
576460752333596557
648518346364007508
576460752322766780
576460752319592167
1369094286740423087
864691128477029653
1369094286744452456
1224979098660116887
1297036692701880972
504403158289938373
576460752343873351
1297036692731919553
504403158281703533
576460752347366367
1297036692699947389
1297036692724607250
1224979098660027592
1224979098660959001
1297036692714479340
1297036692721839563
648518346354618857
648518346373471904
648518346355495321
1008806316562521051
1369094286756473549
1224979098661958619
576460752317583960
1297036692699946654
504403158297724172
1297036692719948839
1369094286738440369
1008806316552401171
864691128478153931
1008806316547962567
1369094286743202834
648518346357919940
1297036692700184956
1369094286740516470
1224979098660297314
1224979098667210569
1224979098676484673
576460752320397555
648518346355490435
864691128481861692
1369094286746775521
1297036692700180979
648518346364119097
1224979098668082022
1008806316547493765
648518346356100486
864691128478060887
576460752324347640
1369094286765524090
1297036692700417961
504403158290248982
648518346379000879
648518346378877180
504403158297773178
648518346373546286
1008806316570112079
1224979098676371304
576460752319505686
504403158297776472
1008806316548865293
1297036692699952371
1224979098670290075
1008806316580803593
1224979098664804558
576460752328104637
648518346354624930
504403158281345020
1008806316549483927
504403158282553170
504403158285320976
864691128497928023
576460752328074157
1224979098664794371
1224979098660977213
648518346354319992
504403158285429578
1008806316580268000
1224979098660023762
864691128478058999
504403158299764915
1369094286747049541
576460752321677036
1369094286743188697
1369094286739014401
1224979098661482999
1008806316556966956
1008806316547701650
648518346354164458
1008806316555418826
1297036692706246620
504403158299945602
504403158282132522
864691128475705789
504403158281232503
1369094286737658120
504403158282555300
504403158282574662
864691128501016242
864691128475853586
576460752318354052
1369094286737082260
504403158285466276
504403158307416190
1369094286737582227
1008806316547961122
648518346354327212
1008806316552433540
1224979098660958321
576460752322811706
648518346357860334
576460752347114066
648518346354975040
504403158285435218
1224979098676342953
504403158281337948
504403158281345020
1008806316557087859
648518346368661432
1297036692699953749
1369094286756479503
576460752324391705
1369094286740512557
864691128472877182
576460752328060667
1369094286737933764
1297036692701388082
648518346355505371
864691128497907594
504403158300262217
1224979098678261152
1008806316547507563
1008806316573206190
1008806316553973978
1224979098674689262
504403158289944120
1008806316547466393
1369094286754748446
1224979098660125307
1297036692700194299
864691128523837728
1369094286754742343
1224979098660024257
1297036692699947779
1297036692707634855
1224979098662688981
1369094286744463923
1297036692709986165
864691128489668598
1297036692724473950
576460752354720272
504403158281696356
576460752334231397
1224979098676456619
1224979098661966685
1297036692704605402
1297036692703609094
576460752334219058
1224979098660016714
1008806316552520332
1297036692704700634
864691128524325591
864691128474177425
648518346354165126
1297036692703685887
1008806316548328752
648518346354974310
1297036692709559053
1297036692714638921
1224979098661964226
648518346386375843
864691128475857249
504403158281237521
864691128476035845
1369094286765726469
1008806316555574210
1224979098662676611
1297036692706233055
864691128483920272
648518346375814860
504403158292645389
504403158281521437
648518346373459678
648518346373882938
504403158290197092
648518346358859245
1008806316552392537
1224979098678446614
1297036692724717555
1224979098669704005
1369094286737077958
1008806316573049520
504403158283893641
576460752326418242
648518346355000112
648518346375550713
1369094286759612205
648518346379366513
648518346356794182
576460752320440001
1297036692721792867
504403158283152188
1369094286737293434
864691128476877170
648518346356773300
576460752321635287
648518346354065082
864691128524886045
1297036692719971728
1224979098660016699
1369094286760466508
1008806316549337947
504403158299689611
1008806316550218323
576460752348070125
1297036692700188179
576460752322811706
504403158297575702
864691128479952486
504403158301107346
1008806316547701147
1008806316553757416
1369094286765459565
1297036692706194972
504403158281449226
504403158281446315
1369094286740521507
1297036692714899286
1008806316548318769
504403158282044243
504403158281702653
1369094286737298660
864691128472670070
1369094286744420788
1224979098660015823
1008806316549368464
1297036692700870031
1297036692702729112
576460752334228227
1224979098663525515
576460752318858575
648518346355500640
1369094286739089165
1297036692699946849
1224979098661957113
1224979098663650541
1297036692724610082
1297036692721827543
1297036692700418867
1369094286751377254
504403158307182441
648518346373593942
1224979098661454456
576460752354804865
1369094286737069719
576460752344030267
504403158287460796
1224979098670431947
648518346378721346
504403158286722992
504403158300612887
504403158284598626
576460752319599204
1224979098666034392
648518346360166363
1369094286746756628
648518346358718012
1369094286744462854
1369094286751468119
1369094286738443191
1369094286737298238
1008806316580296239
1297036692701312032
1369094286744415286
648518346356115881
504403158282139196
504403158281334968
648518346355473967
1369094286737166509
1224979098664794349
1297036692706318937
576460752347105916
1224979098663525648
504403158281230021
1297036692719813644
864691128478035956
1008806316548870676
648518346363689970
504403158293641957
1224979098660631958
648518346354064797
504403158290184087
1369094286754758204
1369094286760299760
1224979098681706250
1369094286737650770
1224979098660973590
1297036692700182488
504403158282555816
1008806316570108589
648518346355507523
864691128500880587
504403158281697236
576460752324494406
1297036692700177699
576460752326410885
1369094286740556154
1369094286743000224
576460752324364145
504403158282140148
504403158281709337
864691128513021579
1369094286746531123
648518346355490132
1297036692709781108
504403158285308739
648518346373456735
648518346354997899
576460752324287787
504403158297590122
1008806316548331562
864691128500895967
1224979098678441425
504403158285321834
576460752344004482
504403158297626543
1297036692709643336
1008806316570050837
1008806316552447839
1008806316562609720
1297036692704600710
1369094286765977963
1369094286737064841
1008806316552456679
1224979098674968440
1297036692709810377
1008806316562640458
1224979098660024272
1297036692701920603
504403158281713448
1224979098660015074
1224979098660306477
504403158281329244
1369094286759646151
648518346379035062
1008806316557046617
648518346355994818
864691128481954374
576460752317578654
576460752341127323
504403158281340633
1224979098681522162
1224979098666003080
648518346360159942
1369094286737068467
1008806316568103505
648518346354633343
1369094286738463161
504403158297572817
1008806316553682557
1369094286737070274
648518346354637697
648518346355471518
1224979098660016176
648518346355469577
576460752326224433
504403158297639121
1224979098675092024
864691128489542384
576460752317373566
504403158282573346
504403158287488860
1224979098660961402
576460752365191085
504403158296715333
864691128475949914
1369094286737174725
1224979098670442219
864691128512288472
1369094286737170298
648518346354611315
864691128483926479
504403158289935570
864691128501017376
1224979098687061518
864691128479819069
864691128498171409
1297036692707586146
576460752326387081
576460752347587809
1008806316547964608
864691128504698956
1008806316553839219
504403158297742598
504403158287396063
1369094286744463923
1224979098660966444
1297036692700868418
576460752322903441
1224979098676498411
1224979098660025337
504403158281229976
576460752326282008
1224979098661207134
1224979098687729254
576460752324439955
1369094286751993720
648518346378486616
1008806316557160600
1297036692703632086
1008806316573121608
1297036692700414326
648518346354321328
576460752359105892
504403158300372811
504403158282132894
1224979098678186223
576460752347286336
1297036692700178905
1297036692719970805
1369094286740816415
648518346375747497
504403158281336028
576460752347833631
1297036692731240744
1224979098670684363
504403158282549423
864691128472668000
504403158299793685
648518346355502811
504403158290273937
576460752319595955
1297036692710032619
504403158281247844
1008806316547713953
1008806316567852958
1224979098687061518
1224979098670638831
1224979098661193414
648518346368756362
1297036692705032934
1297036692704565241
1297036692701913046
1369094286737162606
648518346357848927
1224979098660212583
1008806316557096142
864691128525420537
504403158281813401
1297036692721693773
1224979098660014707
1369094286739096870
1369094286765796332
648518346354973112
576460752317580542
1369094286738461874
1224979098660022188
864691128504429679
864691128490079863
1369094286740535239
1297036692706226136
504403158290086723
1369094286759646151
1008806316555653680
1369094286744447509
1008806316557046092
1369094286737160224
1369094286756635647
648518346354346813
504403158296267552
1369094286737943484
1369094286741615462
1008806316568103023
1369094286737579519
1224979098687314230
1369094286750848636
504403158282575769
1369094286739686946
504403158296256772
1224979098662696137
1224979098681909871
1008806316553739742
576460752319434338
1224979098661964644
864691128479818072
504403158286726653
864691128473169618
648518346360148563
1297036692709661993
1008806316570036619
648518346356110137
504403158282136324
576460752324485055
576460752326229013
648518346360155255
648518346363699015
1369094286737300874
1224979098663527169
576460752328229248
864691128474195389
1297036692704603320
648518346354638504
1224979098660132118
648518346356066171
504403158285389703
576460752321599710
648518346357790893
1297036692707647426
504403158296298262
1369094286761216969
648518346375850613
504403158281238507
1008806316562621901
864691128476962563
1297036692714717463
1224979098662704107
648518346361639959
1297036692701885833
1369094286740423231
1224979098675724870
576460752347122861
864691128478153931
576460752322731879
1297036692701402751
1297036692700779319
576460752341097651
1297036692702691608
504403158281243337
1224979098660123016
1224979098661953958
648518346373607470
1297036692703682678
1224979098665990163
1297036692701955600
1008806316547713220
648518346355465269
576460752320489788
1008806316548354565
648518346360208158
1008806316548332240
1008806316555550646
1008806316547467578
1297036692701908210
864691128475947308
1369094286750904780
864691128472668285
576460752341090114
864691128475727881
1224979098661084528
1297036692721788741
576460752321598094
1008806316548878623
504403158283888322
504403158286736053
1369094286743013980
1224979098666012920
648518346361695874
576460752320467609
648518346360215380
864691128504454823
1369094286756473549
1008806316548889881
648518346375591362
1297036692699989053
504403158286762166
504403158296280028
504403158296310657
864691128472670310
1297036692700401682
1224979098661964754
504403158286755392
504403158286768089
504403158287445408
1224979098660622843
1297036692706317009
1297036692700396716
864691128501037713
504403158290002374
1008806316547706050
648518346356064396
1008806316570108326
1008806316573024167
576460752341207491
1008806316547465613
1369094286751688791
504403158297740203
1224979098664793853
864691128478187901
864691128489610269
576460752324554792
648518346360218138
576460752347572492
1369094286741738412
1008806316557020344
1224979098660122147
1224979098661957828
864691128497892066
1297036692700418884
1369094286737944785
1297036692731630995
504403158281713963
1224979098660022188
864691128472669050
1008806316579797104
648518346357871551
1008806316548889508
648518346354065717
1369094286737300153
1008806316562610103
648518346354997037
648518346356807990
1008806316568103505
1224979098660018522
1369094286741741636
864691128489942638
648518346361695874
1369094286760318374
1008806316580097493
1224979098667214520
1297036692719783033
864691128479803174
504403158294055965
504403158290206474
1224979098661473826
1008806316570101280
1008806316573223255
1369094286737079908
648518346358735381
1369094286739710931
504403158307032790
1008806316550034451
1224979098681577887
1224979098660110771
576460752334097321
864691128472667955
1008806316551267576
1297036692699948589
1369094286756390520
504403158281337198
576460752321632205
1369094286739082207
1369094286750921999
576460752317375584
504403158285443935
504403158285309776
648518346354635353
1297036692700178824
1297036692699953054
864691128474909917
576460752333596557
1369094286754791365
1008806316547501735
1224979098667357213
1224979098661488150
1369094286737940697
1224979098660618980
1369094286737084373
576460752343829245
1224979098664707537
864691128500805281
576460752320470972
504403158290087533
1224979098660619623
1224979098660618784
648518346358833560
1008806316555730616
1297036692709936858
504403158293636350
576460752322826012
504403158283143207
1369094286754739521
1008806316550157223
1297036692702605841
504403158290225750
576460752317403837
1224979098660015059
1297036692721854201
1008806316547507600
1224979098681918471
648518346354110863
1224979098682037065
504403158286762301
648518346368650464
504403158287453817
864691128497904316
864691128476876637
864691128472668585
1008806316549342516
864691128479876657
1369094286737171512
1297036692699953009
1369094286741747284
1369094286739030637
864691128481853128
648518346363875488
576460752322747050
576460752317376319
576460752343846093
648518346369089342
1224979098660030493
1224979098661480667
648518346354989864
576460752334094441
864691128476878910
648518346354318493
1008806316568070095
576460752344016691
576460752326371841
1224979098676340076
1008806316553837525
864691128504421130
1224979098662684059
1369094286741699138
504403158285309616
576460752344046753
1008806316556620558
576460752318933177
1369094286754789388
1008806316548889881
1297036692721879756
1008806316547655156
1008806316573121608
1008806316553850932
504403158297750549
1224979098687225653
1297036692731789707
1224979098660296472
1224979098660971352
1369094286737299955
648518346356064030
504403158285420199
864691128501665848
1369094286744423994
1369094286737076875
1297036692707676028
504403158296308072
1224979098662701550
864691128478171807
1369094286750921999
648518346369113553
504403158287397210
1008806316556954275
1369094286765476251
648518346375814930
1369094286737077913
504403158284576782
1369094286743186396
1369094286739712325
1008806316552407115
1224979098661480187
864691128481827716
1008806316580534104
1369094286754960530
1369094286746517337
576460752321666421
1369094286741758040
648518346360149513
1369094286760435083
1369094286754737955
1224979098662829940
504403158283150686
1008806316570187603
504403158285434116
1369094286750900348
1008806316572960375
864691128524331255
648518346360274856
1224979098676363243
1369094286742980782
576460752318923981
648518346363662081
576460752347181699
576460752320441106
1008806316547708130
864691128500765902
1369094286737952313
648518346355481844
1008806316570111012
864691128511882439
1297036692709516414
504403158300612429
1297036692700402367
576460752322762411
576460752317899338
1008806316555620527
648518346354309976
1297036692700416677
1297036692706250048
504403158287414462
576460752321568519
1369094286737681209
1224979098666029132
576460752347305276
648518346355468977
1008806316547466108
1008806316548343834
1224979098660015459
1297036692719844020
864691128478046711
1369094286739677061
1008806316579878778
1008806316548340322
1369094286756375396
1297036692714722132
504403158281518023
1369094286738452475
504403158296227745
1224979098660114695
1369094286746508409
864691128474190321
1224979098663621609
1008806316555639323
1369094286737959207
1369094286737943745
1297036692700796694
648518346375707747
1224979098661970913
648518346356081659
1224979098681800204
1369094286737165933
1369094286737308194
1297036692704566773
504403158281229151
1008806316547466393
576460752324540587
576460752318252234
864691128497851961
1224979098663654146
1224979098678447878
1224979098662687976
504403158285472012
1224979098670423675
1369094286737964972
1224979098660112615
864691128478099204
1008806316548937704
576460752324427557
1369094286746928066
1224979098660628103
1369094286739080471
576460752318344201
576460752355290012
1369094286741615462
1297036692724900242
504403158293835790
1224979098661465347
576460752320397740
648518346368741817
504403158281710207
864691128475739498
1008806316553980624
504403158297595867
504403158282555816
1008806316555640965
864691128478077822
576460752343755734
576460752318933729
864691128483953035
1297036692704554025
1369094286739681281
1008806316551176405
864691128474917910
1224979098660309774
1008806316547715161
864691128478271179
1008806316573049168
504403158281245828
504403158283119970
504403158281341162
1297036692702736790
864691128490628925
1224979098660632908
648518346375713139
1369094286765743864
1224979098660620728
1008806316551196451
864691128489455648
648518346354638483
504403158285413318
1297036692709489083
648518346354163790
1008806316547465688
1369094286739700629
864691128500848775
576460752322926928
1297036692721774180
1369094286742975873
1369094286739014094
1369094286740425905
576460752317569004
1369094286751531565
1008806316562465789
1224979098661487570
1297036692701913824
504403158286737772
504403158284789242
576460752321611457
1008806316548910661
1224979098678457983
504403158283136875
1224979098674761571
864691128476931073
1008806316556878862
648518346354322620
1008806316570124399
1297036692701300070
648518346363637864
1224979098676346710
1369094286737168852
648518346358877370
1369094286737577899
1224979098676482762
1297036692700180250
504403158284584900
504403158290203577
576460752318915518
1369094286737967060
1369094286765972841
1224979098660298644
1008806316555573014
1008806316547506548
1297036692724591524
1297036692701379111
864691128472667970
1369094286760397612
504403158307070262
504403158281229436
1224979098676382244
1008806316573419525
1008806316555810249
864691128501028451
1297036692699953733
648518346355995772
1008806316562492231
1297036692699999508
1224979098660014371
1369094286751772700
864691128489847921
648518346354066428
576460752318334516
1008806316552523535
576460752317854803
1224979098661980200
1224979098687570912
648518346354064797
1008806316562621901
648518346356773300
1297036692700781759
1224979098676484673
1297036692706224378
504403158297595867
1008806316550218323
864691128479746989
1369094286740555714
576460752365890013
864691128498044042
1224979098662708249
864691128524045333
576460752318310973
504403158281234308
1297036692721791651
1369094286765903255
1224979098660127034
864691128497902519
864691128481947053
1008806316551174891
864691128500745895
576460752317923234
1008806316581240570
1369094286737159032
1369094286754879585
504403158306706403
648518346361696215
1224979098678461604
1224979098660113882
504403158282556721
648518346356894430
576460752343935168
1008806316550178679
864691128523781066
648518346363535591
576460752326347210
1008806316562323987
1297036692702681342
1008806316553748651
1008806316562317497
504403158282563041
1369094286739731059
1008806316549338999
1369094286737296177
1369094286741741393
648518346369097933
1008806316550033155
576460752320558975
576460752317373791
1008806316547466813
504403158281235940
504403158281449269
1297036692731117768
1224979098675161450
576460752328361092
576460752318252811
1224979098661459845
1008806316573503825
864691128474194573
648518346354607890
1369094286754767739
648518346358768246
1369094286756654400
648518346357848899
1297036692700418448
1008806316553813469
504403158281331673
576460752317375096
648518346375742711
1297036692700413289
1297036692712509344
1297036692714800478
1008806316548315029
504403158293611126
648518346363758538
864691128512943385
648518346375633338
1297036692699952436
1008806316573206190
648518346356812489
1297036692719749494
576460752321622425
1224979098664716649
1297036692699946939
576460752318260642
648518346369082856
576460752343965515
504403158281445215
1224979098661949915
1297036692699951262
1297036692701917530
864691128476032983
1369094286754870805
504403158282143930
576460752319601074
504403158283115716
1369094286754974490
576460752321640792
1008806316573121737
648518346378599077
576460752318863697
1008806316552507498
1369094286739080471
576460752343846093
1224979098670657004
1224979098660295688
576460752324499271
864691128477029653
1008806316572963310
1369094286759617131
1297036692721699696
1008806316547960984
1297036692721757955
504403158281229586
648518346357837068
1008806316551209421
576460752317374016
1297036692707650729
1297036692703668791
864691128474809114
648518346386351074
1369094286765480083
648518346354611803
1008806316553911269
1008806316555570376
1008806316555562745
1369094286737079592
504403158286711207
1369094286741741393
1297036692724913610
504403158297572817
1297036692706178896
504403158304541527
648518346358858702
504403158282567674
648518346354311015
504403158281707116
1369094286746931204
1008806316547467638
504403158299700301
1224979098660308978
1008806316548873717
648518346369002628
1008806316547498642
576460752334085211
504403158284586292
1297036692719959488
864691128524166837
864691128489492026
504403158300265746
1224979098660628378
1297036692702694797
1224979098669683380
1224979098670792205
1008806316549362239
648518346354627591
1297036692704714046
1369094286754748789
1008806316551261082
1369094286737685878
504403158287432657
504403158281333514
1224979098666012083
1369094286754737142
1224979098660620997
504403158293599756
1224979098666008357
1008806316547466813
1297036692700865315
1369094286739811409
1224979098667361122
1297036692699988207
864691128501038515
504403158306900267
576460752318259733
1224979098682066168
1297036692707622734
576460752317374781
576460752321629533
648518346361688364
1224979098661947361
576460752326370727
576460752347156967
504403158301139357
864691128500791291
648518346386747853
648518346356110060
1297036692724911344
864691128474955664
1369094286737292786
504403158297781576
1297036692702591064
864691128476930668
576460752347364107
1008806316551209421
1297036692700780495
1008806316551281673
864691128472670355
864691128474160548
576460752322921392
648518346357856530
1369094286754887479
648518346355000267
1224979098670516419
864691128474973864
648518346354989864
504403158287593708
864691128472669275
1008806316573054810
1369094286737296177
1224979098664806848
648518346355508692
504403158283760593
1008806316548336135
1369094286754875712
504403158289925557
576460752343681929
1224979098660627568
576460752326296330
648518346369097933
576460752343973311
1224979098674653335
864691128476896829
1297036692700167714
576460752322915548
1297036692702765779
1008806316547493780
864691128512735771
504403158281235940
576460752324571713
864691128472668930
1224979098661460861
1369094286739063560
504403158306907379
1224979098660312220
576460752344020401
1297036692699947989
504403158284599118
648518346357792046
1224979098662832118
504403158281712836
1224979098675179699
576460752347488046
648518346375536180
1297036692700409308
1008806316547707251
504403158286640322
1297036692701930740
1369094286759086049
1224979098687629591
1297036692714540116
504403158281236434
504403158300382937
576460752321681578
648518346356069727
1369094286743129567
504403158281238965
1369094286760291947
1297036692719808732
1008806316547472530
576460752318304256
1224979098661457186
576460752347218230
1297036692700418448
648518346354162177
864691128475755659
864691128481862203
1008806316547501787
864691128478052269
576460752321595357
1008806316568097921
864691128512029944
504403158306915303
576460752322731506
1369094286744013102
648518346373501008
1369094286737175395
648518346355620876
576460752318860487
1224979098678362766
864691128498076320
648518346368724021
1297036692701887526
864691128478082724
1224979098661983485
1008806316556988420
504403158281520894
648518346363969353
504403158293599756
504403158300463902
504403158296260250
1297036692700170585
1008806316547502753
576460752365205020
864691128474803998
576460752317374016
864691128475108657
1008806316570179357
1008806316570206080
1224979098661979258
1224979098661479247
1297036692699947509
1297036692700176744
1224979098674908391
1224979098669692374
648518346355503792
1224979098660955082
648518346355491073
576460752318908189
648518346375683511
864691128476875292
1224979098674443137
1224979098666019067
1224979098676483224
1369094286751001275
1224979098678372127
1369094286741747284
504403158283115983
864691128511878362
504403158281333339
1297036692701301097
1297036692699989757
648518346355482444
1297036692699991932
1008806316553668578
864691128478045859
1224979098661450481
1008806316579944704
1224979098661475028
1224979098686884768
1224979098678251382
1297036692707644278
648518346354980683
1369094286739082344
648518346356789675
504403158296287789
864691128478077822
1369094286743194393
1008806316547714317
1297036692701900804
864691128475705082
864691128504627657
1297036692702704414
1369094286737303633
1369094286737934765
576460752317850331
648518346355502351
1224979098674746654
1369094286740545752
504403158281703134
1224979098676356620
1297036692721677383
648518346357903362
504403158289752909
648518346354628697
1369094286738464624
504403158283774497
576460752324370010
576460752317375400
1297036692703631819
1297036692700403172
1369094286739678592
1297036692719769660
504403158281711227
504403158281229451
1224979098660109807
1369094286739080000
1369094286737068450
1369094286738434679
504403158307060735
1008806316547956696
576460752341107976
1369094286738462374
1008806316547709784
1224979098663653236
504403158283778440
504403158281518163
1297036692700786371
1008806316552429757
576460752326266161
1297036692700180568
1297036692700866351
648518346354065007
504403158281799392
648518346354994226
504403158283151391
648518346354997002
504403158282580263
504403158293640524
1297036692701885557
1224979098665996184
1224979098674791292
576460752317903120
1369094286746925773
1297036692706175532
1369094286746810852
1369094286751468119
1224979098661946044
648518346354976716
504403158287336828
864691128481996813
1008806316547711502
1008806316547704721
1224979098660969724
1297036692706242814
648518346378692757
648518346354637637
1224979098662703811
576460752324342627
576460752328309848
1297036692719788627
504403158287421245
1297036692731821913
1369094286766098594
1224979098660612413
1008806316570136992
576460752347750712
504403158297627291
1224979098687292856
504403158281511422
1008806316553746273
1224979098687007691
504403158286646068
576460752320535188
1297036692707492474
1297036692721610360
504403158300667280
576460752343998904
1297036692709704323
864691128476886415
504403158284874397
1369094286737299293
1297036692709388337
1297036692731117768
1008806316549430582
864691128478046660
1297036692702717279
1224979098674969589
504403158284623159
1369094286738449293
1297036692700401641
576460752317375659
1008806316553840045
576460752326399098
1369094286751474655
576460752341194483
504403158281331673
648518346355619784
1008806316547710478
576460752343994617
576460752319599951
1224979098660023589
576460752319599184
504403158281514590
1297036692719749494
1224979098665989496
1008806316547467323
1369094286754671513
648518346373618090
1369094286737168583
1008806316547467188
1224979098663642104
1297036692731419178
1224979098660015309
1369094286760454962
576460752326297301
648518346354611348
504403158282845171
1369094286751375720
576460752317574904
1297036692700176744
1008806316549338999
504403158286644818
1297036692724751196
1369094286754795900
576460752320475029
648518346356091166
864691128478058999
864691128473161990
1224979098661979629
504403158281248678
504403158282549837
576460752328062928
648518346354313837
648518346360146151
504403158281341914
648518346356769149
648518346375568260
576460752328191062
1369094286737580800
1369094286739077701
1369094286737066919
1008806316548910293
504403158281443859
504403158285440274
1008806316553783192
648518346356103666
648518346378999386
1224979098682087389
1369094286737952971
1008806316557038030
576460752318308665
1297036692706207380
1369094286760735204
1224979098670696968
1369094286737079592
504403158307203478
648518346355045249
648518346354635625
1224979098661970816
1224979098674755020
864691128473548103
1369094286737684895
504403158287450226
1369094286737667441
648518346363751927
1369094286750903812
648518346355493893
1369094286746773359
1369094286737579221
864691128513060417
1224979098676399490
1297036692699947704
576460752320516173
1224979098676380932
1369094286737393384
1224979098662702042
1008806316548891269
1224979098664820160
1008806316567911371
648518346356088120
504403158296253510
1297036692699951118
864691128476969451
1369094286756486550
1369094286740425087
1008806316553839823
1369094286746910564
1297036692724463909
1224979098670421640
864691128479668319
1297036692715026192
576460752318879744
1369094286737070917
576460752322876446
1369094286746492903
504403158297835245
864691128511879560
504403158283888477
1008806316551191950
648518346358758065
1224979098661946198
1297036692700000298
1369094286737064729
864691128478171997
864691128479826482
576460752365909090
576460752326427545
1369094286765443687
1224979098660016793
1008806316580011368
864691128500792774
1297036692700409022
1297036692700170697
1369094286751224783
864691128498095691
648518346375601934
576460752347107285
1224979098661483851
864691128475760184
1008806316549494516
1008806316547654528
1297036692699954360
1297036692724593568
576460752347882110
648518346355002044
1297036692699946714
648518346354652165
1297036692699952833
648518346375700168
1297036692700413017
504403158307058488
1224979098678476003
504403158297843399
504403158300280175
1297036692699953024
1224979098663628162
504403158296261406
864691128476890426
1224979098660015726
648518346355482354
1369094286739092034
1369094286743096157
648518346354316883
504403158285440923
1008806316549421697
648518346368992035
1224979098660613816
576460752320455434
1008806316567974648
864691128472668180
576460752365452656
1297036692731454768
864691128512942857
864691128504706688
504403158284577402
1224979098664713856
1297036692699984418
1008806316555631615
864691128473622906
1297036692700167396
864691128504600355
504403158297640200
576460752347719894
1369094286737157410
1369094286741622892
1224979098660031495
864691128513010486
864691128504706688
1369094286737300443
504403158286647631
648518346361688168
576460752319505905
576460752317375479
1224979098661489472
1008806316553752874
648518346369122458
1369094286751481097
576460752321582751
1297036692700180544
648518346357866384
504403158284577877
504403158282133424
1369094286737080800
648518346368894293
648518346375548021
1297036692706204433
576460752319516203
1369094286766009470
576460752354770266
864691128478049139
1008806316553771501
576460752340997640
1369094286765448477
1369094286760314019
1369094286737064669
1224979098663646624
576460752318921494
1008806316553915806
1224979098660299557
504403158283897023
1369094286737159673
1008806316552392319
504403158282130142
1297036692700407817
1297036692724488627
1008806316570128556
1297036692719823017
864691128478035956
1008806316551204069
1369094286737079083
576460752317582487
864691128500707047
648518346354609415
1369094286751227407
1224979098678465155
1369094286737160346
1297036692700413190
1224979098676492978
1008806316547717205
1008806316551274115
1224979098667216120
1224979098667343313
1008806316549356990
648518346356755596
1297036692701422421
1297036692699989279
1369094286743119755
648518346354985141
1008806316567965887
1297036692699985538
576460752334329708
1297036692699948244
1008806316557202068
1224979098666012437
504403158283883860
504403158283128347
1297036692731528445
864691128474148266
648518346373454745
504403158299761182
576460752328314574
504403158281445215
1224979098661449367
1008806316579996226
1369094286739025245
1008806316548899964
504403158293532117
1008806316550033155
648518346354166525
1369094286737662816
504403158283888529
1297036692706235840
864691128500764453
864691128478045859
576460752358043523
1369094286741722470
648518346368832552
1008806316553683211
1224979098678475515
648518346356795971
504403158282133342
504403158307660427
504403158282554311
1297036692700000298
1297036692724662041
864691128504429440
504403158284605138
864691128478104230
576460752347304302
864691128498149248
1297036692719920723
1369094286754733335
1224979098660306477
1008806316555538412
504403158281229331
1297036692701945479
648518346373636208
864691128473621277
576460752355290012
1369094286750795508
648518346354972641
1369094286743199964
1224979098660617100
864691128489942638
504403158300252259
1224979098669727567
1369094286737082260
1224979098660631958
1008806316570052658
576460752354720272
1224979098675408451
576460752322935034
1008806316548878623
1369094286751688791
864691128472668585
1369094286741699138
648518346354608376
1369094286754802471
504403158286739171
1008806316547947510
576460752326282008
864691128474184593
576460752326239793
1008806316573295112
1297036692715018579
504403158294055965
576460752320397740
648518346373755566
1008806316548865293
1297036692699954503
864691128478109452
576460752359105892
1224979098660013921
504403158281330021
1369094286737066704
576460752328077992
1297036692700178905
864691128478077822
864691128476032983
864691128498149248
576460752341107976
648518346356814640
1369094286738462374
1008806316553783192
1369094286744511488
1224979098682206980
576460752365205020
576460752347364107
864691128472669050
576460752347107285
1297036692707650729
1297036692703668791
648518346386354124
1224979098663653236
648518346354065187
504403158281229331
864691128475760184
1369094286740545752
1369094286765480083
576460752343998904
576460752318908189
1297036692701945479
1297036692700786371
1008806316555644080
1008806316555562745
864691128490191312
504403158286711207
504403158281703134
648518346354972641
864691128475125666
1008806316552429757
648518346354064782
648518346378900548
576460752343973311
504403158297572817
1008806316570052658
576460752354720272
576460752326266161
1008806316547467638
648518346375869561
1297036692700180568
1297036692700866351
1297036692704605402
504403158281799392
1297036692715018579
504403158294055965
576460752320397740
648518346373755566
